Date,Open,High,Low,Close
2020-04-01 00:00:00+05:30,211.91017865533388,219.83058384764956,203.51769633235037,213.80897521972656
2020-04-03 00:00:00+05:30,215.4769677799209,223.82749732128136,201.6293729664109,203.86387634277344
2020-04-07 00:00:00+05:30,204.56678513629674,213.99784102248103,204.56678513629674,207.99720764160156
2020-04-08 00:00:00+05:30,212.93825920895384,228.78954455743968,204.36742910010673,215.02587890625
2020-04-09 00:00:00+05:30,221.54051367745265,225.54791807625782,207.07397255686803,210.97647094726562
2020-04-13 00:00:00+05:30,222.19096656756014,222.19096656756014,202.23784523045833,209.21409606933594
2020-04-15 00:00:00+05:30,213.7985040430673,216.81980304003514,203.51771238643306,206.41311645507812
2020-04-16 00:00:00+05:30,201.41955510815697,209.32947144806565,194.3174227925929,195.8070831298828
2020-04-17 00:00:00+05:30,199.32147170526216,206.66489434703496,195.13571823826908,201.639892578125
2020-04-20 00:00:00+05:30,195.12522472998458,202.10147604425555,189.0091977787174,193.35231018066406
2020-04-21 00:00:00+05:30,188.83087167108894,190.56182132807393,183.58556968022535,184.39334106445312
2020-04-22 00:00:00+05:30,180.9104584051727,185.68368302531496,180.9104584051727,183.8058624267578
2020-04-23 00:00:00+05:30,198.90183952228224,200.41248896591242,188.52663024762208,197.35972595214844
2020-04-24 00:00:00+05:30,191.55841652989977,195.63926378057462,184.6346183420721,186.7747039794922
2020-04-27 00:00:00+05:30,194.96787616312315,194.96787616312315,183.00858755263295,184.76051330566406
2020-04-28 00:00:00+05:30,183.0085737856079,197.0135291311961,178.13044327197602,188.55810546875
2020-04-29 00:00:00+05:30,182.99809258213912,195.0203218005952,182.99809258213912,186.15576171875
2020-04-30 00:00:00+05:30,188.62101200523531,203.51766590108815,188.62101200523531,199.9613494873047
2020-05-04 00:00:00+05:30,194.19155131719828,217.7324672219648,189.0721446907325,192.46060180664062
2020-05-05 00:00:00+05:30,194.91538181571562,196.1008249437405,185.54726926808587,190.89747619628906
2020-05-06 00:00:00+05:30,188.84132894704194,193.4991589172376,183.12395070850062,185.23255920410156
2020-05-07 00:00:00+05:30,184.63461861260316,185.70465502992494,182.48404492989954,184.3199005126953
2020-05-08 00:00:00+05:30,179.4627537124858,190.92898876449917,179.4627537124858,183.73243713378906
2020-05-11 00:00:00+05:30,181.0678242144979,190.0897436133663,179.9243458225285,180.70065307617188
2020-05-12 00:00:00+05:30,178.55005638135424,183.57505759157698,178.55005638135424,179.27391052246094
2020-05-13 00:00:00+05:30,188.62104473532003,188.62104473532003,180.43837427405475,181.9070587158203
2020-05-14 00:00:00+05:30,179.5991291705827,182.52601006345864,171.20664649906016,174.40628051757812
2020-05-15 00:00:00+05:30,176.27360712882904,181.90705581099155,175.1930698987058,178.0465087890625
2020-05-18 00:00:00+05:30,178.34025403252446,180.4383746682012,169.9477714898174,174.8468780517578
2020-05-19 00:00:00+05:30,172.57040291890945,177.7107978994727,172.57040291890945,174.6580352783203
2020-05-20 00:00:00+05:30,172.67532075983985,176.87156184756378,172.67532075983985,174.70001220703125
2020-05-21 00:00:00+05:30,173.09494627594538,181.1622223938672,173.09494627594538,173.755859375
2020-05-22 00:00:00+05:30,172.26616345166786,177.29116409580186,170.15755512626663,175.35040283203125
2020-05-26 00:00:00+05:30,175.1930916903819,180.22858175094376,172.41308155278,177.228271484375
2020-05-27 00:00:00+05:30,177.07091188219798,180.85801745922765,174.15451877528125,178.40321350097656
2020-05-28 00:00:00+05:30,180.3649661490737,180.3649661490737,174.5636568070974,178.4346923828125
2020-05-29 00:00:00+05:30,179.39978326474292,181.27760359464273,176.03230256470516,177.20724487304688
2020-06-01 00:00:00+05:30,175.5602470385892,193.8558618397059,175.5602470385892,184.0156707763672
2020-06-02 00:00:00+05:30,188.79937444635735,191.97803223357297,183.7429089929525,188.537109375
2020-06-03 00:00:00+05:30,191.97804025914797,193.02710058843294,185.6836782834382,191.10731506347656
2020-06-04 00:00:00+05:30,196.17428164091302,207.71394526684907,191.97804032239083,201.293701171875
2020-06-05 00:00:00+05:30,204.81853781745502,212.38226010362834,198.48221097360573,209.96942138671875
2020-06-08 00:00:00+05:30,211.28072293042544,218.65562121168188,209.49732060181708,211.02894592285156
2020-06-09 00:00:00+05:30,211.86821986380215,213.8089814576139,209.3399870514244,209.86451721191406
2020-06-10 00:00:00+05:30,210.08479202671677,212.39272445502687,208.76297874259402,209.85400390625
2020-06-11 00:00:00+05:30,209.86451232133513,209.86451232133513,201.72380698142496,203.9582977294922
2020-06-12 00:00:00+05:30,203.24493107254582,206.26621684472718,196.13229760648863,202.982666015625
2020-06-15 00:00:00+05:30,208.7630217789204,232.8914112307554,206.65441291409485,214.42794799804688
2020-06-16 00:00:00+05:30,220.30266804637367,220.30266804637367,199.74108569537879,204.08419799804688
2020-06-17 00:00:00+05:30,203.5176888797305,216.10641190321903,199.32144787190103,209.9274444580078
2020-06-18 00:00:00+05:30,212.67599635584733,219.88303537975617,206.05641572349273,209.14065551757812
2020-06-19 00:00:00+05:30,213.3683383162203,213.3683383162203,205.61578154278737,209.51828002929688
2020-06-22 00:00:00+05:30,205.6263078125813,208.97281274656257,202.46863885585628,204.29400634765625
2020-06-23 00:00:00+05:30,204.14715940258083,213.158591045306,200.15024173085584,210.0848388671875
2020-06-24 00:00:00+05:30,212.18292339921135,224.87656521788222,207.94471743211597,210.53590393066406
2020-06-25 00:00:00+05:30,207.78741173799057,250.72546387451493,207.78741173799057,227.84544372558594
2020-06-26 00:00:00+05:30,226.8068427765988,227.81395093560025,210.09530663928842,212.51864624023438
2020-06-29 00:00:00+05:30,218.2045467636997,218.2045467636997,207.07401931929147,209.86451721191406
2020-06-30 00:00:00+05:30,212.95922645473644,237.08761171808098,202.479112207432,214.37545776367188
2020-07-01 00:00:00+05:30,212.62353247051334,218.62415186182275,208.14403760630464,209.60223388671875
2020-07-02 00:00:00+05:30,214.00829967319874,214.00829967319874,206.6753656673318,208.02865600585938
2020-07-03 00:00:00+05:30,211.48007483329428,212.32981114080775,204.5667646860549,206.29771423339844
2020-07-06 00:00:00+05:30,213.16909855708488,213.16909855708488,204.79759045004613,207.0216064453125
2020-07-07 00:00:00+05:30,206.49705627789285,210.87163312056856,205.19621879185382,208.57418823242188
2020-07-08 00:00:00+05:30,211.89973788374974,216.389709244612,205.8361629303802,207.0216064453125
2020-07-09 00:00:00+05:30,207.30482503426055,211.28076654887028,203.51771951579363,204.14715576171875
2020-07-10 00:00:00+05:30,206.65436775555327,206.65436775555327,200.15019462897274,201.7552490234375
2020-07-13 00:00:00+05:30,199.32145753451988,206.45506759365006,194.12860903559422,198.71299743652344
2020-07-14 00:00:00+05:30,203.09809559096152,203.09809559096152,195.33504854874502,198.70252990722656
2020-07-15 00:00:00+05:30,195.25110388686505,199.89844628040387,194.70559763654137,195.24061584472656
2020-07-16 00:00:00+05:30,196.97155529870275,199.74107699468533,190.4883704621491,195.23011779785156
2020-07-17 00:00:00+05:30,195.25111016804266,199.3214695098725,191.97804694898244,195.46092224121094
2020-07-20 00:00:00+05:30,195.4714419398609,200.23416621534355,194.70562267657994,197.5380859375
2020-07-21 00:00:00+05:30,198.28288474624694,200.0138342412856,197.01352434440096,199.4578399658203
2020-07-22 00:00:00+05:30,199.53125329273485,211.4275987158498,199.06966423602796,206.85369873046875
2020-07-23 00:00:00+05:30,209.79105256610742,212.0150549473975,205.19616401638274,207.2523193359375
2020-07-24 00:00:00+05:30,213.37886178569627,213.37886178569627,202.75187598541075,206.68585205078125
2020-07-27 00:00:00+05:30,202.4686414024087,207.36774796579127,202.4686414024087,205.73121643066406
2020-07-28 00:00:00+05:30,202.59450563130193,206.64388834656276,202.59450563130193,205.60531616210938
2020-07-29 00:00:00+05:30,205.55287063356405,210.37854784665456,204.59822835476538,209.79107666015625
2020-07-30 00:00:00+05:30,207.8817961716085,211.9101904724656,206.3082056482981,209.5498046875
2020-07-31 00:00:00+05:30,207.70349727868356,230.94017525509443,207.15797811852934,224.55140686035156
2020-08-03 00:00:00+05:30,224.7087057594809,230.7932552151531,209.0567319372541,210.36805725097656
2020-08-04 00:00:00+05:30,218.20452049477166,218.20452049477166,207.9237305868449,209.85400390625
2020-08-05 00:00:00+05:30,209.8225436930366,219.25359815575098,209.81205565143634,217.40724182128906
2020-08-06 00:00:00+05:30,218.95986332464253,229.2406543881758,211.38565298999606,213.2634735107422
2020-08-07 00:00:00+05:30,212.01508372610562,226.5865208487964,212.01508372610562,222.21194458007812
2020-08-10 00:00:00+05:30,226.1774062046162,230.19531237412244,217.396776401505,225.8941650390625
2020-08-11 00:00:00+05:30,220.93213710850992,235.4091717338539,220.93213710850992,225.45359802246094
2020-08-12 00:00:00+05:30,225.42212240684572,270.4477933541463,220.30270211160095,223.9639129638672
2020-08-13 00:00:00+05:30,223.97439348441637,230.3736618696854,222.61061497608034,227.67758178710938
2020-08-14 00:00:00+05:30,221.56155514808373,227.98179963512322,221.56155514808373,224.35206604003906
2020-08-17 00:00:00+05:30,233.94044672943818,233.94044672943818,221.56153519846342,224.0583038330078
2020-08-18 00:00:00+05:30,229.46098306970958,245.459153936518,224.72971048994282,240.35023498535156
2020-08-19 00:00:00+05:30,242.75254689265378,247.48381896316462,234.39154164883666,236.6365203857422
2020-08-20 00:00:00+05:30,242.12310729885377,254.92164243336856,231.8947697938112,235.67138671875
2020-08-21 00:00:00+05:30,242.96236099169457,242.96236099169457,233.6991535914514,234.79019165039062
2020-08-24 00:00:00+05:30,241.28384284933352,241.28384284933352,234.79017054085594,237.7275390625
2020-08-25 00:00:00+05:30,240.86423867787803,240.86423867787803,234.98950114914928,238.92347717285156
2020-08-26 00:00:00+05:30,239.19526786091686,247.79543560942204,238.54291713038708,239.89109802246094
2020-08-27 00:00:00+05:30,242.45705619946773,243.5443075725595,232.2695161424423,233.1936798095703
2020-08-28 00:00:00+05:30,233.19364891630133,233.8568562394925,228.822904284349,230.4537811279297
2020-08-31 00:00:00+05:30,230.95390768275283,232.4543197326213,215.9824631192012,222.56033325195312
2020-09-01 00:00:00+05:30,222.54947559433606,223.6693364919231,217.439394384616,221.864501953125
2020-09-02 00:00:00+05:30,219.62478368798796,225.82211669304505,217.450280879196,218.0373992919922
2020-09-03 00:00:00+05:30,217.66770357943997,226.03953833249537,217.55897845277693,219.624755859375
2020-09-04 00:00:00+05:30,220.7120022572877,222.01670374846378,215.27574604405402,216.8305206298828
2020-09-07 00:00:00+05:30,220.4945732290318,220.4945732290318,212.0140127202229,214.3950958251953
2020-09-08 00:00:00+05:30,219.51604995587053,219.51604995587053,210.32877594830686,214.16677856445312
2020-09-09 00:00:00+05:30,212.6663624297839,214.2211371572101,208.09990679478855,212.03575134277344
2020-09-10 00:00:00+05:30,215.13438428394628,216.78701403010473,212.01397872640638,212.29666137695312
2020-09-11 00:00:00+05:30,214.83000896920498,214.84087882889338,212.01402516009216,212.80772399902344
2020-09-14 00:00:00+05:30,214.62341709005275,217.3415454726522,213.31871546640502,215.69979858398438
2020-09-15 00:00:00+05:30,214.19939807931644,217.34155731523472,214.188528219616,214.6560516357422
2020-09-16 00:00:00+05:30,215.2322613564709,216.36300534536122,211.38338915972432,212.18795776367188
2020-09-17 00:00:00+05:30,213.19908554428082,213.8296832624684,212.01397910919735,212.77505493164062
2020-09-18 00:00:00+05:30,213.1012677220331,216.3412821013453,212.01401635610435,213.62315368652344
2020-09-21 00:00:00+05:30,215.27576217602729,223.95203305136002,203.02244506202402,212.97079467773438
2020-09-22 00:00:00+05:30,217.23282772417403,217.23282772417403,204.40326132204564,206.0885009765625
2020-09-23 00:00:00+05:30,205.49049950427198,216.79791323360757,200.1303451871945,213.51441955566406
2020-09-24 00:00:00+05:30,212.35105513508157,220.54893283805663,207.44755427902984,209.01319885253906
2020-09-25 00:00:00+05:30,211.470366070099,212.26406478373048,208.75223797151162,210.61143493652344
2020-09-28 00:00:00+05:30,211.6443138748499,217.2001647982796,211.01371614826147,212.54673767089844
2020-09-29 00:00:00+05:30,213.57962479042644,214.16674308297414,204.47932443621025,207.4801483154297
2020-09-30 00:00:00+05:30,208.49130107809273,212.01399785064865,202.71799948335098,209.13278198242188
2020-10-01 00:00:00+05:30,207.23011150100058,215.68893248391538,207.23011150100058,215.24314880371094
2020-10-05 00:00:00+05:30,212.44890849323193,214.18851060986023,208.34997631477083,209.62205505371094
2020-10-06 00:00:00+05:30,209.62206661778924,215.92812463844888,209.62206661778924,211.76394653320312
2020-10-07 00:00:00+05:30,209.68727436795376,213.10124596280022,206.6538407123266,208.4369354248047
2020-10-08 00:00:00+05:30,210.27439889042049,210.69842954674158,204.4032419410499,205.142578125
2020-10-09 00:00:00+05:30,205.4796153169509,205.4796153169509,201.14148019772395,202.0982666015625
2020-10-12 00:00:00+05:30,206.13198891876542,206.13198891876542,200.23907855794207,201.76123046875
2020-10-13 00:00:00+05:30,202.75064522882516,202.75064522882516,194.55276706498276,197.16217041015625
2020-10-14 00:00:00+05:30,197.4448452688416,203.34862541144054,197.4448452688416,202.15264892578125
2020-10-15 00:00:00+05:30,204.1640315606228,204.83812198229413,198.15152723605684,200.23904418945312
2020-10-16 00:00:00+05:30,201.23937294190037,207.44757604868326,196.2380162866386,203.74005126953125
2020-10-19 00:00:00+05:30,204.74028169680753,204.8381369644291,198.53207966934585,201.3915557861328
2020-10-20 00:00:00+05:30,201.79383881713468,203.96834139059519,198.88000005985344,199.40188598632812
2020-10-21 00:00:00+05:30,198.81476784518702,200.84793571676713,195.05288104358456,197.45570373535156
2020-10-22 00:00:00+05:30,197.44484473306545,199.84766755694758,195.05289176823754,195.5856475830078
2020-10-23 00:00:00+05:30,196.56419465395834,198.7495674402077,195.4878130511452,196.94473266601562
2020-10-26 00:00:00+05:30,197.91236879105563,197.91236879105563,195.27034269848443,195.48779296875
2020-10-27 00:00:00+05:30,195.2703260138769,196.46630239814897,193.56334684698714,195.07461547851562
2020-10-28 00:00:00+05:30,196.14012378589527,206.36028544657938,195.48777304159628,201.1414794921875
2020-10-29 00:00:00+05:30,197.44484331522654,199.6954482798541,186.33313993089027,197.59706115722656
2020-10-30 00:00:00+05:30,199.18441912040774,201.2936890952095,196.15098562894474,200.04335021972656
2020-11-02 00:00:00+05:30,201.56552607799597,201.56552607799597,194.96590256275198,197.85800170898438
2020-11-03 00:00:00+05:30,201.11973418317908,201.11973418317908,191.80198334796475,195.44427490234375
2020-11-04 00:00:00+05:30,195.7052472214437,197.30350143157423,194.61799584799124,195.19424438476562
2020-11-05 00:00:00+05:30,195.19425828889229,201.2502435615594,195.19425828889229,199.97816467285156
2020-11-06 00:00:00+05:30,198.01018780068156,200.9783889539632,196.80334159527717,197.60791015625
2020-11-09 00:00:00+05:30,197.21651736253455,200.27169088281772,195.48778512883075,198.4994659423828
2020-11-10 00:00:00+05:30,198.1080746649645,199.28231148418152,194.40055005052614,195.2486114501953
2020-11-11 00:00:00+05:30,195.28118771573568,202.22872562134242,195.24857814261085,197.73837280273438
2020-11-12 00:00:00+05:30,201.7938666909428,206.0885098667468,195.48780835685082,205.2730712890625
2020-11-13 00:00:00+05:30,205.27306295166284,211.79657130817753,204.04446356900786,211.15509033203125
2020-11-14 00:00:00+05:30,213.67751050625444,214.84086412765595,207.21923491196242,211.65521240234375
2020-11-17 00:00:00+05:30,211.65520867889563,217.23281324677887,208.75225296987762,216.35214233398438
2020-11-18 00:00:00+05:30,217.4176402015229,219.4073154172731,215.27576041932642,217.37416076660156
2020-11-19 00:00:00+05:30,216.36298373241485,220.059637725833,212.60109732294643,217.11318969726562
2020-11-20 00:00:00+05:30,217.4067858474949,217.45027855762874,214.8408752149372,215.87376403808594
2020-11-23 00:00:00+05:30,216.90663765171075,217.4502633099857,214.1558865119951,215.427978515625
2020-11-24 00:00:00+05:30,216.36302501782683,217.54813167862818,214.22114510413317,216.61309814453125
2020-11-25 00:00:00+05:30,217.67857524364484,217.67857524364484,205.76230391693304,209.95909118652344
2020-11-26 00:00:00+05:30,211.00286584712708,211.00286584712708,206.57775812662754,206.6756134033203
2020-11-27 00:00:00+05:30,210.49183824196638,223.99549321703375,203.33771983584904,220.8533477783203
2020-12-01 00:00:00+05:30,221.9406049550824,226.14826202134708,215.06916903039848,216.9501190185547
2020-12-02 00:00:00+05:30,216.7978854932608,219.4072883276832,215.27573383984773,216.91748046875
2020-12-03 00:00:00+05:30,218.00476661875445,218.52665257819555,214.4168371459028,217.10235595703125
2020-12-04 00:00:00+05:30,217.18929851375395,219.23333609230224,215.2974787586481,217.9286346435547
2020-12-07 00:00:00+05:30,219.00504696439577,219.02678668277215,217.00450180564835,218.4070587158203
2020-12-08 00:00:00+05:30,220.35322079999926,222.53860658164305,217.66771533522717,219.5051727294922
2020-12-09 00:00:00+05:30,217.34155676329667,221.79928754233376,217.34155676329667,220.7120361328125
2020-12-10 00:00:00+05:30,220.92946925318654,233.10668409391334,220.92946925318654,229.04037475585938
2020-12-11 00:00:00+05:30,230.1819688069294,235.93351720308644,225.41980310476976,227.48558044433594
2020-12-14 00:00:00+05:30,227.4855966236262,236.99904557456222,227.4855966236262,231.49754333496094
2020-12-15 00:00:00+05:30,232.0847140419001,236.7816351773189,228.39891555840742,230.94309997558594
2020-12-16 00:00:00+05:30,232.10641663714654,234.1939338585174,224.40867199813366,228.01834106445312
2020-12-17 00:00:00+05:30,229.159974249206,231.8563630533488,220.39673054390977,224.06077575683594
2020-12-18 00:00:00+05:30,222.26675565779496,228.3227391932682,219.6247300811437,227.4638214111328
2020-12-21 00:00:00+05:30,227.45296518963494,227.45296518963494,217.0153530203209,218.73321533203125
2020-12-22 00:00:00+05:30,215.49320588311633,218.25482681676706,208.96969813690694,215.78675842285156
2020-12-23 00:00:00+05:30,216.87400446453654,219.4073052201745,215.52582351397385,217.33065795898438
2020-12-24 00:00:00+05:30,218.40705676375515,222.70169960150355,212.01401350909788,213.85147094726562
2020-12-28 00:00:00+05:30,213.75357934685368,220.71198681287535,213.73183963236593,219.53775024414062
2020-12-29 00:00:00+05:30,219.84218807970964,220.05963831519898,215.41708109634547,217.4611053466797
2020-12-30 00:00:00+05:30,218.10260921099697,220.17925652463572,212.09010425640597,217.76556396484375
2020-12-31 00:00:00+05:30,218.63536488422457,222.88651477999656,217.45025832194787,220.02703857421875
2021-01-01 00:00:00+05:30,221.10343221931336,225.06102979378082,219.200742353907,222.8104248046875
2021-01-04 00:00:00+05:30,222.81041411408808,230.24720238493651,220.92946405711973,228.92076110839844
2021-01-05 00:00:00+05:30,229.1925921459357,233.32414741232353,226.37662167416593,230.6712646484375
2021-01-06 00:00:00+05:30,234.62883103316176,234.8462812936188,222.23416618710965,223.52798461914062
2021-01-07 00:00:00+05:30,224.6478563533804,227.56169512101255,223.10396482958325,224.84356689453125
2021-01-08 00:00:00+05:30,227.2137583611807,231.26921059741085,227.2137583611807,229.15992736816406
2021-01-11 00:00:00+05:30,233.7590015265559,236.80330480225058,229.40999684699204,230.3776397705078
2021-01-12 00:00:00+05:30,230.37769181635647,233.22631176039206,229.11649610089034,230.2689666748047
2021-01-13 00:00:00+05:30,231.42145087806128,238.4342221167904,228.0944511145566,236.2270965576172
2021-01-14 00:00:00+05:30,235.4986175511046,239.17353203503038,231.75848391959667,234.78102111816406
2021-01-15 00:00:00+05:30,234.84631097528563,235.82483727101598,230.67127606452596,232.20428466796875
2021-01-18 00:00:00+05:30,232.20426706661198,232.65005074078806,227.23553367266192,229.27957153320312
2021-01-19 00:00:00+05:30,229.257830659485,233.5415903679113,229.257830659485,230.10586547851562
2021-01-20 00:00:00+05:30,231.92159345672158,233.3350201956965,228.37714347821867,231.0735321044922
2021-01-21 00:00:00+05:30,232.22599711216355,238.1080373277664,227.43123475278117,228.5293426513672
2021-01-22 00:00:00+05:30,229.1273325407877,231.3018351806138,220.14665256483892,223.81068420410156
2021-01-25 00:00:00+05:30,224.8435603926061,224.91966267190267,219.97266944276168,224.0281219482422
2021-01-27 00:00:00+05:30,223.37579328592878,226.56144509916746,217.66772361081985,221.08169555664062
2021-01-28 00:00:00+05:30,220.16841253199536,223.75634221770196,215.2431582909533,217.67860412597656
2021-01-29 00:00:00+05:30,218.7658315910674,223.9737679765958,216.68918426085216,220.4728240966797
2021-02-01 00:00:00+05:30,218.7549479152634,230.27981097640549,218.7549479152634,226.5940399169922
2021-02-02 00:00:00+05:30,228.83377415646353,239.19528427979142,226.14826877362097,231.82371520996094
2021-02-03 00:00:00+05:30,234.84630917785768,236.99907232083294,229.63838543924217,232.36737060546875
2021-02-04 00:00:00+05:30,228.54025087585967,234.27006061038196,228.54025087585967,232.36737060546875
2021-02-05 00:00:00+05:30,240.71741868583885,248.9805279090203,232.21511950451438,245.82749938964844
2021-02-08 00:00:00+05:30,251.56820144432714,263.54970500147425,247.9041700128454,256.5804138183594
2021-02-09 00:00:00+05:30,265.07193993548174,267.46389345417765,258.7767637926053,261.54925537109375
2021-02-10 00:00:00+05:30,262.02751634571376,266.3765207663895,261.37516568261236,264.78912353515625
2021-02-11 00:00:00+05:30,265.3019909596112,294.2845614005771,265.3019909596112,276.861572265625
2021-02-12 00:00:00+05:30,283.8173668837707,289.3686213103909,271.5778006660897,274.1193542480469
2021-02-15 00:00:00+05:30,271.6335201737405,275.5573081149622,270.786326625372,273.260986328125
2021-02-16 00:00:00+05:30,274.21964355032,278.6784995430081,272.2466052164949,273.2832946777344
2021-02-17 00:00:00+05:30,278.67852383503055,278.67852383503055,271.39943534951965,272.8374328613281
2021-02-18 00:00:00+05:30,270.42966404141123,274.2085342812533,264.6219921923987,268.0776062011719
2021-02-19 00:00:00+05:30,267.81005989656205,268.64609546335674,266.24946017187864,267.6428527832031
2021-02-22 00:00:00+05:30,268.99169459972177,270.97586410478505,258.61369450752596,260.2188720703125
2021-02-23 00:00:00+05:30,261.52305693729227,265.0678256111404,252.5161625633806,256.5179748535156
2021-02-24 00:00:00+05:30,255.26953074322662,266.95174003852037,252.52732315154606,255.50363159179688
2021-02-25 00:00:00+05:30,264.18728025655173,267.5314230446093,257.1868692439437,266.0711364746094
2021-02-26 00:00:00+05:30,263.0725154427903,273.37246236492524,256.67406769035773,270.2958679199219
2021-03-01 00:00:00+05:30,277.5192193800878,277.5192193800878,257.4989442567568,259.83984375
2021-03-02 00:00:00+05:30,261.1441065003095,270.57460010715357,260.38609535402895,269.78314208984375
2021-03-03 00:00:00+05:30,267.5313921117071,271.1430550193349,263.8862823371252,268.8690490722656
2021-03-04 00:00:00+05:30,268.8690680572571,269.52673855675664,263.4849929678964,265.01214599609375
2021-03-05 00:00:00+05:30,265.30196067903455,271.73385571138033,262.1919191687192,264.0757751464844
2021-03-08 00:00:00+05:30,263.51844668286316,267.5314179521453,262.2699721753604,264.47711181640625
2021-03-09 00:00:00+05:30,265.98197844676577,270.9201408093424,265.98197844676577,268.9693908691406
2021-03-10 00:00:00+05:30,270.31814827950575,271.6335162584033,263.66331106170855,267.185791015625
2021-03-12 00:00:00+05:30,267.0855142924372,270.9201201393028,259.37169770322527,267.8658142089844
2021-03-15 00:00:00+05:30,269.2146059787186,269.2146059787186,258.84776512590344,261.768310546875
2021-03-16 00:00:00+05:30,263.07255420529214,264.59970723379763,254.6453038711399,258.9035339355469
2021-03-17 00:00:00+05:30,262.84960673815715,269.7608347355133,259.13760303212064,263.18402099609375
2021-03-18 00:00:00+05:30,267.08552955928286,267.08552955928286,258.312734010439,263.52960205078125
2021-03-19 00:00:00+05:30,260.07397089538097,264.8560837437629,255.53706250393526,261.5899658203125
2021-03-22 00:00:00+05:30,257.7218895068363,270.88667338179766,257.7218895068363,268.6126403808594
2021-03-23 00:00:00+05:30,269.8611171283067,273.10494594355663,260.73161982121593,261.66796875
2021-03-24 00:00:00+05:30,260.8430506143876,270.2958298573693,260.0739089151205,267.0185546875
2021-03-25 00:00:00+05:30,270.8754850924859,270.8754850924859,262.37021236042887,267.1300354003906
2021-03-26 00:00:00+05:30,267.08546514014574,273.1049205314512,267.08546514014574,269.1588439941406
2021-03-30 00:00:00+05:30,271.3214184676619,276.4491034510277,265.5249050082048,272.81512451171875
2021-03-31 00:00:00+05:30,271.99024195903445,280.89679678320647,269.2926392645119,276.3153381347656
2021-04-01 00:00:00+05:30,276.6720017116609,300.526880183174,275.1782959082016,291.8209533691406
2021-04-05 00:00:00+05:30,291.60919382839137,302.7563342652565,284.70912478385117,292.7573547363281
2021-04-06 00:00:00+05:30,294.22875668653546,294.28449238585097,287.5962084679907,290.7508544921875
2021-04-07 00:00:00+05:30,290.4611046474916,290.6506006387732,279.21364805510495,282.4463195800781
2021-04-08 00:00:00+05:30,286.4815161523991,289.6027155501684,283.36031675462976,286.35888671875
2021-04-09 00:00:00+05:30,284.8094477773458,289.8368191699802,272.55875090951497,278.1657409667969
2021-04-12 00:00:00+05:30,275.32322958124405,275.32322958124405,259.7283899301183,262.7938537597656
2021-04-13 00:00:00+05:30,258.62480650591056,267.531360496563,258.61364848001097,264.98980712890625
2021-04-15 00:00:00+05:30,259.7507113586798,263.97549473186785,253.06242580031687,255.5259552001953
2021-04-16 00:00:00+05:30,256.6072051489234,269.5378896829265,251.9254055762671,264.83380126953125
2021-04-19 00:00:00+05:30,261.95783608738896,263.0725502835055,247.7786769557269,250.19760131835938
2021-04-20 00:00:00+05:30,251.5241525922836,256.10563977623116,243.23068813568503,246.20697021484375
2021-04-22 00:00:00+05:30,247.44427050818894,254.1548447377089,236.65383130620876,238.4485321044922
2021-04-23 00:00:00+05:30,238.32592657803673,247.68952706099046,237.65709797211144,244.1781768798828
2021-04-26 00:00:00+05:30,245.22591886696523,251.47947521360794,241.99324830792506,247.5668182373047
2021-04-27 00:00:00+05:30,248.87108363198058,252.67224242662292,245.73872609010962,250.73265075683594
2021-04-28 00:00:00+05:30,251.9922286299356,255.8268334612992,244.0443132846915,247.65597534179688
2021-04-29 00:00:00+05:30,248.90452940514396,249.7294342637492,244.07783856344332,245.31515502929688
2021-04-30 00:00:00+05:30,240.78942978269828,257.92258191785174,240.78942978269828,251.33460998535156
2021-05-03 00:00:00+05:30,252.99546560128354,254.15475711628744,240.77819095227233,252.57186889648438
2021-05-04 00:00:00+05:30,252.57191430974328,256.3842309090159,249.38382124821266,252.04800415039062
2021-05-05 00:00:00+05:30,253.31883906655045,289.60279159291446,247.52232437723885,263.3289794921875
2021-05-06 00:00:00+05:30,263.5184422114816,270.7306377884577,255.48134178099488,259.8175964355469
2021-05-07 00:00:00+05:30,261.1217660566541,269.76079993899805,261.1217660566541,266.24945068359375
2021-05-10 00:00:00+05:30,273.7737871671749,273.7737871671749,261.3335667341219,264.0088806152344
2021-05-11 00:00:00+05:30,262.77160299350584,273.7738275078215,252.67228071828842,263.03912353515625
2021-05-12 00:00:00+05:30,269.76081134359606,269.76081134359606,257.4989562825235,258.3684387207031
2021-05-14 00:00:00+05:30,259.6615085477148,269.7608298400021,259.6615085477148,265.168212890625
2021-05-17 00:00:00+05:30,271.32139258893653,271.32139258893653,258.39070995117294,260.4752197265625
2021-05-18 00:00:00+05:30,262.62665578504084,269.27036305665496,237.4341157988697,241.46937561035156
2021-05-19 00:00:00+05:30,247.46655376624236,261.2221161843048,243.40900494172183,246.7754364013672
2021-05-20 00:00:00+05:30,247.86787163577196,251.0670960918787,244.122420868079,245.3708953857422
2021-05-21 00:00:00+05:30,246.8868445368957,251.91418798915916,246.47440582928047,249.14971923828125
2021-05-24 00:00:00+05:30,256.00524542134673,267.97726370428586,251.69128017814157,266.929443359375
2021-05-25 00:00:00+05:30,270.87552377871623,271.9902378683406,263.0725251513458,264.84490966796875
2021-05-26 00:00:00+05:30,264.84496017500896,265.90393876210373,254.8236894840677,260.0405578613281
2021-05-27 00:00:00+05:30,260.8431153064618,263.0725436424145,256.3842586345565,259.9736328125
2021-05-28 00:00:00+05:30,263.0279636229249,269.2369160404074,261.7237262862278,264.15380859375
2021-05-31 00:00:00+05:30,266.86254882065964,268.9805055573316,263.09480981458773,264.3321533203125
2021-06-01 00:00:00+05:30,265.2796771068613,266.86256574646075,262.18076634740004,263.4069519042969
2021-06-02 00:00:00+05:30,264.7334654943937,266.17146314676785,261.9578380115564,262.849609375
2021-06-03 00:00:00+05:30,262.84956930075543,266.1825533775957,260.1854136445278,261.4561767578125
2021-06-04 00:00:00+05:30,264.1649255994336,266.61729636635187,260.843072481305,262.9610290527344
2021-06-07 00:00:00+05:30,264.8560419374184,267.5313554923418,261.032567538901,263.16168212890625
2021-06-08 00:00:00+05:30,264.4882343431331,266.4501422325269,261.51195285460807,262.6155090332031
2021-06-09 00:00:00+05:30,265.2796828472824,266.63962868778316,254.16598804767585,256.12786865234375
2021-06-10 00:00:00+05:30,258.34617443263176,264.4993913869042,256.1613237100593,261.53424072265625
2021-06-11 00:00:00+05:30,263.88628103432666,267.7543336165719,261.11062652605074,265.22393798828125
2021-06-14 00:00:00+05:30,266.4166632914268,267.53137736377585,263.373488430974,264.0646057128906
2021-06-15 00:00:00+05:30,265.25737820873246,265.25737820873246,256.46226762803286,258.16778564453125
2021-06-16 00:00:00+05:30,258.1677860416929,258.61367168252485,252.15948791736244,254.12136840820312
2021-06-17 00:00:00+05:30,254.1213683003231,254.81248560037926,251.1562451188693,252.34898376464844
2021-06-18 00:00:00+05:30,253.61973996022712,260.84309258237107,245.4711964310246,251.11163330078125
2021-06-21 00:00:00+05:30,251.07817039079293,254.15479191565075,246.51900101818492,250.55426025390625
2021-06-22 00:00:00+05:30,253.2407398281744,259.05954164595727,251.94766066213464,257.67730712890625
2021-06-23 00:00:00+05:30,259.72838700944124,259.72838700944124,253.04010236542132,254.22171020507812
2021-06-24 00:00:00+05:30,255.5036513311803,255.7488830109569,252.37129355968676,254.76792907714844
2021-06-25 00:00:00+05:30,255.71540958913675,255.94951043148427,247.68946822452565,250.97787475585938
2021-06-28 00:00:00+05:30,255.04658771005336,255.04658771005336,248.0907825674773,250.63230895996094
2021-06-29 00:00:00+05:30,251.9254142470335,254.41123240577443,249.8186152527071,251.8585205078125
2021-06-30 00:00:00+05:30,251.47958825185265,264.18733340287713,250.2199554386777,259.58355712890625
2021-07-01 00:00:00+05:30,260.82082667843696,260.88769319974915,254.52269162424193,255.6708526611328
2021-07-02 00:00:00+05:30,251.92542869478154,261.93556842833806,251.92542869478154,256.4288635253906
2021-07-05 00:00:00+05:30,263.072535576512,271.3883139005311,259.69494630816155,268.8690490722656
2021-07-06 00:00:00+05:30,271.38832641641176,276.44911793137146,267.53140444971433,269.96148681640625
2021-07-07 00:00:00+05:30,271.29915890245286,271.29915890245286,263.5853417554526,269.4375915527344
2021-07-08 00:00:00+05:30,269.4375634016751,276.44910439748935,267.8323587247404,274.1639404296875
2021-07-09 00:00:00+05:30,276.44906538204765,280.90792127530653,266.4277976478271,270.1063537597656
2021-07-12 00:00:00+05:30,271.4663484921288,275.81373377481196,269.5267294987261,272.8597412109375
2021-07-13 00:00:00+05:30,274.2197264637176,284.0069237698759,271.1765508856304,275.50164794921875
2021-07-14 00:00:00+05:30,277.5638330328924,287.59626073287643,274.10821904734235,283.7950744628906
2021-07-15 00:00:00+05:30,286.48154120688895,291.60922638024186,282.2456273680322,286.01336669921875
2021-07-16 00:00:00+05:30,287.45132513904326,321.0376670710482,286.0356436473297,309.6452941894531
2021-07-19 00:00:00+05:30,305.43164229677626,315.4975153672337,302.756328641622,309.0767517089844
2021-07-20 00:00:00+05:30,309.890522278593,331.7389188133427,303.54780988474204,308.6308898925781
2021-07-22 00:00:00+05:30,311.00523695030824,314.05954272838466,305.6657672448191,309.9462585449219
2021-07-23 00:00:00+05:30,310.1134570165679,312.1199423603128,290.6282494577057,294.1507568359375
2021-07-26 00:00:00+05:30,290.048598242703,298.743367905628,290.048598242703,293.53765869140625
2021-07-27 00:00:00+05:30,295.0090987287766,305.6546188227113,287.62969652545,290.4610595703125
2021-07-28 00:00:00+05:30,291.8321400774189,291.8321400774189,281.74397786313074,289.69189453125
2021-07-29 00:00:00+05:30,289.8256404147547,291.49771141714746,284.2520704067786,289.0007629394531
2021-07-30 00:00:00+05:30,289.15684529601594,323.26709767095076,289.15684529601594,314.63922119140625
2021-08-02 00:00:00+05:30,323.02189926903753,325.49655944930737,315.3415017943056,319.3656311035156
2021-08-03 00:00:00+05:30,325.49646924115814,333.7453523657628,299.6796836031387,308.50823974609375
2021-08-04 00:00:00+05:30,323.2671089462965,365.8380321661368,323.2671089462965,354.3899230957031
2021-08-05 00:00:00+05:30,346.6761207891108,352.24969186289076,336.86663569925815,342.3287353515625
2021-08-06 00:00:00+05:30,346.23023369310187,367.63274652924986,341.78253488022085,362.9397888183594
2021-08-09 00:00:00+05:30,370.40832084797245,374.26524234746984,355.6160708450419,359.5064392089844
2021-08-10 00:00:00+05:30,357.78588347493377,365.5341127985948,351.94052255382616,357.8770446777344
2021-08-11 00:00:00+05:30,376.01694896387477,376.01694896387477,351.8379252638955,356.1222229003906
2021-08-12 00:00:00+05:30,352.7153419925638,359.21018111179376,345.25197423274705,348.6589050292969
2021-08-13 00:00:00+05:30,351.84937454213264,369.3968357271152,346.63073626269306,353.068603515625
2021-08-16 00:00:00+05:30,355.803215707462,355.803215707462,339.5547139078322,342.6654052734375
2021-08-17 00:00:00+05:30,352.0886791615992,364.62258036152673,342.2894473143832,357.512451171875
2021-08-18 00:00:00+05:30,358.46955214209805,368.37132235009426,352.4532743746159,361.50048828125
2021-08-20 00:00:00+05:30,353.6839142226045,360.0648095822907,340.5461008915515,343.8960876464844
2021-08-23 00:00:00+05:30,343.65676370777004,349.7186082200837,336.3985014172961,339.01922607421875
2021-08-24 00:00:00+05:30,345.93568265114067,357.9568336787083,338.46090842034477,348.9779968261719
2021-08-25 00:00:00+05:30,353.2052677101539,353.22805105297556,339.5547071412475,341.4461975097656
2021-08-26 00:00:00+05:30,341.8336303039886,348.67030291006836,340.29537896762065,342.0045471191406
2021-08-27 00:00:00+05:30,343.7251615437296,346.55096430064356,341.4804315175345,342.6768493652344
2021-08-30 00:00:00+05:30,342.9730872160694,355.5069874133344,340.69419627111216,353.342041015625
2021-08-31 00:00:00+05:30,357.55797875278824,371.4592131083778,355.74627163220254,369.62469482421875
2021-09-01 00:00:00+05:30,373.6812021561484,378.295957053945,360.06482659351394,364.804931640625
2021-09-02 00:00:00+05:30,371.4592251011414,376.0170070042229,360.5319541159007,364.8618469238281
2021-09-03 00:00:00+05:30,365.0783656386706,365.7620329900539,355.74631741968716,360.3952331542969
2021-09-06 00:00:00+05:30,361.204196699522,368.9524255246222,360.5205294502485,365.3859558105469
2021-09-07 00:00:00+05:30,373.2823318429893,373.2823318429893,357.8656292407204,362.0360107421875
2021-09-08 00:00:00+05:30,355.689337788892,365.76202543035475,355.689337788892,364.6567687988281
2021-09-09 00:00:00+05:30,366.4456894802396,386.27204208271525,366.4456894802396,381.65728759765625
2021-09-13 00:00:00+05:30,390.60193237628744,393.1087125724013,383.08159178794585,385.3262939453125
2021-09-14 00:00:00+05:30,389.69035590266895,390.82980138776446,376.3702493092996,379.4581298828125
2021-09-15 00:00:00+05:30,380.5748224361517,383.9931591646201,376.2449292467584,377.9996643066406
2021-09-16 00:00:00+05:30,381.71425153445136,385.1325881153569,371.5389974149237,380.0848388671875
2021-09-17 00:00:00+05:30,384.90464138394765,389.69031188072853,360.11029930180115,376.9740905761719
2021-09-20 00:00:00+05:30,369.18028892535784,376.0169609424941,356.41850116003684,362.0245666503906
2021-09-21 00:00:00+05:30,358.9253204449555,361.20421136841554,349.0919005465269,351.5758972167969
2021-09-22 00:00:00+05:30,351.57589495650467,364.62254540943604,351.57589495650467,362.38922119140625
2021-09-23 00:00:00+05:30,365.00994307815773,367.76742331252785,360.0761665513132,363.5400695800781
2021-09-24 00:00:00+05:30,368.92964300274036,376.50695503241985,363.9388665082155,373.98876953125
2021-09-27 00:00:00+05:30,381.47493062548415,381.9648977321013,360.0989506999422,366.5596008300781
2021-09-28 00:00:00+05:30,368.04089927460245,370.0463344971186,359.41530233827416,362.366455078125
2021-09-29 00:00:00+05:30,357.80862419665885,369.1688888027295,355.1423331979507,360.9762878417969
2021-09-30 00:00:00+05:30,362.34367254126164,364.58837463450084,354.60684864804546,358.2416687011719
2021-10-01 00:00:00+05:30,364.62255859375,375.0940515709668,357.22756845466796,364.62255859375
2021-10-04 00:00:00+05:30,371.231366053347,375.9942540912726,362.4234462490329,365.215087890625
2021-10-05 00:00:00+05:30,370.3197760355817,370.3197760355817,365.43156611930914,368.7815246582031
2021-10-06 00:00:00+05:30,368.78156203707516,368.78156203707516,355.5184266107532,357.4212951660156
2021-10-07 00:00:00+05:30,359.21021344834685,368.0409165545314,358.5607350416555,364.6567687988281
2021-10-08 00:00:00+05:30,368.2688200931104,369.1803765784894,358.24169875394153,359.0962829589844
2021-10-11 00:00:00+05:30,359.09621363105265,361.4206710926055,351.4847128839325,359.93939208984375
2021-10-12 00:00:00+05:30,361.73978916064345,372.64427799172785,361.73978916064345,370.1603088378906
2021-10-13 00:00:00+05:30,370.31975898369507,376.7462199814309,370.31975898369507,375.7435302734375
2021-10-14 00:00:00+05:30,381.25841756729,381.25841756729,368.72451860363134,375.86883544921875
2021-10-18 00:00:00+05:30,377.74897488627,398.3501555420762,375.8005397296064,388.083740234375
2021-10-19 00:00:00+05:30,381.94211624909065,389.69034533767604,376.47277806891276,377.4299011230469
2021-10-20 00:00:00+05:30,370.59321525141024,385.1325498586789,369.1803140657159,377.3045654296875
2021-10-21 00:00:00+05:30,377.30460819367545,406.8732200326749,376.15375706791957,402.53192138671875
2021-10-22 00:00:00+05:30,406.0983385171517,406.55411667485896,338.66595452066724,358.5834655761719
2021-10-25 00:00:00+05:30,353.45588283981965,367.676163767285,350.4933254723679,360.4634704589844
2021-10-26 00:00:00+05:30,364.39464407433485,365.81895084448155,353.63829047358354,356.532470703125
2021-10-27 00:00:00+05:30,360.04198085371934,366.6735478458406,353.5129528252705,358.2644348144531
2021-10-28 00:00:00+05:30,375.7891128745649,393.56446205844367,353.228092756565,379.24163818359375
2021-10-29 00:00:00+05:30,375.89164688553893,375.89164688553893,362.36643501126247,371.4364318847656
2021-11-01 00:00:00+05:30,374.87755393261716,382.0560602845183,361.43209759096095,363.0387268066406
2021-11-02 00:00:00+05:30,367.5850713407062,371.00340740401094,357.33006315079183,359.1645812988281
2021-11-03 00:00:00+05:30,359.15308640436456,373.92544985544384,356.61408643621036,370.7170715332031
2021-11-04 00:00:00+05:30,373.64848586938285,373.69463823555867,367.07016765461236,369.9669189453125
2021-11-08 00:00:00+05:30,373.4176591872327,378.99189563835387,364.6927207989652,374.4678649902344
2021-11-09 00:00:00+05:30,377.38767154755817,377.38767154755817,364.71574960167004,366.6777038574219
2021-11-10 00:00:00+05:30,368.5127948048617,380.15756129230294,362.8808252986549,366.7931823730469
2021-11-11 00:00:00+05:30,361.4612541822153,369.56296631315917,361.4612541822153,368.5704650878906
2021-11-12 00:00:00+05:30,370.41699181226295,410.16386741205054,359.4300249333216,363.88482666015625
2021-11-15 00:00:00+05:30,376.4528699250524,376.4528699250524,364.1272026189661,366.2391662597656
2021-11-16 00:00:00+05:30,371.1555959557629,371.1555959557629,362.38450600158444,365.0158386230469
2021-11-17 00:00:00+05:30,366.85085441847775,368.1549827197475,348.4777336433472,355.5869445800781
2021-11-18 00:00:00+05:30,355.4600107957034,355.4600107957034,349.41258551881924,352.9671630859375
2021-11-22 00:00:00+05:30,354.73289410950787,355.71387131867925,347.61215929696704,352.5054931640625
2021-11-23 00:00:00+05:30,352.88634821754715,353.80962088354516,345.4193861664976,351.4783630371094
2021-11-24 00:00:00+05:30,353.24416351091577,360.0648241178501,346.2272849016983,346.8389587402344
2021-11-25 00:00:00+05:30,343.688242093483,350.3011880483551,341.1376901413101,344.75
2021-11-26 00:00:00+05:30,350.151189224902,359.38391669292844,340.45682538347427,353.071044921875
2021-11-29 00:00:00+05:30,359.8454846641256,359.8454846641256,331.2586633104618,333.9015197753906
2021-11-30 00:00:00+05:30,333.0706135794621,348.0737943713297,330.8778410021891,343.9190673828125
2021-12-01 00:00:00+05:30,343.91905285079025,345.4309230448139,334.0515766700042,339.8566589355469
2021-12-02 00:00:00+05:30,338.9565073804257,354.77910535900173,338.9565073804257,351.1552429199219
2021-12-03 00:00:00+05:30,358.9107557244525,362.0152774798084,342.77658577489655,344.8885498046875
2021-12-06 00:00:00+05:30,348.7661969200155,357.07564965934085,343.5035322480262,344.98077392578125
2021-12-07 00:00:00+05:30,346.7119373304698,350.35887536931665,341.9917174354202,345.0846862792969
2021-12-08 00:00:00+05:30,350.8435996125996,356.96028079005606,345.07314567160284,348.11993408203125
2021-12-09 00:00:00+05:30,349.86262974625583,349.86262974625583,342.0725167632862,344.2652893066406
2021-12-10 00:00:00+05:30,344.26532964215073,348.24694341105925,335.29804861520984,339.3604431152344
2021-12-13 00:00:00+05:30,335.84037831790084,345.65014881859554,335.14792392961647,336.4751281738281
2021-12-14 00:00:00+05:30,340.918433664927,343.91906984478084,326.60770726870123,340.0874938964844
2021-12-15 00:00:00+05:30,337.0060798401868,358.6683594248487,337.0060798401868,355.82928466796875
2021-12-16 00:00:00+05:30,357.76817129014205,371.5711094271095,323.3993393935765,329.5968017578125
2021-12-17 00:00:00+05:30,306.9881632868727,320.76799663918086,298.90952741090234,311.41986083984375
2021-12-20 00:00:00+05:30,310.68127956164255,317.60582516851423,302.60264302029225,316.30169677734375
2021-12-21 00:00:00+05:30,318.5059939025552,321.2873359059947,306.53807759294085,319.7870178222656
2021-12-22 00:00:00+05:30,322.21060538101335,329.608338821766,318.1597635007009,327.5309753417969
2021-12-23 00:00:00+05:30,323.75711731126376,331.6741637717561,323.75711731126376,327.05780029296875
2021-12-24 00:00:00+05:30,326.5384789374108,326.5384789374108,319.2331058360088,324.8073425292969
2021-12-27 00:00:00+05:30,322.22217444921256,328.0618855860819,321.2296450196737,326.08837890625
2021-12-28 00:00:00+05:30,327.7271371709169,333.27832482228087,326.6423031610659,329.9891662597656
2021-12-29 00:00:00+05:30,327.88878764852734,332.1358197593076,325.10741721767283,328.07342529296875
2021-12-30 00:00:00+05:30,329.3659438075534,330.2661402166533,324.0571264230667,327.10394287109375
2021-12-31 00:00:00+05:30,328.742788251327,335.7019619158694,324.5303565254455,327.6810302734375
2022-01-03 00:00:00+05:30,325.4536311380078,339.25656945952795,322.92618335809954,334.51324462890625
2022-01-04 00:00:00+05:30,335.9904715945244,344.03447910717506,333.99388880783783,339.52197265625
2022-01-05 00:00:00+05:30,341.23003153593123,355.4138248031554,340.0874928797441,349.4817810058594
2022-01-06 00:00:00+05:30,349.45868806966143,355.4599601236979,342.76496154785156,346.22723388671875
2022-01-07 00:00:00+05:30,346.4580476145697,352.85169918154287,345.6732602592479,350.8666687011719
2022-01-10 00:00:00+05:30,352.63246714869075,359.09537605405046,350.8436262909572,354.8367919921875
2022-01-11 00:00:00+05:30,355.4599405768902,368.15493845463624,354.5828203621924,363.37701416015625
2022-01-12 00:00:00+05:30,368.8473644924109,373.4521748250132,357.9412080642092,363.3538818359375
2022-01-13 00:00:00+05:30,368.6165654159757,370.4515583378299,358.22974923330884,366.12371826171875
2022-01-14 00:00:00+05:30,369.3091059080837,379.6959245117486,361.6805534187504,377.6185607910156
2022-01-17 00:00:00+05:30,380.89616054854235,384.64695608366424,371.2249010634359,377.0992126464844
2022-01-18 00:00:00+05:30,372.5404544923959,378.9225812965723,351.08592100130767,355.55224609375
2022-01-19 00:00:00+05:30,355.4600228800071,371.61729664728017,354.0751136999551,368.2588806152344
2022-01-20 00:00:00+05:30,364.69268635082113,379.6958664855068,362.1536866357205,376.4067077636719
2022-01-21 00:00:00+05:30,376.2336075986842,380.96537996418914,365.9044947520332,375.93353271484375
2022-01-24 00:00:00+05:30,375.9335243989343,376.34900835566947,348.8700952485496,352.2515869140625
2022-01-25 00:00:00+05:30,346.5850250641946,360.9765319394194,336.7637009257899,349.5048522949219
2022-01-27 00:00:00+05:30,351.2591103271718,355.4138374812141,343.28433110274415,351.5707092285156
2022-01-28 00:00:00+05:30,353.33649473665696,365.15437473451,348.3854276805505,351.61688232421875
2022-01-31 00:00:00+05:30,353.3826053801813,371.36334580253344,352.07847713204086,369.5860290527344
2022-02-01 00:00:00+05:30,371.4441327016962,375.2295562497889,367.46251934820594,370.5093078613281
2022-02-02 00:00:00+05:30,367.25479375027174,377.8493536509538,359.94939285357634,374.5717468261719
2022-02-03 00:00:00+05:30,386.6319590853234,389.3902247477663,375.28724121161264,378.2648010253906
2022-02-04 00:00:00+05:30,381.5424339605133,387.98226652100885,377.1568887425763,382.58111572265625
2022-02-07 00:00:00+05:30,389.15944870065135,393.52191790670435,383.3889942418635,387.91302490234375
2022-02-08 00:00:00+05:30,390.08268719627745,390.60202805201214,378.04551461592894,387.7745056152344
2022-02-09 00:00:00+05:30,389.71339054830264,391.23678478304527,382.3387333631367,389.72491455078125
2022-02-10 00:00:00+05:30,391.2367860489444,391.2367860489444,378.541787091604,386.2972717285156
2022-02-11 00:00:00+05:30,372.39047534154156,386.2049366765861,367.00087690397834,371.5018310546875
2022-02-14 00:00:00+05:30,369.30908882573914,376.1297773304085,347.3698094972661,356.06011962890625
2022-02-15 00:00:00+05:30,367.9241660967832,372.51745335390336,349.15863744639694,363.8502197265625
2022-02-16 00:00:00+05:30,361.5189244980002,384.3122166251686,360.07631107223006,374.3177795410156
2022-02-17 00:00:00+05:30,382.92730599747813,382.92730599747813,362.3844909078003,365.9737243652344
2022-02-18 00:00:00+05:30,365.200461054043,374.5370720094253,360.0763094590811,370.1053466796875
2022-02-21 00:00:00+05:30,362.70767468593306,362.70767468593306,342.99579751137566,349.3202209472656
2022-02-22 00:00:00+05:30,349.3201628433144,350.84355686290564,334.9748104587446,346.19256591796875
2022-02-23 00:00:00+05:30,346.9197411099924,351.73229475764583,343.15739332587174,346.11187744140625
2022-02-24 00:00:00+05:30,334.68635759450365,347.60062336367963,334.67480541520223,340.5606689453125
2022-02-25 00:00:00+05:30,341.1492331411919,353.2671862805103,340.5837399317748,348.3045959472656
2022-02-28 00:00:00+05:30,343.9190465149606,357.49116512435785,337.7100325903207,353.5095520019531
2022-03-02 00:00:00+05:30,348.21228698636946,348.43158115435335,342.07252927560626,344.43841552734375
2022-03-03 00:00:00+05:30,346.16953915216135,348.61620603904794,335.14797189460796,337.9754943847656
2022-03-04 00:00:00+05:30,336.0712537721603,348.5354348873366,335.3672470869032,345.892578125
2022-03-07 00:00:00+05:30,329.29673615659686,346.7004311909666,329.29673615659686,341.6455078125
2022-03-08 00:00:00+05:30,343.3650666171549,346.45803539311487,328.66196206176176,340.7337341308594
2022-03-09 00:00:00+05:30,342.4418250985091,346.4580668180851,337.09837892576587,342.326416015625
2022-03-10 00:00:00+05:30,346.23878233618507,350.61277507343135,342.11865575646846,347.7621765136719
2022-03-11 00:00:00+05:30,349.2278462454121,359.7762239858446,339.3026662133217,345.3962707519531
2022-03-14 00:00:00+05:30,346.227249196675,348.07379452572394,328.6735163919853,335.7134704589844
2022-03-15 00:00:00+05:30,340.22597285111283,347.9468291464136,336.8560333006867,346.5619201660156
2022-03-16 00:00:00+05:30,348.30461348709684,351.48991545739716,344.5191899186946,346.5388488769531
2022-03-17 00:00:00+05:30,348.2815268647049,366.18145824680244,344.78462610945695,358.7029724121094
2022-03-21 00:00:00+05:30,362.1536735663612,370.3015654466527,354.80212120087606,365.3274230957031
2022-03-22 00:00:00+05:30,367.0008651069973,368.1780320579807,358.2528514293009,366.30841064453125
2022-03-23 00:00:00+05:30,368.1434158070362,373.00214938221643,362.38451394188104,369.8283996582031
2022-03-24 00:00:00+05:30,373.9254509484901,382.6965417732078,369.30908735653344,374.92950439453125
2022-03-25 00:00:00+05:30,376.8106232688747,391.23675739096024,375.8989028627762,384.3814697265625
2022-03-28 00:00:00+05:30,391.4675819633409,391.9522944425915,376.2335840803335,381.71551513671875
2022-03-29 00:00:00+05:30,376.47596618535977,389.7249058542159,376.47596618535977,383.8852233886719
2022-03-30 00:00:00+05:30,385.8125808044153,389.15944435312247,379.3381197035665,385.1547546386719
2022-03-31 00:00:00+05:30,388.23617587926066,414.31863002572703,380.5845476338268,385.21246337890625
2022-04-01 00:00:00+05:30,401.62359732197336,403.93177891577784,387.77450775914673,391.9061584472656
2022-04-04 00:00:00+05:30,389.1594050193388,395.7607985440073,383.158133055814,391.08673095703125
2022-04-05 00:00:00+05:30,392.16011681372754,399.3962616565108,385.48946528333414,388.07464599609375
2022-04-06 00:00:00+05:30,385.59325430734805,403.93174422473396,382.60414249445955,402.51220703125
2022-04-07 00:00:00+05:30,401.27739392374195,410.39471176095094,392.8294544237146,406.3438415527344
2022-04-08 00:00:00+05:30,409.7022771556804,421.24318637133337,388.65167001674854,417.8616943359375
2022-04-11 00:00:00+05:30,421.243194343144,426.54046050295756,415.69200563494235,421.0008239746094
2022-04-12 00:00:00+05:30,422.3972385337297,423.08969302312926,405.21283755888214,410.025390625
2022-04-13 00:00:00+05:30,416.1535763722113,419.8928473446785,406.7015843070036,413.3837585449219
2022-04-18 00:00:00+05:30,406.7016013471676,416.8460482942342,400.70032913659645,407.8095397949219
2022-04-19 00:00:00+05:30,407.4171147396412,440.47029103435517,406.96703061334983,428.52545166015625
2022-04-20 00:00:00+05:30,431.63002202201176,432.78411298998503,414.341733686562,416.74224853515625
2022-04-21 00:00:00+05:30,418.9926776115969,421.2200785581692,408.31733738874254,410.8678894042969
2022-04-22 00:00:00+05:30,408.6173986162829,417.9655340664934,403.47014239426767,407.26708984375
2022-04-25 00:00:00+05:30,401.6236080520072,405.54751686630846,387.4052146895131,403.7933044433594
2022-04-26 00:00:00+05:30,405.81297724188556,405.81297724188556,393.77580386257694,397.03033447265625
2022-04-27 00:00:00+05:30,399.0845720370208,399.0845720370208,387.31284666172405,389.886474609375
2022-04-28 00:00:00+05:30,390.0827228088245,403.00854084272635,383.2158819783141,393.7181091308594
2022-04-29 00:00:00+05:30,390.08274330141694,406.2169405086794,390.08274330141694,397.2727355957031
2022-05-02 00:00:00+05:30,385.3509060682306,410.6254937977731,385.3509060682306,408.6058349609375
2022-05-04 00:00:00+05:30,410.66015779528936,422.6280744204292,385.4663485975515,398.7845458984375
2022-05-05 00:00:00+05:30,398.78451516091377,411.77958855906434,389.84031165381526,405.3974609375
2022-05-06 00:00:00+05:30,391.23678770416166,403.70096855137393,387.77451524660273,390.7520751953125
2022-05-09 00:00:00+05:30,387.7744817614095,395.3684043311124,375.31030199050707,387.2666931152344
2022-05-10 00:00:00+05:30,387.77449900704164,394.6990436321674,383.18121210383276,387.17437744140625
2022-05-11 00:00:00+05:30,401.6236208331687,401.6236208331687,359.30311446851505,365.0389404296875
2022-05-12 00:00:00+05:30,355.81779146074524,361.49591328989413,344.7385183595577,349.8626708984375
2022-05-13 00:00:00+05:30,346.45811566284846,356.26788909101043,330.0700235828603,336.2674865722656
2022-05-16 00:00:00+05:30,354.29430884827923,366.0891388799546,342.77650567888065,346.35418701171875
2022-05-17 00:00:00+05:30,348.0968478955096,367.18552588925365,342.972696213615,358.3682556152344
2022-05-18 00:00:00+05:30,360.03018746179555,375.0795206507168,354.1443242146612,370.02459716796875
2022-05-19 00:00:00+05:30,364.83117667748854,375.07950857783976,348.76623843760973,369.77069091796875
2022-05-20 00:00:00+05:30,371.6288354453273,373.4522765925615,357.76819196367023,362.7654113769531
2022-05-23 00:00:00+05:30,362.3845298750456,368.61662051620874,358.5644778597659,365.7660217285156
2022-05-24 00:00:00+05:30,365.8698976428557,367.2663589257865,340.45682123219115,346.8043212890625
2022-05-25 00:00:00+05:30,345.23473504300944,350.37043946600454,334.9171738321751,338.3448181152344
2022-05-26 00:00:00+05:30,344.14995009867255,347.8199652620979,332.1704793996655,336.5791015625
2022-05-27 00:00:00+05:30,341.6108636374026,353.71726439251324,336.57901667286654,347.6236877441406
2022-05-30 00:00:00+05:30,350.94748178190684,354.2135645828832,346.82738300659037,350.3819885253906
2022-05-31 00:00:00+05:30,350.38195417547246,364.6926795765787,346.22722744611906,361.5535583496094
2022-06-01 00:00:00+05:30,357.38021415915193,371.7123460834176,357.2516108673304,369.1872863769531
2022-06-02 00:00:00+05:30,370.9057404165515,371.992931996046,358.6544358565168,359.4727478027344
2022-06-03 00:00:00+05:30,361.261342111235,364.20725934828175,356.550197725007,359.402587890625
2022-06-06 00:00:00+05:30,360.0572236115092,362.3952575310645,350.9856405874536,356.57354736328125
2022-06-07 00:00:00+05:30,356.6203549144707,362.39528776132374,351.0090730394566,356.8775329589844
2022-06-08 00:00:00+05:30,355.40457114692254,360.0221886674057,351.8741452317583,354.11865234375
2022-06-09 00:00:00+05:30,355.8955836954564,357.9413637882345,350.9857114727889,353.9667053222656
2022-06-10 00:00:00+05:30,355.74364751043765,359.8235062594436,339.48260629545945,344.47430419921875
2022-06-13 00:00:00+05:30,339.0149503624363,348.82299216536035,335.9755059798766,340.2541198730469
2022-06-14 00:00:00+05:30,336.0339347905004,347.96960971063396,332.00082616281827,336.337890625
2022-06-15 00:00:00+05:30,347.89944072229855,348.3670474974629,338.31350183142877,343.38702392578125
2022-06-16 00:00:00+05:30,345.5497133802764,346.3680252560419,317.1426011215602,329.0549011230469
2022-06-17 00:00:00+05:30,323.8294165037602,334.10506470535324,315.63459576782844,322.9877014160156
2022-06-20 00:00:00+05:30,322.8825115834365,324.12168108172744,288.93426761807274,299.5489196777344
2022-06-21 00:00:00+05:30,300.12174166455816,317.00233581535883,300.12174166455816,309.169921875
2022-06-22 00:00:00+05:30,308.64388240826565,312.5484165627212,305.1485327704828,309.50897216796875
2022-06-23 00:00:00+05:30,312.1276021834239,322.3331283674009,309.75449148494863,316.71014404296875
2022-06-24 00:00:00+05:30,318.2999397468674,322.60192781599324,315.54104833828313,320.6847229003906
2022-06-27 00:00:00+05:30,320.6847314750159,339.95013696721855,320.6847314750159,335.1805419921875
2022-06-28 00:00:00+05:30,335.2858014363851,339.0149545199218,331.9891504255851,334.37396240234375
2022-06-29 00:00:00+05:30,331.0655906171745,339.01490564611794,330.83178723397026,336.10406494140625
2022-06-30 00:00:00+05:30,336.9340435071667,356.9710101961781,336.9340435071667,346.2745056152344
2022-07-01 00:00:00+05:30,348.0163685968976,362.3952780149085,341.1074665579154,361.27301025390625
2022-07-04 00:00:00+05:30,360.291020754779,364.96708851279044,356.18775988094296,363.5408935546875
2022-07-05 00:00:00+05:30,362.3952225410616,365.8555238240855,350.71675565664435,353.4989929199219
2022-07-06 00:00:00+05:30,353.60431535431826,362.38361707903573,345.67837332183694,358.3154602050781
2022-07-07 00:00:00+05:30,360.1157190306958,361.23798686716566,353.70949959013177,357.19317626953125
2022-07-08 00:00:00+05:30,358.6660875733547,369.4093415001694,356.29297755119677,366.47509765625
2022-07-11 00:00:00+05:30,363.2135797663042,371.2096445831497,362.0094865552868,367.41033935546875
2022-07-12 00:00:00+05:30,365.6567939174761,374.7868275519372,365.6567939174761,373.10345458984375
2022-07-13 00:00:00+05:30,376.45856623682613,380.2695446947151,367.807840068728,370.8005065917969
2022-07-14 00:00:00+05:30,374.0503730792551,374.7401102506716,362.75768570283805,365.2827453613281
2022-07-15 00:00:00+05:30,360.05725798220084,366.3933248009393,360.05725798220084,364.6164245605469
2022-07-18 00:00:00+05:30,370.1108349520893,382.91157292658517,366.6154850400769,374.705078125
2022-07-19 00:00:00+05:30,374.7050865243003,376.0728309318138,369.08210241062835,373.03338623046875
2022-07-20 00:00:00+05:30,374.90375894194676,403.31087257552736,370.8121993650936,377.1131896972656
2022-07-21 00:00:00+05:30,374.7751498740668,381.4034991187191,369.40937324220505,372.7293701171875
2022-07-22 00:00:00+05:30,372.7293913516546,385.366477300268,372.7293913516546,382.7244873046875
2022-07-25 00:00:00+05:30,382.7361663367864,385.7756105410492,381.09954253449104,384.0805358886719
2022-07-26 00:00:00+05:30,377.82627965415395,393.2806780829072,374.38938122447126,383.43756103515625
2022-07-27 00:00:00+05:30,389.04883907161474,393.2573000711875,377.35866962835706,383.23883056640625
2022-07-28 00:00:00+05:30,390.8842307205155,392.2636765667344,374.3192646004123,376.7742004394531
2022-07-29 00:00:00+05:30,382.05810974840114,395.1277248157829,378.819938540102,390.9075622558594
2022-08-01 00:00:00+05:30,395.4254966394448,397.90265657930024,388.46585680842236,391.7569580078125
2022-08-02 00:00:00+05:30,385.8825453772152,394.45823143115945,384.7973191605553,386.6138916015625
2022-08-03 00:00:00+05:30,386.61385358390163,398.7047521322921,384.4551800833021,396.6994323730469
2022-08-04 00:00:00+05:30,397.67849099474716,402.47945647725214,389.2679385624068,391.2968444824219
2022-08-05 00:00:00+05:30,391.29684258891956,393.18420228190735,389.668989093953,390.9429626464844
2022-08-08 00:00:00+05:30,390.9429771449651,391.3912308484383,386.02405152245757,387.4159851074219
2022-08-10 00:00:00+05:30,389.2679290078149,392.3466959658604,382.7093426843966,390.8957824707031
2022-08-11 00:00:00+05:30,384.07768902029096,393.9863271891191,384.07768902029096,390.7188415527344
2022-08-12 00:00:00+05:30,384.8563144145491,391.627207016324,384.8563144145491,390.8250732421875
2022-08-16 00:00:00+05:30,391.22609719765,396.3455490196237,387.16825644029734,391.53277587890625
2022-08-17 00:00:00+05:30,391.93385895327543,395.1659510332414,387.4985519833427,391.3676452636719
2022-08-18 00:00:00+05:30,387.61652480728833,395.16596412185515,387.61652480728833,394.52899169921875
2022-08-19 00:00:00+05:30,393.4319795415635,402.09023170913247,393.420172022459,397.23028564453125
2022-08-22 00:00:00+05:30,401.2998824068016,401.2998824068016,394.151495556921,396.2394104003906
2022-08-23 00:00:00+05:30,394.28126503692874,403.4231642262667,393.88021259202355,395.90911865234375
2022-08-24 00:00:00+05:30,394.8120678303167,399.8843471600758,394.0453279316322,396.4989013671875
2022-08-25 00:00:00+05:30,393.986371466989,399.8018048055933,387.38061194538676,390.1054992675781
2022-08-26 00:00:00+05:30,388.81971483848116,394.56436061476796,388.81971483848116,393.3493957519531
2022-08-29 00:00:00+05:30,384.5495718048259,394.3166648484683,384.5495718048259,393.7150573730469
2022-08-30 00:00:00+05:30,394.3402451630697,399.8843646732894,391.86308538190775,395.74395751953125
2022-09-01 00:00:00+05:30,391.7922939281643,398.2329208139388,390.447561580017,395.8855285644531
2022-09-02 00:00:00+05:30,391.61534398867354,399.86076424698075,389.9757117112324,391.88665771484375
2022-09-05 00:00:00+05:30,394.2104328553604,399.7073792645838,389.3150938441519,393.93914794921875
2022-09-06 00:00:00+05:30,394.56436729592906,412.85997364767513,391.88668122660795,401.46502685546875
2022-09-07 00:00:00+05:30,401.0640201169546,408.1416204719597,399.61310628441265,405.1572265625
2022-09-08 00:00:00+05:30,407.5636106777471,430.5540033363687,407.37486315675324,423.4410095214844
2022-09-09 00:00:00+05:30,425.56420437526094,427.7228777197667,410.8074284932906,412.6711730957031
2022-09-12 00:00:00+05:30,414.216457457125,414.7354698341677,405.15712550265533,408.3656311035156
2022-09-13 00:00:00+05:30,408.36567459108676,415.8679414145354,401.4768227497862,403.116455078125
2022-09-14 00:00:00+05:30,397.0650883697115,411.3972255127842,394.45816136983757,403.3877258300781
2022-09-15 00:00:00+05:30,405.7823700909916,408.25952990840756,401.19373794873724,402.6446228027344
2022-09-16 00:00:00+05:30,401.71268015545337,442.8217299379157,398.9052270934722,429.17376708984375
2022-09-19 00:00:00+05:30,431.3206912100456,436.45195062960994,425.13959942876704,429.3271789550781
2022-09-20 00:00:00+05:30,435.98011762604744,458.8643554018735,429.58669200720544,446.0185241699219
2022-09-21 00:00:00+05:30,456.50518847591235,457.1657759787676,437.879316465638,442.9397888183594
2022-09-22 00:00:00+05:30,444.6029879618262,445.15739412779396,432.3233420872401,435.80316162109375
2022-09-23 00:00:00+05:30,431.73355158140885,435.13080496017506,410.0289140155675,414.0513610839844
2022-09-26 00:00:00+05:30,409.15605924842345,418.58105153836556,402.52668434337403,404.826904296875
2022-09-27 00:00:00+05:30,405.46386949189423,424.6559536367688,403.9893696528777,422.9927062988281
2022-09-28 00:00:00+05:30,422.2967562138082,422.2967562138082,408.1297501631948,418.3686828613281
2022-09-29 00:00:00+05:30,420.1616411257759,427.9588073211396,408.1415306866436,415.2899169921875
2022-09-30 00:00:00+05:30,413.237424533863,436.4519559506805,407.10350515293453,434.1635437011719
2022-10-03 00:00:00+05:30,433.904018249543,448.2479646374725,430.96682600079095,442.2909851074219
2022-10-04 00:00:00+05:30,448.2479567338686,448.2479567338686,431.37967836204143,435.5554504394531
2022-10-06 00:00:00+05:30,437.73775017797453,437.73775017797453,424.6559977663156,427.01519775390625
2022-10-07 00:00:00+05:30,423.97174259441016,437.4899674469168,422.3085242018451,431.87506103515625
2022-10-10 00:00:00+05:30,427.07418203317667,427.09776827352334,416.39880198235426,420.5155944824219
2022-10-11 00:00:00+05:30,423.4527785084667,429.3743642557451,419.7016450609728,427.00335693359375
2022-10-12 00:00:00+05:30,425.8237561886757,427.1213160780882,418.6518118389834,425.1042175292969
2022-10-13 00:00:00+05:30,425.10424701812525,425.10424701812525,414.03959343383167,415.6556396484375
2022-10-14 00:00:00+05:30,418.0737456508359,430.2826032974126,418.0737456508359,426.5668640136719
2022-10-17 00:00:00+05:30,428.15939794655793,447.2925038161738,423.3230380402408,444.15478515625
2022-10-18 00:00:00+05:30,444.1547337065692,448.2479393933701,437.9500270259628,444.5557861328125
2022-10-19 00:00:00+05:30,445.4994780844086,448.24795154708073,440.00255995788945,447.02117919921875
2022-10-20 00:00:00+05:30,448.2479986354962,448.2479986354962,422.2496262341686,426.6731262207031
2022-10-21 00:00:00+05:30,428.8081314609193,435.1897781652089,408.14154786079644,412.6476135253906
2022-10-24 00:00:00+05:30,417.342435035111,423.2404343996547,413.37896794260763,416.12744140625
2022-10-25 00:00:00+05:30,417.9794199604375,420.4801948049323,406.1716421584143,415.3371276855469
2022-10-27 00:00:00+05:30,418.0974100803164,425.8237900359619,417.64918512195203,423.5825500488281
2022-10-28 00:00:00+05:30,426.0833750254419,432.26403691704246,406.25529601874194,429.7155456542969
2022-10-31 00:00:00+05:30,431.87103478655854,435.72946008703525,419.42638481132195,421.9034118652344
2022-11-01 00:00:00+05:30,423.0585457440574,436.81315856135194,423.0585457440574,427.881591796875
2022-11-02 00:00:00+05:30,427.0836898134297,448.9600671094866,424.79721464986903,438.33746337890625
2022-11-03 00:00:00+05:30,437.9802047137891,445.38744463596095,435.08637138435387,439.7427062988281
2022-11-04 00:00:00+05:30,440.62392231654803,440.62392231654803,429.1795974613318,433.0023193359375
2022-11-07 00:00:00+05:30,435.38408632364184,440.6239385660489,429.1915336735244,437.063232421875
2022-11-09 00:00:00+05:30,437.75395128631897,439.25446617577506,412.9361153489223,422.1296691894531
2022-11-10 00:00:00+05:30,420.37904960866365,426.5477904857315,414.6152238442394,425.0830078125
2022-11-11 00:00:00+05:30,426.3334619713936,431.91865686869284,419.1882084188004,420.91497802734375
2022-11-14 00:00:00+05:30,420.14088642276295,422.2487302932253,415.62747979973597,418.0568542480469
2022-11-15 00:00:00+05:30,417.28276930219795,435.86042683962455,417.04459420556424,420.9387512207031
2022-11-16 00:00:00+05:30,426.80978265572196,426.80978265572196,420.3790549036548,423.3681640625
2022-11-17 00:00:00+05:30,421.5699356387176,425.02347465948674,420.72440238674756,422.54644775390625
2022-11-18 00:00:00+05:30,421.4984927031159,425.47603459938625,419.18820569907786,421.77239990234375
2022-11-21 00:00:00+05:30,421.77239456802886,426.55970854183664,419.45018720787255,422.30828857421875
2022-11-22 00:00:00+05:30,421.3913096790282,425.32119895962956,420.61724057830367,422.29638671875
2022-11-23 00:00:00+05:30,422.2963707431986,428.9295414328818,420.18849785860215,423.61822509765625
2022-11-24 00:00:00+05:30,425.3807190006028,438.539892978645,407.27941180908783,433.514404296875
2022-11-25 00:00:00+05:30,433.5144134516163,433.5144134516163,420.1527961758004,421.8676452636719
2022-11-28 00:00:00+05:30,418.23552953236725,430.93027562902546,418.23552953236725,427.9768981933594
2022-11-29 00:00:00+05:30,422.77273640807425,458.24890705822366,422.77273640807425,444.20849609375
2022-11-30 00:00:00+05:30,446.43542910916557,456.3315874211443,429.1439220499108,435.5151062011719
2022-12-01 00:00:00+05:30,437.74202290687145,440.6001241121082,430.1561517727941,434.9910888671875
2022-12-02 00:00:00+05:30,439.1234795117444,440.6239944739223,420.39102862758926,428.2031555175781
2022-12-05 00:00:00+05:30,428.7152179002982,434.4195004199382,423.13002294118616,428.40557861328125
2022-12-06 00:00:00+05:30,425.85708224816057,428.7151834713026,419.87889300457704,421.9986572265625
2022-12-07 00:00:00+05:30,419.1881806551784,427.524309247753,419.1881806551784,425.4402770996094
2022-12-08 00:00:00+05:30,425.41647472744825,427.2861435093646,420.3909857663239,424.94012451171875
2022-12-09 00:00:00+05:30,423.9517027304864,427.44097396384876,420.37907602208344,422.5941162109375
2022-12-12 00:00:00+05:30,416.84219181194226,427.67915976489996,416.84219181194226,422.7012939453125
2022-12-13 00:00:00+05:30,422.6774776629808,448.11456274204465,421.5937692497964,432.4426574707031
2022-12-14 00:00:00+05:30,437.0513252851674,452.29453227059014,430.2752550595727,434.65765380859375
2022-12-15 00:00:00+05:30,434.2646762335175,436.8131382018892,427.0479589945405,433.5620422363281
2022-12-16 00:00:00+05:30,428.71520671647903,443.0057136070283,425.49984266610545,439.1591796875
2022-12-19 00:00:00+05:30,442.05297694952776,445.3874282842763,432.24017465119664,434.2170104980469
2022-12-20 00:00:00+05:30,433.03808625580024,435.2530973557891,424.18987501877297,426.28582763671875
2022-12-21 00:00:00+05:30,434.6457752205771,455.97433942457644,417.9735170922397,422.3440246582031
2022-12-22 00:00:00+05:30,423.95170669200706,426.88127224991644,414.4842458262727,422.3440246582031
2022-12-23 00:00:00+05:30,422.3439833050527,422.3439833050527,413.97212297836154,416.5682373046875
2022-12-26 00:00:00+05:30,411.2331330119085,422.5107184883212,411.2331330119085,417.77105712890625
2022-12-27 00:00:00+05:30,419.86696992070114,424.8924587242641,417.9377574223042,420.02178955078125
2022-12-28 00:00:00+05:30,418.22353195195205,422.1296091895009,414.42465094790583,417.54473876953125
2022-12-29 00:00:00+05:30,417.99735017294046,421.5461653994876,415.31787997952415,418.7356872558594
2022-12-30 00:00:00+05:30,418.43792589853683,425.9761737594798,417.04460735412306,423.1180725097656
2023-01-02 00:00:00+05:30,423.24904610076345,431.4422457591259,422.4154333039097,424.7376403808594
2023-01-03 00:00:00+05:30,424.4280209101889,429.63214094098316,417.42566727563684,422.78460693359375
2023-01-04 00:00:00+05:30,422.1296387086651,430.2990563851707,422.04628323729446,423.689697265625
2023-01-05 00:00:00+05:30,423.5468059114693,429.9894251342268,416.59207531791196,426.30963134765625
2023-01-06 00:00:00+05:30,426.3334872577916,427.27426740170415,417.84253796769514,422.8204040527344
2023-01-09 00:00:00+05:30,424.9401072275954,427.5243012279958,421.3555603703857,424.1898498535156
2023-01-10 00:00:00+05:30,422.8918058847654,428.2388251925934,421.09357226946895,425.9404296875
2023-01-11 00:00:00+05:30,425.2735459441163,427.52428892748975,414.4246589046419,418.795166015625
2023-01-12 00:00:00+05:30,449.43642146350874,454.19992354579284,423.24908039579543,428.5960998535156
2023-01-13 00:00:00+05:30,428.7151592684927,432.5140403001455,423.46338693781064,424.71380615234375
2023-01-16 00:00:00+05:30,427.1789747196962,445.0778107485339,427.1789747196962,436.1819763183594
2023-01-17 00:00:00+05:30,438.5279979884389,442.50553974347514,432.2878217775475,438.2541198730469
2023-01-18 00:00:00+05:30,440.63588392626275,445.268378291683,438.6113954451291,444.3514099121094
2023-01-19 00:00:00+05:30,446.57833271430934,464.44146602288174,445.39937754558764,462.0835266113281
2023-01-20 00:00:00+05:30,464.44145140125096,464.44145140125096,447.95974588373235,457.83209228515625
2023-01-23 00:00:00+05:30,464.4414593001824,466.82321037351664,455.15263011417875,464.46527099609375
2023-01-24 00:00:00+05:30,465.477489920222,466.82318501838745,462.53603331923904,463.9293518066406
2023-01-25 00:00:00+05:30,464.42951892949276,464.42951892949276,450.1747451838312,456.8317565917969
2023-01-27 00:00:00+05:30,459.43978934831995,463.5840420966105,437.5514908216728,445.7447204589844
2023-01-30 00:00:00+05:30,409.09003170096304,448.49678300664675,409.09003170096304,443.437255859375
2023-01-31 00:00:00+05:30,442.74022092916283,446.52586614069065,432.6451670317552,439.15887451171875
2023-02-01 00:00:00+05:30,439.20700456617385,463.3990589289078,439.20700456617385,454.74615478515625
2023-02-02 00:00:00+05:30,453.8087729446603,462.6900057340566,441.05774572571113,453.4602355957031
2023-02-03 00:00:00+05:30,454.58995548524996,459.32500528966,453.0516555125429,456.50079345703125
2023-02-06 00:00:00+05:30,458.3635294588974,459.5653216179401,444.32659117315256,447.47528076171875
2023-02-07 00:00:00+05:30,447.3190602081631,468.4585720274878,437.728753147684,442.2354736328125
2023-02-08 00:00:00+05:30,436.2625812102864,443.6896332435533,434.50795293060054,441.8629150390625
2023-02-09 00:00:00+05:30,442.4998617163113,444.90344597332546,437.47636475102604,438.57000732421875
2023-02-10 00:00:00+05:30,437.69271357654355,449.2178888891634,435.68572649663867,446.3335876464844
2023-02-13 00:00:00+05:30,446.33359613010487,447.0667011128053,442.2715619419603,445.31207275390625
2023-02-14 00:00:00+05:30,449.22994037751226,449.22994037751226,433.99120887004193,441.5625
2023-02-15 00:00:00+05:30,444.6631078424501,447.05466255108064,440.79334288016327,442.0191650390625
2023-02-16 00:00:00+05:30,442.01917268110935,443.41326337415876,435.18098677582924,438.101318359375
2023-02-17 00:00:00+05:30,446.8142882344849,448.4367076243568,434.8204261433416,435.8419494628906
2023-02-20 00:00:00+05:30,439.8558935380226,456.20026553834253,435.04872530263435,440.1563415527344
2023-02-21 00:00:00+05:30,444.39871583277227,444.39871583277227,430.96267346347076,435.7578125
2023-02-22 00:00:00+05:30,433.8469629911394,435.0487551323891,425.4344180023915,429.0998840332031
2023-02-23 00:00:00+05:30,428.88357985328827,432.39280723622437,427.92214608587403,429.1720275878906
2023-02-24 00:00:00+05:30,432.6451937329497,432.6451937329497,423.8841402961095,427.0448303222656
2023-02-27 00:00:00+05:30,429.0398053644681,431.19100161589824,422.09344074282234,427.7779235839844
2023-02-28 00:00:00+05:30,430.21762632460286,431.82801631864646,410.53226199210087,414.24578857421875
2023-03-01 00:00:00+05:30,415.92827783588785,427.59769259374036,408.6214042567633,426.2276611328125
2023-03-02 00:00:00+05:30,471.054512046445,471.054512046445,418.75248874360085,424.0403747558594
2023-03-03 00:00:00+05:30,426.82854070015316,433.17398021033074,423.1270147587957,429.568603515625
2023-03-06 00:00:00+05:30,427.83801241052714,437.4523497680671,423.07890368229323,429.3763122558594
2023-03-08 00:00:00+05:30,428.79944299726094,432.8374763940248,423.03084062510044,425.24212646484375
2023-03-09 00:00:00+05:30,424.95373248142994,431.5876197221768,418.2236959941675,423.12701416015625
2023-03-10 00:00:00+05:30,413.5126342338975,429.5685591863877,413.5126342338975,425.3382568359375
2023-03-13 00:00:00+05:30,423.0308650321484,426.68430167571927,408.65741822264476,413.60882568359375
2023-03-14 00:00:00+05:30,413.6088100193436,423.0308490110655,404.0425324929552,407.3114013671875
2023-03-15 00:00:00+05:30,412.45505762337314,418.17559987910937,408.6573827691445,415.6277770996094
2023-03-16 00:00:00+05:30,415.5797176239751,422.4539627240656,411.15711672734676,416.3969421386719
2023-03-17 00:00:00+05:30,418.22367414819536,418.22367414819536,406.7345292945393,408.032470703125
2023-03-20 00:00:00+05:30,408.60936486200535,423.03087185713497,398.99502686525227,401.8312683105469
2023-03-21 00:00:00+05:30,402.8407090416409,407.31136975357185,379.86245012194956,385.9675598144531
2023-03-22 00:00:00+05:30,385.5349586784743,418.22370829211053,382.69871719633267,412.16668701171875
2023-03-23 00:00:00+05:30,410.53221824358695,415.8681639107352,397.2644440038168,413.0319519042969
2023-03-24 00:00:00+05:30,405.72505333819703,418.07948322384874,403.75412583429915,412.5512390136719
2023-03-27 00:00:00+05:30,410.53223141131326,416.15662499315414,395.29349985731045,412.11859130859375
2023-03-28 00:00:00+05:30,412.02242123113194,421.05992194058206,405.72504191397957,419.1370544433594
2023-03-29 00:00:00+05:30,419.56967900274674,423.0308463409348,408.7054894579699,421.6848449707031
2023-03-31 00:00:00+05:30,389.38067882372064,418.12754282430876,389.3326188712291,414.08953857421875
2023-04-03 00:00:00+05:30,410.53220530143847,418.7043920580245,402.167720061387,405.72503662109375
2023-04-05 00:00:00+05:30,405.72507071145947,418.84863644336025,405.19629384844364,411.92633056640625
2023-04-06 00:00:00+05:30,423.030799439831,427.2611015661041,412.45502945383527,422.8385009765625
2023-04-10 00:00:00+05:30,425.8670900277476,425.8670900277476,414.3779450132853,415.53167724609375
2023-04-11 00:00:00+05:30,418.3678990263098,418.3678990263098,406.68648459231605,409.18621826171875
2023-04-12 00:00:00+05:30,409.1861855500802,413.03192032152714,404.42707703416346,410.96484375
2023-04-13 00:00:00+05:30,411.4936387082215,416.7815242523692,410.53220497292193,411.6378479003906
2023-04-17 00:00:00+05:30,411.63786250170494,425.33829371569556,380.5354741933967,387.8423767089844
2023-04-18 00:00:00+05:30,387.9385360624161,398.94696474517326,387.9385360624161,391.7842712402344
2023-04-19 00:00:00+05:30,395.4376901467878,401.7350988217562,388.08272781796444,399.0911560058594
2023-04-20 00:00:00+05:30,399.95639005760626,400.8216744564326,393.13020541686325,394.0435791015625
2023-04-21 00:00:00+05:30,394.0436505599872,396.3030258682156,388.6596153877877,391.3035583496094
2023-04-24 00:00:00+05:30,396.3510695642285,400.86981999533043,391.3035422987047,399.90838623046875
2023-04-25 00:00:00+05:30,399.9083798191939,402.6003825813968,396.9759892789994,399.86029052734375
2023-04-26 00:00:00+05:30,401.8312119015751,401.8312119015751,387.65006534711034,395.1972961425781
2023-04-27 00:00:00+05:30,398.7065980089912,400.82173470844714,394.47626592881863,399.42767333984375
2023-04-28 00:00:00+05:30,400.9178669750528,404.6674526685641,396.11069830628713,403.657958984375
2023-05-02 00:00:00+05:30,406.6864749562518,407.55175946037326,396.68756985618614,402.167724609375
2023-05-03 00:00:00+05:30,399.95641821896174,407.50367861357495,394.332025219632,400.9659118652344
2023-05-04 00:00:00+05:30,404.7635862587606,406.06152761726463,400.67749304830994,404.0425109863281
2023-05-05 00:00:00+05:30,395.14925654415515,403.5618015435745,392.2649554014971,397.9374084472656
2023-05-08 00:00:00+05:30,401.87931696802104,401.87931696802104,389.4768271689522,390.6786193847656
2023-05-09 00:00:00+05:30,396.1106926946462,396.1106926946462,384.28506967326626,385.8714294433594
2023-05-10 00:00:00+05:30,389.3806683018877,393.4187017834924,386.0637101319531,390.34210205078125
2023-05-11 00:00:00+05:30,391.2554574046222,392.6014587214965,384.6215413774772,387.36163330078125
2023-05-12 00:00:00+05:30,390.3719841089247,403.4814910379558,389.4009095215891,397.2180480957031
2023-05-15 00:00:00+05:30,402.7531732626874,404.88954914598696,394.98457679227994,398.2862243652344
2023-05-16 00:00:00+05:30,402.2676762832598,402.801755490168,386.48771312187665,391.0032043457031
2023-05-17 00:00:00+05:30,392.9453248648496,405.9091765006305,387.5558727724274,394.1106262207031
2023-05-18 00:00:00+05:30,396.92675003736923,396.92675003736923,387.60442777924726,390.56622314453125
2023-05-19 00:00:00+05:30,390.5662409935125,396.14992030120163,387.60444549287365,391.6343994140625
2023-05-22 00:00:00+05:30,391.3430300254605,399.5486215412217,389.4008809930761,392.5083312988281
2023-05-23 00:00:00+05:30,393.57652202068294,404.9381066511644,392.3626787753258,403.4329528808594
2023-05-24 00:00:00+05:30,399.1116890027685,408.4340117531603,397.55796360522874,400.082763671875
2023-05-25 00:00:00+05:30,400.08277409519695,407.65714485762317,398.1406247063853,403.72430419921875
2023-05-26 00:00:00+05:30,403.77280134021424,407.17156239403704,401.2480311223929,404.1612548828125
2023-05-29 00:00:00+05:30,407.80280832557577,408.33688752547556,404.3069336825739,407.60858154296875
2023-05-30 00:00:00+05:30,407.608584199836,409.8420440401431,404.6468183722749,407.123046875
2023-05-31 00:00:00+05:30,407.1230202951739,409.7449335320502,402.99595330351144,406.39471435546875
2023-06-01 00:00:00+05:30,406.9773940728487,412.70672861369303,406.1034328098126,407.7542419433594
2023-06-02 00:00:00+05:30,411.54141948963087,413.67779554591914,404.06416256231415,406.9773864746094
2023-06-05 00:00:00+05:30,410.71603456385327,412.65818386145304,402.99597925195553,409.35650634765625
2023-06-06 00:00:00+05:30,409.7934944941463,420.4753154406762,404.06416009524946,406.34619140625
2023-06-07 00:00:00+05:30,409.9877408494714,415.13442478822856,407.36582736529095,410.5218200683594
2023-06-08 00:00:00+05:30,410.5217693989339,413.19222443346274,407.8513143644051,409.69635009765625
2023-06-09 00:00:00+05:30,410.1334005911562,414.84311875707755,405.27802714893784,407.56005859375
2023-06-12 00:00:00+05:30,407.8513538200722,411.73565242788237,405.27801191936726,409.1137390136719
2023-06-13 00:00:00+05:30,409.550706657476,422.4174449223522,409.5021647821124,421.1550598144531
2023-06-14 00:00:00+05:30,421.20361867489265,427.2728350823119,420.32965743919345,425.81622314453125
2023-06-15 00:00:00+05:30,428.19532027209385,431.15708569602367,424.650874575953,426.73870849609375
2023-06-16 00:00:00+05:30,430.62304891362953,432.2253160978308,425.4277938080172,427.9040222167969
2023-06-19 00:00:00+05:30,428.38956935647695,433.09928726378104,426.98152891645975,428.4381408691406
2023-06-20 00:00:00+05:30,425.9133408908579,430.62305879816194,421.3007363740351,428.4381408691406
2023-06-21 00:00:00+05:30,428.92365419805947,436.40091068939586,425.96185894568,427.2242736816406
2023-06-22 00:00:00+05:30,430.3317200168903,449.1220201941443,428.38957074037506,439.36273193359375
2023-06-23 00:00:00+05:30,441.7418629028467,456.8906337314322,407.7057074618086,437.5662536621094
2023-06-26 00:00:00+05:30,440.4308739943859,444.7521678283151,434.07034720361764,438.92572021484375
2023-06-27 00:00:00+05:30,441.79039608072725,445.67469443638646,437.0806783975215,443.4897766113281
2023-06-28 00:00:00+05:30,448.05384293268213,448.05384293268213,423.8740897859512,432.9536437988281
2023-06-30 00:00:00+05:30,439.4112418038505,443.8781907414219,438.3916253618896,441.83892822265625
2023-07-03 00:00:00+05:30,441.83898844078595,464.75635728468427,440.9164556219704,461.94024658203125
2023-07-04 00:00:00+05:30,462.2314802794667,475.8265238170981,461.9401697718833,468.2035827636719
2023-07-05 00:00:00+05:30,468.64061648931573,468.64061648931573,457.4732583843282,461.163330078125
2023-07-06 00:00:00+05:30,464.12512442070476,474.6127184161673,459.1726379537409,465.873046875
2023-07-07 00:00:00+05:30,463.2025684535317,476.0693064661298,460.04657611081893,468.0093994140625
2023-07-10 00:00:00+05:30,471.4081803796648,483.98357877428174,467.9608477398302,471.06829833984375
2023-07-11 00:00:00+05:30,474.56416994312605,477.57447750203227,470.9711820610931,473.78729248046875
2023-07-12 00:00:00+05:30,477.2831940378572,490.39270191071796,476.31211938060824,487.9164733886719
2023-07-13 00:00:00+05:30,487.91645196526696,492.18917434258657,478.8854402684768,487.33380126953125
2023-07-14 00:00:00+05:30,485.5858637223228,499.957756594969,480.77906201697425,495.8307189941406
2023-07-17 00:00:00+05:30,500.2490935991018,520.8844284242762,500.0548668291624,508.6003112792969
2023-07-18 00:00:00+05:30,529.2356623677374,529.2356623677374,497.48151077173503,500.1034240722656
2023-07-19 00:00:00+05:30,500.6860703543955,513.1644152814176,498.88960594354677,501.07452392578125
2023-07-20 00:00:00+05:30,509.81419615778736,517.3885666467644,496.51046147077875,504.42474365234375
2023-07-21 00:00:00+05:30,513.6984707257233,513.6984707257233,496.26766955320903,500.9774169921875
2023-07-24 00:00:00+05:30,505.9299057970285,511.707811968611,501.0745324208574,506.318359375
2023-07-25 00:00:00+05:30,509.8141079434276,510.78518243474844,498.79243617480967,504.5702819824219
2023-07-26 00:00:00+05:30,509.81418096531206,509.81418096531206,496.3162495295806,498.1612854003906
2023-07-27 00:00:00+05:30,498.16130699914635,503.6479026067223,492.1892036901611,497.6272277832031
2023-07-28 00:00:00+05:30,499.1441688033453,501.10159691629957,497.23566444602176,499.8782043457031
2023-07-31 00:00:00+05:30,501.7378672134715,513.7760401347534,501.7378672134715,510.5462951660156
2023-08-01 00:00:00+05:30,513.8249404249276,515.6845212465687,500.41654431807314,507.31646728515625
2023-08-02 00:00:00+05:30,507.31643940755185,508.4419845381645,490.7272530205045,493.2229919433594
2023-08-03 00:00:00+05:30,496.15913100109964,499.1441970953585,476.1933392228978,485.83367919921875
2023-08-04 00:00:00+05:30,485.44218313071417,498.5569458142779,485.3932593739629,496.9909973144531
2023-08-07 00:00:00+05:30,498.1165548260442,501.9335039873663,487.3996234476227,492.1463928222656
2023-08-08 00:00:00+05:30,498.1655038193827,503.74418643803176,492.7336522180552,500.4165344238281
2023-08-09 00:00:00+05:30,504.03776640734156,504.03776640734156,491.2655592251842,495.6208190917969
2023-08-10 00:00:00+05:30,495.47400614479204,504.0377543991465,492.97829717214506,499.2909851074219
2023-08-11 00:00:00+05:30,498.89950456232924,506.8760482452065,495.7186837877779,504.3802795410156
2023-08-14 00:00:00+05:30,504.38030347787895,510.69302156954,498.65484970635487,502.5207824707031
2023-08-16 00:00:00+05:30,503.6462521259571,507.9526180617153,494.25062065735307,504.2824401855469
2023-08-17 00:00:00+05:30,504.9675678880794,510.4972668872107,501.1016351230416,503.69525146484375
2023-08-18 00:00:00+05:30,504.2335019135894,507.2674916428361,490.33575014201176,497.0399475097656
2023-08-21 00:00:00+05:30,499.14420631156236,506.0441289810282,494.34851304804823,502.1292724609375
2023-08-22 00:00:00+05:30,499.1441880847852,505.3100749315802,494.3484949963909,497.6761169433594
2023-08-23 00:00:00+05:30,499.1931033053096,507.7568514838399,493.07614032064504,501.6888122558594
2023-08-24 00:00:00+05:30,503.0590435608205,506.48454288467826,499.14418719069744,501.199462890625
2023-08-25 00:00:00+05:30,501.1994980338073,501.59100759265857,492.29322306167273,498.8016662597656
2023-08-28 00:00:00+05:30,501.1016244393165,501.1016244393165,493.27191155745214,494.8378601074219
2023-08-29 00:00:00+05:30,494.6421161817018,501.101635424442,489.35706584418165,496.2569885253906
2023-08-30 00:00:00+05:30,500.12292964640005,501.1505675546437,491.314502314076,494.59320068359375
2023-08-31 00:00:00+05:30,495.22936187359835,496.1101986385116,472.22957925693913,476.9763488769531
2023-09-01 00:00:00+05:30,484.1698857880642,484.1698857880642,464.8892057295602,467.4338684082031
2023-09-04 00:00:00+05:30,476.2422890359724,493.2719084739772,472.71891228756147,489.7974853515625
2023-09-05 00:00:00+05:30,498.11657180430694,508.39307023931957,494.5442413110811,504.82073974609375
2023-09-06 00:00:00+05:30,508.7355548854298,509.9100237010322,494.0548440303137,495.9633483886719
2023-09-07 00:00:00+05:30,505.89733435248525,508.441967078704,498.9973821335144,502.4228515625
2023-09-08 00:00:00+05:30,508.8824454366415,516.3206492459159,502.5697270830484,509.2738952636719
2023-09-11 00:00:00+05:30,517.7397962298278,543.1863646645642,513.6291847662528,538.1949462890625
2023-09-12 00:00:00+05:30,543.1863372039065,557.8670490202283,525.5694830243203,534.2310791015625
2023-09-13 00:00:00+05:30,533.5949856477572,540.6417397274611,512.9440805011809,517.3972778320312
2023-09-14 00:00:00+05:30,525.1290681851926,541.1310804691659,522.9269613353225,535.94384765625
2023-09-15 00:00:00+05:30,535.0141652463127,537.3141198247602,504.42934512878304,515.4398803710938
2023-09-18 00:00:00+05:30,516.7610491459758,520.7248293371177,498.11655733136865,504.2335205078125
2023-09-20 00:00:00+05:30,503.01012013726654,516.7121174417923,498.70375423288573,507.8547668457031
2023-09-21 00:00:00+05:30,508.88244291536813,520.4312581350637,499.1442250096521,505.0165100097656
2023-09-22 00:00:00+05:30,504.0377569759984,518.7184683442314,500.612257656744,517.6419067382812
2023-09-25 00:00:00+05:30,520.6759364099086,520.6759364099086,508.00157601063086,509.3228759765625
2023-09-26 00:00:00+05:30,509.32285771866697,513.3844855211487,502.2761040275552,503.69525146484375
2023-09-27 00:00:00+05:30,503.6462830012135,512.3568629223624,499.19314551899663,503.49951171875
2023-09-28 00:00:00+05:30,508.9313288136631,510.74192599294,498.1165500235663,499.633544921875
2023-09-29 00:00:00+05:30,501.19943348107955,503.10793779672025,487.154910971759,491.4123229980469
2023-10-03 00:00:00+05:30,491.4123456901192,494.73996758952825,488.182571304353,490.72723388671875
2023-10-04 00:00:00+05:30,491.31445730254467,491.7059369522968,480.6464800398908,486.17620849609375
2023-10-05 00:00:00+05:30,485.4421734075533,489.357029644711,477.1720276593646,483.4358215332031
2023-10-06 00:00:00+05:30,486.07837914224046,498.94846430782235,485.8337006034728,496.8931884765625
2023-10-09 00:00:00+05:30,494.25062500519107,506.23987283947537,492.0485182601184,503.4505615234375
2023-10-10 00:00:00+05:30,505.50586380019143,509.1760419013545,502.08036423910596,503.49951171875
2023-10-11 00:00:00+05:30,502.1292459968064,508.6377185128237,501.54204144412864,505.21221923828125
2023-10-12 00:00:00+05:30,506.77815377686267,506.77815377686267,499.63355272717416,500.31866455078125
2023-10-13 00:00:00+05:30,506.2888039060376,528.5056264464431,500.3186716498267,526.4013671875
2023-10-16 00:00:00+05:30,519.7950119310782,543.3820565532895,519.7950119310782,541.3267211914062
2023-10-17 00:00:00+05:30,540.7884944001629,542.5501679319755,530.0715624556768,539.0757446289062
2023-10-18 00:00:00+05:30,537.6565846260921,539.2225630791837,513.9227669204006,525.9609985351562
2023-10-19 00:00:00+05:30,520.1376556601439,530.9524352512468,516.1248917364775,528.4567260742188
2023-10-20 00:00:00+05:30,524.6396712455735,543.0884675165606,524.6396712455735,528.2609252929688
2023-10-23 00:00:00+05:30,533.3991863124535,533.3991863124535,514.803618349267,521.4588623046875
2023-10-25 00:00:00+05:30,520.7247847565963,524.8353956064408,513.5312605713409,516.1248168945312
2023-10-26 00:00:00+05:30,509.95901941473664,513.1398405488433,491.2656021825301,510.3016052246094
2023-10-27 00:00:00+05:30,515.7823799821458,516.4674918648008,508.49094729326805,513.0419921875
2023-10-30 00:00:00+05:30,511.62279124526566,527.5268952294562,504.3313593176279,507.0717468261719
2023-10-31 00:00:00+05:30,512.3568108891094,519.0609783119924,507.12071455759934,513.9227294921875
2023-11-01 00:00:00+05:30,513.629191965096,526.4014001228087,512.7973088028438,518.1802368164062
2023-11-02 00:00:00+05:30,518.7673414751974,543.1862676151803,518.5226629762717,539.8096923828125
2023-11-03 00:00:00+05:30,527.7226641391846,535.3076985503269,516.2227732577753,519.7950439453125
2023-11-06 00:00:00+05:30,525.5694504205554,527.0864452669412,515.8312335726462,517.8375854492188
2023-11-07 00:00:00+05:30,519.941863536721,522.5844035433012,507.0717492790249,519.5503540039062
2023-11-08 00:00:00+05:30,523.6121406376606,527.7227525674324,517.1036667708569,524.5419311523438
2023-11-09 00:00:00+05:30,527.2333250939414,537.3140689021055,521.1163616501561,534.035400390625
2023-11-10 00:00:00+05:30,536.1551312392129,537.190358079183,530.5845962540825,535.169189453125
2023-11-13 00:00:00+05:30,524.5210412191487,537.831255610988,522.5984426604606,534.2325439453125
2023-11-15 00:00:00+05:30,536.0565155181787,560.4585726474747,535.3663442912218,552.2752685546875
2023-11-16 00:00:00+05:30,553.1133480554947,561.986824227508,532.4578553752192,535.4649658203125
2023-11-17 00:00:00+05:30,540.7397370209469,540.7397370209469,524.0772982317978,538.817138671875
2023-11-20 00:00:00+05:30,538.7679163185363,550.5992180870373,530.6338963526919,538.915771484375
2023-11-21 00:00:00+05:30,539.4087388137544,549.2188718338264,538.3735119512993,543.2046508789062
2023-11-22 00:00:00+05:30,543.0567286872339,543.2046440273385,528.4648021556712,532.4085693359375
2023-11-23 00:00:00+05:30,534.3311737537379,539.6552233994382,526.7886948676054,532.704345703125
2023-11-24 00:00:00+05:30,533.0987416140426,544.9300431767269,529.3028295897477,535.4649658203125
2023-11-28 00:00:00+05:30,535.4649216304264,539.7045191488664,531.9155555253815,536.2537231445312
2023-11-29 00:00:00+05:30,540.7397121434785,556.0710928269573,532.7042635929571,550.9934692382812
2023-11-30 00:00:00+05:30,555.8246948188859,571.8462492149956,547.8878752919278,564.2052001953125
2023-12-01 00:00:00+05:30,566.9165378083002,579.7337812717923,566.3742818510365,577.564697265625
2023-12-04 00:00:00+05:30,600.3892752669744,624.5941345877136,588.8537440923631,594.0792236328125
2023-12-05 00:00:00+05:30,617.1503064364683,622.8194720132811,595.508871025212,599.5512084960938
2023-12-06 00:00:00+05:30,606.354179735727,648.5524748428891,601.2272705708324,640.3198852539062
2023-12-07 00:00:00+05:30,640.8621849024352,640.8621849024352,628.5871971715735,631.9887084960938
2023-12-08 00:00:00+05:30,635.7351935391515,642.8339857857031,631.002685433819,638.446533203125
2023-12-11 00:00:00+05:30,638.4465426787019,642.8339953263969,622.868675686275,637.4113159179688
2023-12-12 00:00:00+05:30,633.0238525823636,640.3691302379116,619.0234684924724,635.39013671875
2023-12-13 00:00:00+05:30,635.9324164843715,675.3700857237125,633.9112479712768,670.8347778320312
2023-12-14 00:00:00+05:30,670.4404331382509,724.6672328773741,670.3911480830014,697.5538330078125
2023-12-15 00:00:00+05:30,704.4061495327453,704.4061495327453,650.7216050783582,660.53173828125
2023-12-18 00:00:00+05:30,653.5808270118349,662.5528730975198,647.3200606315073,655.8977661132812
2023-12-19 00:00:00+05:30,652.0032635432201,664.3768204001498,635.2422538882421,638.495849609375
2023-12-20 00:00:00+05:30,640.8621607521519,647.5172678061165,622.9672932695358,632.333740234375
2023-12-21 00:00:00+05:30,625.5308173192604,634.7493495245653,618.3334538663518,626.7632446289062
2023-12-22 00:00:00+05:30,651.7075185030495,655.503370296406,637.9536185960426,648.651123046875
2023-12-26 00:00:00+05:30,649.7355660052823,651.5595340393112,638.8902075438891,642.3410034179688
2023-12-27 00:00:00+05:30,648.6511204186081,668.9614969933999,638.5452171847357,664.9684448242188
2023-12-28 00:00:00+05:30,667.088173419223,705.5399022133594,662.010609441135,698.8355102539062
2023-12-29 00:00:00+05:30,698.0467593714355,704.9483516251079,677.4405527146273,699.8707275390625
2024-01-01 00:00:00+05:30,699.8707699176717,704.3568532958874,683.2576744862183,692.9691772460938
2024-01-02 00:00:00+05:30,685.4760412900247,690.1099798181665,665.5107196990531,667.384033203125
2024-01-03 00:00:00+05:30,671.5249636243177,672.4616204083977,643.7214518585013,646.0383911132812
2024-01-04 00:00:00+05:30,650.7215861430727,652.7427547918826,642.094595417691,644.6580200195312
2024-01-05 00:00:00+05:30,644.6579503156761,655.6019391873905,634.9957337834014,653.1370849609375
2024-01-08 00:00:00+05:30,655.5526730528504,674.630621245208,646.1862267220803,662.9965209960938
2024-01-09 00:00:00+05:30,665.3135062453647,670.4404155763709,661.6162245418185,665.2642211914062
2024-01-10 00:00:00+05:30,668.4684578293231,678.3278746114665,652.6933909778936,673.5460815429688
2024-01-11 00:00:00+05:30,675.3700532903724,677.2433665601219,656.8343616734444,670.785400390625
2024-01-12 00:00:00+05:30,669.6516641268353,669.6516641268353,657.7710777999171,660.2852172851562
2024-01-15 00:00:00+05:30,660.2852172851562,660.2852172851562,660.2852172851562,660.2852172851562
2024-01-16 00:00:00+05:30,650.7215894529475,658.8063242664216,645.3481945955273,652.299072265625
2024-01-17 00:00:00+05:30,645.7918522242126,649.1933633286017,628.6857867743081,637.4606323242188
2024-01-18 00:00:00+05:30,637.4606227653339,645.2988716682307,629.129402990269,634.0098266601562
2024-01-19 00:00:00+05:30,640.8621513108847,649.7356272521123,617.2488338540848,619.910888671875
2024-01-23 00:00:00+05:30,634.9464551096779,635.833826710953,601.4244372933284,610.2979125976562
2024-01-24 00:00:00+05:30,611.2838750063311,618.1854671434993,583.1845355907175,608.3260498046875
2024-01-25 00:00:00+05:30,608.3260717446844,628.4393079121112,606.3049031527537,621.3405151367188
2024-01-29 00:00:00+05:30,628.5896090438314,639.0660904059157,621.6383811397131,629.5826416015625
2024-01-30 00:00:00+05:30,635.491232395013,637.5269371283492,614.5382079084991,624.2202758789062
2024-01-31 00:00:00+05:30,625.9580201218736,636.1863034903604,611.8570069297784,615.7297973632812
2024-02-01 00:00:00+05:30,616.6732459435096,620.4467577097507,605.5512686772988,613.1976318359375
2024-02-02 00:00:00+05:30,615.6802365252246,616.2760318649978,596.9118953936398,600.735107421875
2024-02-05 00:00:00+05:30,605.7498687074786,616.9711246451621,593.0887034189208,611.2115478515625
2024-02-06 00:00:00+05:30,619.1061693116394,634.547813688656,610.7150319538708,624.1209716796875
2024-02-07 00:00:00+05:30,635.441606754365,648.1524123478607,627.6462642113545,638.6192626953125
2024-02-08 00:00:00+05:30,640.2577731801032,665.033948839646,638.5199661183502,651.578369140625
2024-02-09 00:00:00+05:30,650.0391085922554,654.9546320303662,639.5129873915712,649.7412109375
2024-02-12 00:00:00+05:30,647.308291639548,661.3597275115696,636.5835514235027,643.7333984375
2024-02-13 00:00:00+05:30,646.215978305651,693.1367696616894,642.5417454848911,686.8806762695312
2024-02-14 00:00:00+05:30,685.4407415739406,714.9338214608548,675.907653004992,702.9180908203125
2024-02-15 00:00:00+05:30,707.03916291512,721.8850113932523,700.7830700843389,708.6279907226562
2024-02-16 00:00:00+05:30,708.0818927619076,710.0183184797417,680.276979590673,687.5758056640625
2024-02-19 00:00:00+05:30,690.3066376378903,702.6698450469054,690.3066376378903,697.10888671875
2024-02-20 00:00:00+05:30,703.0174758028184,704.0601479620227,690.7038467143874,700.5845336914062
2024-02-21 00:00:00+05:30,703.8118326230809,739.7099842029475,702.818800055006,708.7273559570312
2024-02-22 00:00:00+05:30,713.9904409555288,716.0757851761122,684.199462890625,703.5635986328125
2024-02-23 00:00:00+05:30,705.0531374581551,719.7003681307012,694.4773161523232,716.671630859375
2024-02-26 00:00:00+05:30,716.8702481357662,769.6002542127028,712.7987781668951,764.2378540039062
2024-02-27 00:00:00+05:30,768.4086123413457,783.4530804475689,732.3119016418552,742.639404296875
2024-02-28 00:00:00+05:30,742.8380513337922,745.8667887520031,705.1028111609169,711.3092651367188
2024-02-29 00:00:00+05:30,718.4094425734414,738.7666107595703,702.9677978517967,713.9407958984375
2024-03-01 00:00:00+05:30,717.9625334068836,738.6672378234139,716.5226240878918,726.6019287109375
2024-03-04 00:00:00+05:30,725.6585796062346,734.5462335858621,716.0261511692624,722.2326049804688
2024-03-05 00:00:00+05:30,703.4146324983734,729.6803574329953,696.6620228008464,715.9268798828125
2024-03-06 00:00:00+05:30,705.202102726623,712.600146873635,687.3771560010191,691.39892578125
2024-03-07 00:00:00+05:30,697.6550288540872,700.187249817993,671.1410467740105,675.0635375976562
2024-03-11 00:00:00+05:30,676.3047912725958,717.6149808155602,667.3178590135149,705.7482299804688
2024-03-12 00:00:00+05:30,708.578419206901,726.353727482516,685.1925129520399,703.5139770507812
2024-03-13 00:00:00+05:30,699.9886882581865,702.2230115579907,670.0487317968502,692.739501953125
2024-03-14 00:00:00+05:30,677.2482338395475,695.1228206564272,674.9146314713038,691.8458251953125
2024-03-15 00:00:00+05:30,690.952055355559,695.668960099046,680.3265946535137,689.5121459960938
2024-03-18 00:00:00+05:30,700.0879971778598,705.0531602784121,677.5957840883979,684.844970703125
2024-03-19 00:00:00+05:30,687.1785577125934,695.1228184953978,683.752583128029,687.7743530273438
2024-03-20 00:00:00+05:30,689.5121727453645,691.4982379775654,661.4093618317029,669.0557250976562
2024-03-21 00:00:00+05:30,671.8361459860797,684.7455688748607,665.331795037173,668.7081298828125
2024-03-22 00:00:00+05:30,670.9921621948632,677.6951324671616,654.4581446125667,661.2107543945312
2024-03-26 00:00:00+05:30,661.1611096935129,661.3597283405204,642.492108462938,645.7691040039062
2024-03-27 00:00:00+05:30,648.0034161722895,669.3039777340246,646.3152486168557,663.296142578125
2024-03-28 00:00:00+05:30,662.4024053798242,676.2552227250266,653.7630093551893,670.892822265625
2024-04-01 00:00:00+05:30,680.2273563989818,697.6054275478609,672.5809929714945,691.9451293945312
2024-04-02 00:00:00+05:30,691.9451020743321,699.6411047078302,676.2055596420413,691.001708984375
2024-04-03 00:00:00+05:30,691.0017045609289,740.2561574659538,691.0017045609289,716.3240356445312
2024-04-04 00:00:00+05:30,718.2604643128626,721.9346970387537,706.2447941494374,715.9765014648438
2024-04-05 00:00:00+05:30,715.9268507473852,716.9695228345138,702.1733131470165,710.9120483398438
2024-04-08 00:00:00+05:30,714.6855869907855,719.4024919242673,702.4215977977924,715.082763671875
2024-04-09 00:00:00+05:30,730.822339522304,743.1856072678098,710.0182948450735,714.139404296875
2024-04-10 00:00:00+05:30,724.8641842067823,736.2840595119062,717.6646976013781,730.6734008789062
2024-04-12 00:00:00+05:30,731.7160478197513,759.6699397825055,729.5810640934922,743.4835205078125
2024-04-15 00:00:00+05:30,739.8589547662629,751.4278092420847,724.9138256874271,734.744873046875
2024-04-16 00:00:00+05:30,730.1768426927943,757.6838572333368,730.1768426927943,745.56884765625
2024-04-18 00:00:00+05:30,752.3214512889149,894.6727066591271,748.9451769146059,793.8302612304688
2024-04-19 00:00:00+05:30,790.4539530416831,817.2658333584236,779.6298734105945,785.091552734375
2024-04-22 00:00:00+05:30,794.4260613172281,804.3563870836936,759.6699211345995,764.0889282226562
2024-04-23 00:00:00+05:30,772.8772343889057,807.434755581302,754.7543900501884,760.7125854492188
2024-04-24 00:00:00+05:30,863.9383569312066,863.9383569312066,788.5175192817265,795.8163452148438
2024-04-25 00:00:00+05:30,796.4121199993014,839.1125204481417,788.3188803214341,832.9060668945312
2024-04-26 00:00:00+05:30,834.1473867050238,835.9844727770212,794.4260825762132,802.4199829101562
2024-04-29 00:00:00+05:30,805.4984146635632,805.8459518282784,778.5375554323725,783.7509765625
2024-04-30 00:00:00+05:30,786.581119765303,787.4748733737483,769.0044907516917,778.5872192382812
2024-05-02 00:00:00+05:30,782.0285687588782,789.7590807587269,763.1760699807696,772.1035766601562
2024-05-03 00:00:00+05:30,776.5423666210955,794.3474562622422,766.1186322466995,789.9585571289062
2024-05-06 00:00:00+05:30,797.9384331020383,797.9384331020383,754.5478195508562,764.921630859375
2024-05-07 00:00:00+05:30,771.0561830547996,772.0536684145083,736.7426623281516,747.3659057617188
2024-05-08 00:00:00+05:30,748.9120143974454,756.4929398475497,738.4882799545998,742.6278686523438
2024-05-09 00:00:00+05:30,748.114077495986,752.1040192426312,714.4489440086666,729.01220703125
2024-05-10 00:00:00+05:30,736.8923685954069,763.0763613881371,733.5008937476766,746.5181274414062
2024-05-13 00:00:00+05:30,748.1140197010311,762.0788147354504,733.2016013986555,757.3407592773438
2024-05-14 00:00:00+05:30,757.4405334657384,766.9665679841661,742.4782520839301,757.191162109375
2024-05-15 00:00:00+05:30,759.0864067459005,767.914128384952,750.3085472016529,753.0017700195312
2024-05-16 00:00:00+05:30,750.1090155298796,766.5675245142453,744.1739652652426,762.6773071289062
2024-05-17 00:00:00+05:30,765.5201523099893,788.0134350193327,762.3780490708498,785.6194458007812
2024-05-21 00:00:00+05:30,788.8114357664936,799.9334222392483,773.1010408435047,782.6270141601562
2024-05-22 00:00:00+05:30,773.0511712757876,795.9933350684885,768.0637443643309,792.5021362304688
2024-05-23 00:00:00+05:30,794.9958846999235,824.9204474866208,784.5222877245794,815.4443359375
2024-05-24 00:00:00+05:30,811.9531027414247,827.8131447029265,810.0079940658932,821.6287231445312
2024-05-27 00:00:00+05:30,823.92294948622,825.5189017911492,805.9682120882152,819.4342651367188
2024-05-28 00:00:00+05:30,819.0352619830147,819.0352619830147,790.3575558788241,793.8487548828125
2024-05-29 00:00:00+05:30,793.000911540722,804.970736620582,774.5972933041016,797.9384765625
2024-05-30 00:00:00+05:30,797.4895922386053,797.4895922386053,769.5600005154271,779.584716796875
2024-05-31 00:00:00+05:30,779.5846877538811,784.7217618214011,763.9740780620335,774.1983032226562
2024-06-03 00:00:00+05:30,806.9657089558634,806.9657089558634,774.8965281842413,777.98876953125
2024-06-04 00:00:00+05:30,783.6744244569488,791.9535410540692,689.6614260354784,737.7401733398438
2024-06-05 00:00:00+05:30,739.1366583816143,775.7942456900142,719.3365981609038,767.4153442382812
2024-06-06 00:00:00+05:30,768.0637824696888,797.9883454230534,768.0637824696888,789.709228515625
2024-06-07 00:00:00+05:30,788.0134771062261,797.9883312468113,781.7791932683605,797.8386840820312
2024-06-10 00:00:00+05:30,797.9883207281073,812.9007396480492,783.0260397144554,790.2079467773438
2024-06-11 00:00:00+05:30,797.9883375360231,797.9883375360231,776.0436582537825,778.7867431640625
2024-06-12 00:00:00+05:30,788.0134607052744,792.0034022784656,776.193283147366,788.4623413085938
2024-06-13 00:00:00+05:30,813.9480838715024,817.6387920163728,778.0386095830537,780.1832275390625
2024-06-14 00:00:00+05:30,786.018488151296,804.97071058134,778.5872098116013,800.0830078125
2024-06-18 00:00:00+05:30,807.9631885445931,812.9506156343746,785.1706710969632,807.8634643554688
2024-06-19 00:00:00+05:30,812.9505895771221,862.32611618334,812.9007274841582,850.7553100585938
2024-06-20 00:00:00+05:30,850.7553116405259,858.8349189293509,831.9526755507554,839.1345825195312
2024-06-21 00:00:00+05:30,847.4635996112936,858.834957901335,829.0101190988956,835.4937744140625
2024-06-24 00:00:00+05:30,835.3940506459785,854.6953694336049,823.9229681594963,846.3165283203125
2024-06-25 00:00:00+05:30,848.7603670469176,851.8026853973389,829.5088497624247,834.4962768554688
2024-06-26 00:00:00+05:30,835.643413104149,897.2381379733596,835.643413104149,886.9640502929688
2024-06-27 00:00:00+05:30,885.2682866308065,942.523972563881,883.7221964473923,932.349609375
2024-06-28 00:00:00+05:30,936.6388141737808,1062.3219777370357,936.6388141737808,977.6853637695312
2024-07-01 00:00:00+05:30,992.4979622538019,1015.589773366448,954.5935174642094,970.5532836914062
2024-07-02 00:00:00+05:30,967.7105115780549,985.4657400063801,945.117442298666,950.2545166015625
2024-07-03 00:00:00+05:30,964.5683838351808,972.3986198890312,932.4992038048459,940.7783813476562
2024-07-04 00:00:00+05:30,943.0725850744484,946.314412629495,922.2251158293235,924.9682006835938
2024-07-05 00:00:00+05:30,924.9681919051811,965.2666260981335,917.88606997404,962.274169921875
2024-07-08 00:00:00+05:30,1032.3474597275724,1032.3474597275724,967.5608320980981,978.9321899414062
2024-07-09 00:00:00+05:30,981.5256593799193,1009.2557420519187,968.6580730292793,994.3433227539062
2024-07-10 00:00:00+05:30,995.1413361024106,1019.6794526498986,993.4954608357046,1005.664794921875
2024-07-11 00:00:00+05:30,1006.0138671342215,1006.0138671342215,958.832820868844,966.2640991210938
2024-07-12 00:00:00+05:30,966.7130071050501,967.2117498088381,926.763667826285,934.1949462890625
2024-07-15 00:00:00+05:30,934.6936875356482,1012.4476871113212,923.9707194209225,984.9171142578125
2024-07-16 00:00:00+05:30,968.6081928467753,986.0641874792911,950.2544978764511,978.2838134765625
2024-07-18 00:00:00+05:30,977.5356859317908,1000.9267305929226,971.75028282404,981.4259033203125
2024-07-19 00:00:00+05:30,981.4258815835959,981.6752529265248,955.590986103493,963.6705932617188
2024-07-22 00:00:00+05:30,962.5235570266595,997.4854084152796,954.9925543694598,984.1190795898438
2024-07-23 00:00:00+05:30,984.1190451403377,1030.153019479935,957.5859585579643,997.7846069335938
2024-07-24 00:00:00+05:30,996.4380304200611,1036.387307628241,995.4904071347299,1018.632080078125
2024-07-25 00:00:00+05:30,1007.460232268499,1014.4426299178846,988.7075193293414,996.1886596679688
2024-07-26 00:00:00+05:30,996.1886964164976,1005.9640413099062,990.3035081136742,994.1937255859375
2024-07-29 00:00:00+05:30,1011.450249677582,1076.2868041440936,1005.5151990539266,1065.464111328125
2024-07-30 00:00:00+05:30,1074.7905296559268,1110.201261723477,1065.5637896101566,1099.777587890625
2024-07-31 00:00:00+05:30,1092.5956004730856,1136.2355864009871,1092.5956004730856,1129.4527587890625
2024-08-01 00:00:00+05:30,1126.9590604461482,1211.9447683351739,1087.7578352835449,1096.3861083984375
2024-08-02 00:00:00+05:30,1096.3861477276969,1096.3861477276969,1048.3571993514545,1053.6439208984375
2024-08-05 00:00:00+05:30,1016.7867030140393,1036.3873151851783,1003.5201595676962,1013.744384765625
2024-08-06 00:00:00+05:30,1020.4275799953748,1040.3273653280653,985.5654525494024,991.7000122070312
2024-08-07 00:00:00+05:30,999.75,1010.4500122070312,982.4000244140625,1001.2000122070312
2024-08-08 00:00:00+05:30,1011.2000122070312,1042.0,998.0,1030.3499755859375
2024-08-09 00:00:00+05:30,1037.0,1040.0,1011.2999877929688,1033.3499755859375
2024-08-12 00:00:00+05:30,1000.0,1047.449951171875,996.0,1035.25
2024-08-13 00:00:00+05:30,1032.4000244140625,1060.0,1005.75,1012.9000244140625
2024-08-14 00:00:00+05:30,1014.4000244140625,1034.8499755859375,1000.0,1026.800048828125
2024-08-16 00:00:00+05:30,1027.0,1089.0,1027.0,1069.5999755859375
2024-08-19 00:00:00+05:30,1078.25,1100.0,1078.25,1098.050048828125
2024-08-20 00:00:00+05:30,1111.0,1112.8499755859375,1070.550048828125,1098.75
2024-08-21 00:00:00+05:30,1105.800048828125,1107.1500244140625,1073.6500244140625,1094.050048828125
2024-08-22 00:00:00+05:30,1098.75,1109.9000244140625,1088.5,1098.1500244140625
2024-08-23 00:00:00+05:30,1108.800048828125,1108.800048828125,1076.9000244140625,1084.949951171875
2024-08-26 00:00:00+05:30,1084.949951171875,1129.9000244140625,1084.949951171875,1104.199951171875
2024-08-27 00:00:00+05:30,1114.25,1114.25,1092.1500244140625,1100.25
2024-08-28 00:00:00+05:30,1109.5,1134.9000244140625,1094.0999755859375,1097.449951171875
2024-08-29 00:00:00+05:30,1097.9000244140625,1107.550048828125,1062.0,1080.949951171875
2024-08-30 00:00:00+05:30,1094.3499755859375,1094.3499755859375,1057.4000244140625,1073.0
2024-09-02 00:00:00+05:30,1080.0,1094.3499755859375,1062.300048828125,1086.5
2024-09-03 00:00:00+05:30,1100.0,1104.9000244140625,1086.5999755859375,1095.1500244140625
2024-09-04 00:00:00+05:30,1081.5,1114.0,1067.5999755859375,1091.199951171875
2024-09-05 00:00:00+05:30,1094.8499755859375,1110.0,1080.4000244140625,1106.699951171875
2024-09-06 00:00:00+05:30,1119.6500244140625,1119.6500244140625,1083.0,1089.8499755859375
2024-09-09 00:00:00+05:30,1090.4000244140625,1108.0,1054.5,1103.3499755859375
2024-09-10 00:00:00+05:30,1107.9000244140625,1108.0,1062.0,1071.050048828125
2024-09-11 00:00:00+05:30,1080.0,1087.0,1060.0,1082.5
2024-09-12 00:00:00+05:30,1099.5999755859375,1112.0,1080.0999755859375,1108.1500244140625
2024-09-13 00:00:00+05:30,1110.0,1110.0,1072.0999755859375,1092.800048828125
2024-09-16 00:00:00+05:30,1106.949951171875,1111.8499755859375,1087.8499755859375,1104.25
2024-09-17 00:00:00+05:30,1104.9000244140625,1109.0,1076.0,1085.5
2024-09-18 00:00:00+05:30,1094.449951171875,1134.800048828125,1075.0,1081.300048828125
2024-09-19 00:00:00+05:30,1083.9000244140625,1085.3499755859375,1038.6500244140625,1065.5999755859375
2024-09-20 00:00:00+05:30,1071.0,1108.8499755859375,1046.5,1089.25
2024-09-23 00:00:00+05:30,1089.25,1093.3499755859375,1069.9000244140625,1074.0
2024-09-24 00:00:00+05:30,1074.0,1088.0,1065.199951171875,1078.550048828125
2024-09-25 00:00:00+05:30,1079.949951171875,1080.050048828125,1028.0,1034.4000244140625
2024-09-26 00:00:00+05:30,1028.050048828125,1105.0,1016.9500122070312,1079.75
2024-09-27 00:00:00+05:30,1075.199951171875,1100.0,1042.4000244140625,1067.550048828125
2024-09-30 00:00:00+05:30,1076.550048828125,1083.949951171875,1036.0,1039.5999755859375
2024-10-01 00:00:00+05:30,1040.0,1044.6500244140625,1007.0,1014.0499877929688
2024-10-03 00:00:00+05:30,994.0,998.4500122070312,940.0,955.4500122070312
2024-10-04 00:00:00+05:30,962.9000244140625,1025.0,951.5999755859375,1011.2000122070312
2024-10-07 00:00:00+05:30,1007.5999755859375,1021.0499877929688,955.2000122070312,963.7999877929688
2024-10-08 00:00:00+05:30,965.0,984.4500122070312,953.4000244140625,976.5499877929688
2024-10-09 00:00:00+05:30,979.9500122070312,1022.25,979.0,1010.0
2024-10-10 00:00:00+05:30,1052.0,1065.0,1012.0,1022.8499755859375
2024-10-11 00:00:00+05:30,1023.9500122070312,1080.0,1023.9500122070312,1056.9000244140625
2024-10-14 00:00:00+05:30,1063.949951171875,1098.3499755859375,1050.199951171875,1063.5999755859375
2024-10-15 00:00:00+05:30,1064.949951171875,1119.8499755859375,1064.949951171875,1114.75
2024-10-16 00:00:00+05:30,1122.75,1128.3499755859375,1107.0,1122.199951171875
2024-10-17 00:00:00+05:30,1125.5999755859375,1143.6500244140625,1101.0999755859375,1108.4000244140625
2024-10-18 00:00:00+05:30,1089.0,1089.0,1047.5999755859375,1069.25
2024-10-21 00:00:00+05:30,1074.0,1119.0,1070.0,1104.8499755859375
2024-10-22 00:00:00+05:30,1103.8499755859375,1103.8499755859375,1013.4000244140625,1024.8499755859375
2024-10-23 00:00:00+05:30,1015.2000122070312,1054.0,992.0499877929688,1008.0
2024-10-24 00:00:00+05:30,1017.0,1051.949951171875,1017.0,1035.8499755859375
2024-10-25 00:00:00+05:30,1030.5,1045.949951171875,982.0,1012.1500244140625
2024-10-28 00:00:00+05:30,1016.8499755859375,1022.0499877929688,998.9500122070312,1001.75
2024-10-29 00:00:00+05:30,1000.0,1037.6500244140625,994.6500244140625,1025.199951171875
2024-10-30 00:00:00+05:30,1025.5,1070.0,1024.8499755859375,1061.3499755859375
2024-10-31 00:00:00+05:30,1060.050048828125,1095.0,1048.0,1090.5
2024-11-01 00:00:00+05:30,1095.050048828125,1097.5,1068.0,1076.5999755859375
2024-11-04 00:00:00+05:30,1079.800048828125,1099.800048828125,1026.050048828125,1037.699951171875
2024-11-05 00:00:00+05:30,1035.5,1049.300048828125,1011.75,1036.449951171875
2024-11-06 00:00:00+05:30,1035.8499755859375,1060.0999755859375,1030.0999755859375,1056.199951171875
2024-11-07 00:00:00+05:30,1060.4000244140625,1075.0,1033.4000244140625,1036.1500244140625
2024-11-08 00:00:00+05:30,1046.0,1061.300048828125,1023.9500122070312,1046.449951171875
2024-11-11 00:00:00+05:30,1042.5,1068.8499755859375,1030.050048828125,1051.1500244140625
2024-11-12 00:00:00+05:30,1055.199951171875,1058.800048828125,1033.550048828125,1038.75
2024-11-13 00:00:00+05:30,1035.5,1035.5,1005.0499877929688,1016.7999877929688
2024-11-14 00:00:00+05:30,1001.0499877929688,1054.25,1001.0499877929688,1050.4000244140625
2024-11-18 00:00:00+05:30,1051.0,1060.0,1031.5,1048.050048828125
2024-11-19 00:00:00+05:30,1051.1500244140625,1075.5,1039.050048828125,1065.5
2024-11-21 00:00:00+05:30,1073.949951171875,1110.0,1067.0,1091.699951171875
2024-11-22 00:00:00+05:30,1097.949951171875,1114.0,1068.699951171875,1082.4000244140625
2024-11-25 00:00:00+05:30,1099.0,1115.6500244140625,1076.5,1092.6500244140625
2024-11-26 00:00:00+05:30,1085.0,1100.0,1083.0,1092.1500244140625
2024-11-27 00:00:00+05:30,1101.699951171875,1148.0,1101.699951171875,1132.0
2024-11-28 00:00:00+05:30,1140.0,1148.8499755859375,1096.5999755859375,1124.5999755859375
2024-11-29 00:00:00+05:30,1123.1500244140625,1123.1500244140625,1090.0,1115.050048828125
2024-12-02 00:00:00+05:30,1115.0,1150.0,1094.0,1144.5999755859375
2024-12-03 00:00:00+05:30,1150.0,1177.699951171875,1141.25,1156.699951171875
2024-12-04 00:00:00+05:30,1162.699951171875,1162.699951171875,1125.050048828125,1128.4000244140625
2024-12-05 00:00:00+05:30,1129.0,1140.0,1111.0999755859375,1119.3499755859375
2024-12-06 00:00:00+05:30,1118.949951171875,1128.449951171875,1102.3499755859375,1120.6500244140625
2024-12-09 00:00:00+05:30,1124.449951171875,1166.5,1121.5,1138.5999755859375
2024-12-10 00:00:00+05:30,1140.0,1210.0,1140.0,1198.4000244140625
2024-12-11 00:00:00+05:30,1202.699951171875,1225.949951171875,1184.75,1211.0999755859375
2024-12-12 00:00:00+05:30,1214.949951171875,1218.0,1186.4000244140625,1199.300048828125
2024-12-13 00:00:00+05:30,1197.949951171875,1203.800048828125,1173.0,1186.5999755859375
2024-12-16 00:00:00+05:30,1186.800048828125,1245.0,1184.5999755859375,1242.4000244140625
2024-12-17 00:00:00+05:30,1245.0,1260.0,1232.050048828125,1251.8499755859375
2024-12-18 00:00:00+05:30,1255.050048828125,1270.0,1226.1500244140625,1240.800048828125
2024-12-19 00:00:00+05:30,1205.25,1239.9000244140625,1196.0,1225.3499755859375
2024-12-20 00:00:00+05:30,1225.3499755859375,1260.0,1210.3499755859375,1249.5
2024-12-23 00:00:00+05:30,1238.050048828125,1280.75,1208.949951171875,1232.699951171875
2024-12-24 00:00:00+05:30,1230.0,1239.699951171875,1201.199951171875,1236.3499755859375
2024-12-26 00:00:00+05:30,1236.4000244140625,1312.0999755859375,1214.25,1256.25
2024-12-27 00:00:00+05:30,1262.8499755859375,1276.949951171875,1221.9000244140625,1250.9000244140625
2024-12-30 00:00:00+05:30,1254.949951171875,1295.0,1221.75,1270.949951171875
2024-12-31 00:00:00+05:30,1275.0,1275.4000244140625,1243.0,1254.800048828125
2025-01-01 00:00:00+05:30,1253.199951171875,1288.949951171875,1224.5,1276.699951171875
2025-01-02 00:00:00+05:30,1283.5,1300.0,1269.800048828125,1292.9000244140625
2025-01-03 00:00:00+05:30,1310.0,1311.3499755859375,1290.1500244140625,1297.1500244140625
2025-01-06 00:00:00+05:30,1306.0999755859375,1318.0,1246.5,1257.9000244140625
2025-01-07 00:00:00+05:30,1235.0,1253.3499755859375,1197.0,1217.300048828125
2025-01-08 00:00:00+05:30,1195.0,1214.8499755859375,1151.75,1175.8499755859375
2025-01-09 00:00:00+05:30,1172.699951171875,1172.699951171875,1148.050048828125,1166.550048828125
2025-01-10 00:00:00+05:30,1164.8499755859375,1183.449951171875,1112.449951171875,1129.0999755859375
2025-01-13 00:00:00+05:30,1100.199951171875,1142.300048828125,1089.0,1101.949951171875
2025-01-14 00:00:00+05:30,1106.8499755859375,1137.0,1100.800048828125,1126.5
2025-01-15 00:00:00+05:30,1134.0,1220.0,1132.0,1193.449951171875
2025-01-16 00:00:00+05:30,1172.0999755859375,1221.300048828125,1172.0999755859375,1198.949951171875
2025-01-17 00:00:00+05:30,1185.6500244140625,1201.449951171875,1169.0,1183.699951171875
2025-01-20 00:00:00+05:30,1175.199951171875,1233.949951171875,1162.4000244140625,1216.5
2025-01-21 00:00:00+05:30,1230.0,1233.1500244140625,1191.0999755859375,1201.8499755859375
2025-01-22 00:00:00+05:30,1200.0,1211.5,1113.75,1148.949951171875
2025-01-23 00:00:00+05:30,1130.0,1156.699951171875,1130.0,1141.449951171875
2025-01-24 00:00:00+05:30,1140.6500244140625,1155.0,1101.0,1127.4000244140625
2025-01-27 00:00:00+05:30,1120.449951171875,1121.949951171875,1045.449951171875,1076.550048828125
2025-01-28 00:00:00+05:30,1059.9000244140625,1059.9000244140625,945.0,1013.0499877929688
2025-01-29 00:00:00+05:30,997.7999877929688,1041.0,936.9000244140625,1028.3499755859375
2025-01-30 00:00:00+05:30,1032.0,1060.0,980.0,1007.1500244140625
2025-01-31 00:00:00+05:30,1001.2000122070312,1053.25,998.5999755859375,1007.75
2025-02-01 00:00:00+05:30,1010.0,1031.550048828125,996.25,1023.6500244140625
2025-02-03 00:00:00+05:30,1023.5499877929688,1050.0,980.0,991.25
2025-02-04 00:00:00+05:30,993.6500244140625,1001.75,968.0,986.3499755859375
2025-02-05 00:00:00+05:30,981.5,1041.8499755859375,981.5,1028.9000244140625
2025-02-06 00:00:00+05:30,1032.9000244140625,1032.9000244140625,976.6500244140625,1009.7000122070312
2025-02-07 00:00:00+05:30,1014.4000244140625,1025.25,1003.0,1018.7000122070312
2025-02-10 00:00:00+05:30,1019.0,1029.5,985.5,991.8499755859375
2025-02-11 00:00:00+05:30,992.3499755859375,1012.4500122070312,969.0499877929688,989.4500122070312
2025-02-12 00:00:00+05:30,982.2999877929688,983.9500122070312,951.0,954.5
2025-02-13 00:00:00+05:30,960.0,998.0,945.0999755859375,953.0999755859375
2025-02-14 00:00:00+05:30,958.0,967.75,900.0499877929688,904.5999755859375
2025-02-17 00:00:00+05:30,882.0999755859375,904.2999877929688,865.8499755859375,896.4000244140625
2025-02-18 00:00:00+05:30,902.0,912.0,877.1500244140625,884.6500244140625
2025-02-19 00:00:00+05:30,883.5,945.0,870.0,932.7000122070312
2025-02-20 00:00:00+05:30,932.7000122070312,979.0,932.7000122070312,955.25
2025-02-21 00:00:00+05:30,959.0,985.0,946.5499877929688,981.25
2025-02-24 00:00:00+05:30,980.9500122070312,1050.0,966.4500122070312,1009.4000244140625
2025-02-25 00:00:00+05:30,1010.0,1067.25,1010.0,1038.5
2025-02-27 00:00:00+05:30,1034.699951171875,1046.4000244140625,1002.2000122070312,1010.1500244140625
2025-02-28 00:00:00+05:30,991.0,1011.9000244140625,977.5499877929688,998.2999877929688
2025-03-03 00:00:00+05:30,994.4000244140625,1005.0499877929688,971.8499755859375,978.5999755859375
2025-03-04 00:00:00+05:30,970.0,1001.2999877929688,970.0,983.0499877929688
2025-03-05 00:00:00+05:30,982.5999755859375,1003.0499877929688,977.0,983.5
2025-03-06 00:00:00+05:30,987.8499755859375,992.2000122070312,961.0,966.25
2025-03-07 00:00:00+05:30,965.9500122070312,979.7999877929688,964.5499877929688,972.9000244140625
2025-03-10 00:00:00+05:30,972.0,984.0,890.0,895.4000244140625
2025-03-11 00:00:00+05:30,889.2999877929688,896.4000244140625,861.4500122070312,865.1500244140625
2025-03-12 00:00:00+05:30,868.0,870.7999877929688,832.0999755859375,846.3499755859375
2025-03-13 00:00:00+05:30,848.75,884.9500122070312,825.0,864.8499755859375
2025-03-17 00:00:00+05:30,864.8499755859375,870.25,851.0,854.5999755859375
2025-03-18 00:00:00+05:30,854.5999755859375,854.5999755859375,854.5999755859375,854.5999755859375
2025-03-19 00:00:00+05:30,914.7999877929688,943.8499755859375,887.2999877929688,923.7999877929688
2025-03-20 00:00:00+05:30,923.7999877929688,930.0,913.5,926.5999755859375
2025-03-21 00:00:00+05:30,926.5999755859375,982.0,914.2000122070312,942.75
2025-03-24 00:00:00+05:30,950.0,997.5999755859375,942.7999877929688,978.75
2025-03-25 00:00:00+05:30,978.0499877929688,988.5,966.9000244140625,977.7999877929688
2025-03-26 00:00:00+05:30,972.9500122070312,983.25,941.25,959.6500244140625
2025-03-27 00:00:00+05:30,950.0,987.0,942.0,971.4000244140625
2025-03-28 00:00:00+05:30,976.7000122070312,983.0,924.9000244140625,942.6500244140625
2025-04-01 00:00:00+05:30,949.0,954.75,883.0499877929688,888.1500244140625
