Date,Open,High,Low,Close
2020-04-01 00:00:00+05:30,3.315000057220459,3.315000057220459,3.315000057220459,3.315000057220459
2020-04-03 00:00:00+05:30,3.315000057220459,3.315000057220459,3.315000057220459,3.315000057220459
2020-04-07 00:00:00+05:30,3.1500000953674316,3.1500000953674316,3.1500000953674316,3.1500000953674316
2020-04-08 00:00:00+05:30,2.994999885559082,2.994999885559082,2.994999885559082,2.994999885559082
2020-04-09 00:00:00+05:30,2.8499999046325684,2.8499999046325684,2.8499999046325684,2.8499999046325684
2020-04-13 00:00:00+05:30,2.7100000381469727,2.7100000381469727,2.7100000381469727,2.7100000381469727
2020-04-15 00:00:00+05:30,2.575000047683716,2.575000047683716,2.575000047683716,2.575000047683716
2020-04-16 00:00:00+05:30,2.450000047683716,2.450000047683716,2.450000047683716,2.450000047683716
2020-04-17 00:00:00+05:30,2.450000047683716,2.450000047683716,2.450000047683716,2.450000047683716
2020-04-20 00:00:00+05:30,2.3299999237060547,2.3299999237060547,2.3299999237060547,2.3299999237060547
2020-04-21 00:00:00+05:30,2.2149999141693115,2.2149999141693115,2.2149999141693115,2.2149999141693115
2020-04-22 00:00:00+05:30,2.1050000190734863,2.1050000190734863,2.1050000190734863,2.1050000190734863
2020-04-23 00:00:00+05:30,2.1050000190734863,2.1050000190734863,2.1050000190734863,2.1050000190734863
2020-04-24 00:00:00+05:30,2.1050000190734863,2.1050000190734863,2.1050000190734863,2.1050000190734863
2020-04-27 00:00:00+05:30,2.1050000190734863,2.1050000190734863,2.1050000190734863,2.1050000190734863
2020-04-28 00:00:00+05:30,2.1050000190734863,2.1050000190734863,2.1050000190734863,2.1050000190734863
2020-04-29 00:00:00+05:30,2.1050000190734863,2.1050000190734863,2.1050000190734863,2.1050000190734863
2020-04-30 00:00:00+05:30,2.0,2.0,2.0,2.0
2020-05-04 00:00:00+05:30,2.0,2.0,2.0,2.0
2020-05-05 00:00:00+05:30,2.0,2.0,2.0,2.0
2020-05-06 00:00:00+05:30,2.0,2.0,2.0,2.0
2020-05-07 00:00:00+05:30,2.0,2.0,2.0,2.0
2020-05-08 00:00:00+05:30,1.899999976158142,1.899999976158142,1.899999976158142,1.899999976158142
2020-05-11 00:00:00+05:30,1.899999976158142,1.899999976158142,1.899999976158142,1.899999976158142
2020-05-12 00:00:00+05:30,1.899999976158142,1.899999976158142,1.899999976158142,1.899999976158142
2020-05-13 00:00:00+05:30,1.899999976158142,1.899999976158142,1.899999976158142,1.899999976158142
2020-05-14 00:00:00+05:30,1.899999976158142,1.899999976158142,1.899999976158142,1.899999976158142
2020-05-15 00:00:00+05:30,1.899999976158142,1.899999976158142,1.899999976158142,1.899999976158142
2020-05-18 00:00:00+05:30,1.899999976158142,1.899999976158142,1.899999976158142,1.899999976158142
2020-05-19 00:00:00+05:30,1.8049999475479126,1.8049999475479126,1.8049999475479126,1.8049999475479126
2020-05-20 00:00:00+05:30,1.8049999475479126,1.8049999475479126,1.8049999475479126,1.8049999475479126
2020-05-21 00:00:00+05:30,1.715000033378601,1.715000033378601,1.715000033378601,1.715000033378601
2020-05-22 00:00:00+05:30,1.6299999952316284,1.6299999952316284,1.6299999952316284,1.6299999952316284
2020-05-26 00:00:00+05:30,1.6299999952316284,1.6299999952316284,1.6299999952316284,1.6299999952316284
2020-05-27 00:00:00+05:30,1.6299999952316284,1.6299999952316284,1.6299999952316284,1.6299999952316284
2020-05-28 00:00:00+05:30,1.5499999523162842,1.5499999523162842,1.5499999523162842,1.5499999523162842
2020-05-29 00:00:00+05:30,1.475000023841858,1.475000023841858,1.475000023841858,1.475000023841858
2020-06-01 00:00:00+05:30,1.475000023841858,1.475000023841858,1.475000023841858,1.475000023841858
2020-06-02 00:00:00+05:30,1.475000023841858,1.475000023841858,1.475000023841858,1.475000023841858
2020-06-03 00:00:00+05:30,1.475000023841858,1.475000023841858,1.475000023841858,1.475000023841858
2020-06-04 00:00:00+05:30,1.475000023841858,1.475000023841858,1.475000023841858,1.475000023841858
2020-06-05 00:00:00+05:30,1.475000023841858,1.475000023841858,1.475000023841858,1.475000023841858
2020-06-08 00:00:00+05:30,1.440000057220459,1.4500000476837158,1.440000057220459,1.4500000476837158
2020-06-09 00:00:00+05:30,1.465000033378601,1.465000033378601,1.465000033378601,1.465000033378601
2020-06-10 00:00:00+05:30,1.399999976158142,1.534999966621399,1.3949999809265137,1.534999966621399
2020-06-11 00:00:00+05:30,1.534999966621399,1.534999966621399,1.534999966621399,1.534999966621399
2020-06-12 00:00:00+05:30,1.524999976158142,1.565000057220459,1.524999976158142,1.565000057220459
2020-06-15 00:00:00+05:30,1.565000057220459,1.565000057220459,1.565000057220459,1.565000057220459
2020-06-16 00:00:00+05:30,1.6399999856948853,1.6399999856948853,1.6399999856948853,1.6399999856948853
2020-06-17 00:00:00+05:30,1.7200000286102295,1.7200000286102295,1.7200000286102295,1.7200000286102295
2020-06-18 00:00:00+05:30,1.8049999475479126,1.8049999475479126,1.8049999475479126,1.8049999475479126
2020-06-19 00:00:00+05:30,1.8049999475479126,1.8049999475479126,1.8049999475479126,1.8049999475479126
2020-06-22 00:00:00+05:30,1.8049999475479126,1.8049999475479126,1.8049999475479126,1.8049999475479126
2020-06-23 00:00:00+05:30,1.8049999475479126,1.8049999475479126,1.8049999475479126,1.8049999475479126
2020-06-24 00:00:00+05:30,1.8049999475479126,1.8049999475479126,1.8049999475479126,1.8049999475479126
2020-06-25 00:00:00+05:30,1.8049999475479126,1.8049999475479126,1.8049999475479126,1.8049999475479126
2020-06-26 00:00:00+05:30,1.8049999475479126,1.8049999475479126,1.8049999475479126,1.8049999475479126
2020-06-29 00:00:00+05:30,1.8049999475479126,1.8049999475479126,1.8049999475479126,1.8049999475479126
2020-06-30 00:00:00+05:30,1.9850000143051147,1.9850000143051147,1.9850000143051147,1.9850000143051147
2020-07-01 00:00:00+05:30,1.9850000143051147,1.9850000143051147,1.9850000143051147,1.9850000143051147
2020-07-02 00:00:00+05:30,1.9850000143051147,1.9850000143051147,1.9850000143051147,1.9850000143051147
2020-07-03 00:00:00+05:30,1.9850000143051147,1.9850000143051147,1.9850000143051147,1.9850000143051147
2020-07-06 00:00:00+05:30,2.3949999809265137,2.3949999809265137,2.3949999809265137,2.3949999809265137
2020-07-07 00:00:00+05:30,2.3949999809265137,2.3949999809265137,2.3949999809265137,2.3949999809265137
2020-07-08 00:00:00+05:30,2.3949999809265137,2.3949999809265137,2.3949999809265137,2.3949999809265137
2020-07-09 00:00:00+05:30,2.3949999809265137,2.3949999809265137,2.3949999809265137,2.3949999809265137
2020-07-10 00:00:00+05:30,2.3949999809265137,2.3949999809265137,2.3949999809265137,2.3949999809265137
2020-07-13 00:00:00+05:30,3.0450000762939453,3.0450000762939453,3.0450000762939453,3.0450000762939453
2020-07-14 00:00:00+05:30,3.194999933242798,3.194999933242798,3.1500000953674316,3.194999933242798
2020-07-15 00:00:00+05:30,3.2049999237060547,3.3499999046325684,3.1500000953674316,3.200000047683716
2020-07-16 00:00:00+05:30,3.3499999046325684,3.3499999046325684,3.3499999046325684,3.3499999046325684
2020-07-17 00:00:00+05:30,3.3499999046325684,3.3499999046325684,3.3499999046325684,3.3499999046325684
2020-07-20 00:00:00+05:30,3.3499999046325684,3.3499999046325684,3.3499999046325684,3.3499999046325684
2020-07-21 00:00:00+05:30,3.3499999046325684,3.3499999046325684,3.3499999046325684,3.3499999046325684
2020-07-22 00:00:00+05:30,3.3499999046325684,3.3499999046325684,3.3499999046325684,3.3499999046325684
2020-07-23 00:00:00+05:30,3.2750000953674316,3.515000104904175,3.2750000953674316,3.515000104904175
2020-07-24 00:00:00+05:30,3.6500000953674316,3.6500000953674316,3.6500000953674316,3.6500000953674316
2020-07-27 00:00:00+05:30,3.799999952316284,3.799999952316284,3.765000104904175,3.7899999618530273
2020-07-28 00:00:00+05:30,3.950000047683716,3.9749999046325684,3.9000000953674316,3.9000000953674316
2020-07-29 00:00:00+05:30,3.950000047683716,3.950000047683716,3.9000000953674316,3.9000000953674316
2020-07-30 00:00:00+05:30,3.950000047683716,3.950000047683716,3.9049999713897705,3.9049999713897705
2020-07-31 00:00:00+05:30,3.9049999713897705,3.9049999713897705,3.9049999713897705,3.9049999713897705
2020-08-03 00:00:00+05:30,3.9049999713897705,3.9049999713897705,3.9049999713897705,3.9049999713897705
2020-08-04 00:00:00+05:30,3.9049999713897705,3.9049999713897705,3.9049999713897705,3.9049999713897705
2020-08-05 00:00:00+05:30,3.9049999713897705,3.9049999713897705,3.9049999713897705,3.9049999713897705
2020-08-06 00:00:00+05:30,3.9049999713897705,3.9049999713897705,3.9049999713897705,3.9049999713897705
2020-08-07 00:00:00+05:30,3.9049999713897705,3.9049999713897705,3.9049999713897705,3.9049999713897705
2020-08-10 00:00:00+05:30,3.9049999713897705,3.9049999713897705,3.9049999713897705,3.9049999713897705
2020-08-11 00:00:00+05:30,3.9049999713897705,3.9049999713897705,3.9049999713897705,3.9049999713897705
2020-08-12 00:00:00+05:30,3.950000047683716,3.950000047683716,3.950000047683716,3.950000047683716
2020-08-13 00:00:00+05:30,3.950000047683716,3.950000047683716,3.950000047683716,3.950000047683716
2020-08-14 00:00:00+05:30,3.950000047683716,3.950000047683716,3.950000047683716,3.950000047683716
2020-08-17 00:00:00+05:30,3.950000047683716,3.950000047683716,3.9100000858306885,3.9100000858306885
2020-08-18 00:00:00+05:30,4.050000190734863,4.050000190734863,3.940000057220459,3.940000057220459
2020-08-19 00:00:00+05:30,4.025000095367432,4.050000190734863,3.9749999046325684,4.025000095367432
2020-08-20 00:00:00+05:30,4.025000095367432,4.025000095367432,4.025000095367432,4.025000095367432
2020-08-21 00:00:00+05:30,4.025000095367432,4.025000095367432,4.025000095367432,4.025000095367432
2020-08-24 00:00:00+05:30,4.050000190734863,4.224999904632568,3.950000047683716,4.224999904632568
2020-08-25 00:00:00+05:30,4.434999942779541,4.434999942779541,4.434999942779541,4.434999942779541
2020-08-26 00:00:00+05:30,4.300000190734863,4.300000190734863,4.300000190734863,4.300000190734863
2020-08-27 00:00:00+05:30,4.300000190734863,4.300000190734863,4.300000190734863,4.300000190734863
2020-08-28 00:00:00+05:30,4.224999904632568,4.5,4.224999904632568,4.5
2020-08-31 00:00:00+05:30,4.699999809265137,4.71999979019165,4.699999809265137,4.71999979019165
2020-09-01 00:00:00+05:30,4.900000095367432,4.900000095367432,4.900000095367432,4.900000095367432
2020-09-02 00:00:00+05:30,5.099999904632568,5.099999904632568,5.099999904632568,5.099999904632568
2020-09-03 00:00:00+05:30,5.099999904632568,5.099999904632568,5.099999904632568,5.099999904632568
2020-09-04 00:00:00+05:30,5.099999904632568,5.099999904632568,5.099999904632568,5.099999904632568
2020-09-07 00:00:00+05:30,5.099999904632568,5.099999904632568,5.099999904632568,5.099999904632568
2020-09-08 00:00:00+05:30,5.099999904632568,5.099999904632568,5.099999904632568,5.099999904632568
2020-09-09 00:00:00+05:30,5.349999904632568,5.349999904632568,5.349999904632568,5.349999904632568
2020-09-10 00:00:00+05:30,5.349999904632568,5.349999904632568,5.349999904632568,5.349999904632568
2020-09-11 00:00:00+05:30,5.349999904632568,5.349999904632568,5.349999904632568,5.349999904632568
2020-09-14 00:00:00+05:30,5.085000038146973,5.599999904632568,5.085000038146973,5.599999904632568
2020-09-15 00:00:00+05:30,5.599999904632568,5.599999904632568,5.599999904632568,5.599999904632568
2020-09-16 00:00:00+05:30,5.599999904632568,5.599999904632568,5.599999904632568,5.599999904632568
2020-09-17 00:00:00+05:30,5.599999904632568,5.599999904632568,5.599999904632568,5.599999904632568
2020-09-18 00:00:00+05:30,5.599999904632568,5.599999904632568,5.599999904632568,5.599999904632568
2020-09-21 00:00:00+05:30,5.599999904632568,5.599999904632568,5.599999904632568,5.599999904632568
2020-09-22 00:00:00+05:30,5.320000171661377,5.320000171661377,5.320000171661377,5.320000171661377
2020-09-23 00:00:00+05:30,5.320000171661377,5.320000171661377,5.320000171661377,5.320000171661377
2020-09-24 00:00:00+05:30,5.320000171661377,5.320000171661377,5.320000171661377,5.320000171661377
2020-09-25 00:00:00+05:30,5.320000171661377,5.320000171661377,5.320000171661377,5.320000171661377
2020-09-28 00:00:00+05:30,5.320000171661377,5.320000171661377,5.320000171661377,5.320000171661377
2020-09-29 00:00:00+05:30,5.400000095367432,5.579999923706055,5.054999828338623,5.054999828338623
2020-09-30 00:00:00+05:30,5.099999904632568,5.300000190734863,4.835000038146973,5.179999828338623
2020-10-01 00:00:00+05:30,5.179999828338623,5.199999809265137,4.960000038146973,5.050000190734863
2020-10-05 00:00:00+05:30,5.300000190734863,5.300000190734863,5.0,5.235000133514404
2020-10-06 00:00:00+05:30,5.25,5.300000190734863,5.099999904632568,5.235000133514404
2020-10-07 00:00:00+05:30,5.300000190734863,5.440000057220459,5.099999904632568,5.239999771118164
2020-10-08 00:00:00+05:30,5.300000190734863,5.300000190734863,5.195000171661377,5.255000114440918
2020-10-09 00:00:00+05:30,5.255000114440918,5.389999866485596,5.184999942779541,5.195000171661377
2020-10-12 00:00:00+05:30,5.289999961853027,5.385000228881836,5.099999904632568,5.210000038146973
2020-10-13 00:00:00+05:30,5.465000152587891,5.465000152587891,5.099999904632568,5.315000057220459
2020-10-14 00:00:00+05:30,5.400000095367432,5.400000095367432,5.114999771118164,5.269999980926514
2020-10-15 00:00:00+05:30,5.25,5.309999942779541,5.135000228881836,5.309999942779541
2020-10-16 00:00:00+05:30,5.304999828338623,5.309999942779541,5.170000076293945,5.269999980926514
2020-10-19 00:00:00+05:30,5.295000076293945,5.34499979019165,5.204999923706055,5.315000057220459
2020-10-20 00:00:00+05:30,5.300000190734863,5.574999809265137,5.159999847412109,5.309999942779541
2020-10-21 00:00:00+05:30,5.300000190734863,5.400000095367432,5.199999809265137,5.329999923706055
2020-10-22 00:00:00+05:30,5.25,5.400000095367432,5.21999979019165,5.340000152587891
2020-10-23 00:00:00+05:30,5.300000190734863,5.349999904632568,5.239999771118164,5.289999961853027
2020-10-26 00:00:00+05:30,5.324999809265137,5.324999809265137,5.150000095367432,5.230000019073486
2020-10-27 00:00:00+05:30,5.199999809265137,5.300000190734863,5.175000190734863,5.210000038146973
2020-10-28 00:00:00+05:30,5.199999809265137,5.224999904632568,5.150000095367432,5.164999961853027
2020-10-29 00:00:00+05:30,5.199999809265137,5.244999885559082,5.099999904632568,5.144999980926514
2020-10-30 00:00:00+05:30,5.150000095367432,5.150000095367432,5.070000171661377,5.079999923706055
2020-11-02 00:00:00+05:30,5.105000019073486,5.329999923706055,5.059999942779541,5.244999885559082
2020-11-03 00:00:00+05:30,5.244999885559082,5.360000133514404,5.150000095367432,5.304999828338623
2020-11-04 00:00:00+05:30,5.300000190734863,5.570000171661377,5.25,5.385000228881836
2020-11-05 00:00:00+05:30,5.400000095367432,5.514999866485596,5.284999847412109,5.289999961853027
2020-11-06 00:00:00+05:30,5.324999809265137,5.445000171661377,5.284999847412109,5.320000171661377
2020-11-09 00:00:00+05:30,5.324999809265137,5.380000114440918,5.235000133514404,5.309999942779541
2020-11-10 00:00:00+05:30,5.324999809265137,5.375,5.25,5.300000190734863
2020-11-11 00:00:00+05:30,5.364999771118164,5.394999980926514,5.25,5.355000019073486
2020-11-12 00:00:00+05:30,5.324999809265137,5.380000114440918,5.269999980926514,5.309999942779541
2020-11-13 00:00:00+05:30,5.400000095367432,5.400000095367432,5.25,5.320000171661377
2020-11-17 00:00:00+05:30,5.324999809265137,5.394999980926514,5.289999961853027,5.329999923706055
2020-11-18 00:00:00+05:30,5.349999904632568,5.375,5.25,5.324999809265137
2020-11-19 00:00:00+05:30,5.349999904632568,5.389999866485596,5.255000114440918,5.329999923706055
2020-11-20 00:00:00+05:30,5.324999809265137,5.375,5.210000038146973,5.315000057220459
2020-11-23 00:00:00+05:30,5.349999904632568,5.400000095367432,5.239999771118164,5.28000020980835
2020-11-24 00:00:00+05:30,5.300000190734863,5.400000095367432,5.215000152587891,5.315000057220459
2020-11-25 00:00:00+05:30,5.300000190734863,5.400000095367432,5.260000228881836,5.369999885559082
2020-11-26 00:00:00+05:30,5.300000190734863,5.400000095367432,5.255000114440918,5.289999961853027
2020-11-27 00:00:00+05:30,5.400000095367432,5.400000095367432,5.25,5.329999923706055
2020-12-01 00:00:00+05:30,5.400000095367432,5.400000095367432,5.255000114440918,5.34499979019165
2020-12-02 00:00:00+05:30,5.349999904632568,5.389999866485596,5.28000020980835,5.34499979019165
2020-12-03 00:00:00+05:30,5.355000019073486,5.394999980926514,5.085000038146973,5.244999885559082
2020-12-04 00:00:00+05:30,5.324999809265137,5.400000095367432,5.25,5.289999961853027
2020-12-07 00:00:00+05:30,5.400000095367432,5.449999809265137,5.260000228881836,5.420000076293945
2020-12-08 00:00:00+05:30,5.380000114440918,5.550000190734863,5.304999828338623,5.46999979019165
2020-12-09 00:00:00+05:30,5.400000095367432,5.579999923706055,5.324999809265137,5.525000095367432
2020-12-10 00:00:00+05:30,5.53000020980835,5.599999904632568,5.400000095367432,5.539999961853027
2020-12-11 00:00:00+05:30,5.599999904632568,5.849999904632568,5.445000171661377,5.769999980926514
2020-12-14 00:00:00+05:30,5.885000228881836,5.894999980926514,5.75,5.869999885559082
2020-12-15 00:00:00+05:30,5.949999809265137,5.949999809265137,5.699999809265137,5.934999942779541
2020-12-16 00:00:00+05:30,5.900000095367432,6.519999980926514,5.800000190734863,6.039999961853027
2020-12-17 00:00:00+05:30,6.199999809265137,6.485000133514404,6.034999847412109,6.179999828338623
2020-12-18 00:00:00+05:30,6.295000076293945,6.295000076293945,5.900000095367432,6.0
2020-12-21 00:00:00+05:30,5.920000076293945,6.570000171661377,5.599999904632568,6.099999904632568
2020-12-22 00:00:00+05:30,5.914999961853027,6.449999809265137,5.900000095367432,6.440000057220459
2020-12-23 00:00:00+05:30,6.784999847412109,6.784999847412109,6.309999942779541,6.675000190734863
2020-12-24 00:00:00+05:30,6.78000020980835,6.78000020980835,6.590000152587891,6.675000190734863
2020-12-28 00:00:00+05:30,6.925000190734863,6.949999809265137,6.664999961853027,6.789999961853027
2020-12-29 00:00:00+05:30,7.125,7.144999980926514,6.78000020980835,7.025000095367432
2020-12-30 00:00:00+05:30,7.199999809265137,7.199999809265137,6.96999979019165,7.125
2020-12-31 00:00:00+05:30,7.244999885559082,7.389999866485596,7.244999885559082,7.284999847412109
2021-01-01 00:00:00+05:30,7.425000190734863,7.650000095367432,7.425000190734863,7.53000020980835
2021-01-04 00:00:00+05:30,7.650000095367432,7.650000095367432,7.5,7.590000152587891
2021-01-05 00:00:00+05:30,7.650000095367432,7.650000095367432,7.400000095367432,7.605000019073486
2021-01-06 00:00:00+05:30,7.650000095367432,7.800000190734863,7.489999771118164,7.775000095367432
2021-01-07 00:00:00+05:30,7.869999885559082,7.869999885559082,7.639999866485596,7.829999923706055
2021-01-08 00:00:00+05:30,7.84499979019165,7.875,7.75,7.855000019073486
2021-01-11 00:00:00+05:30,7.900000095367432,7.925000190734863,7.699999809265137,7.90500020980835
2021-01-12 00:00:00+05:30,7.925000190734863,8.0,7.75,7.985000133514404
2021-01-13 00:00:00+05:30,8.145000457763672,8.770000457763672,8.074999809265137,8.270000457763672
2021-01-14 00:00:00+05:30,8.420000076293945,8.420000076293945,8.199999809265137,8.375
2021-01-15 00:00:00+05:30,8.470000267028809,8.649999618530273,8.399999618530273,8.53499984741211
2021-01-18 00:00:00+05:30,8.75,9.0,8.4399995803833,8.710000038146973
2021-01-19 00:00:00+05:30,8.989999771118164,9.265000343322754,8.8149995803833,9.229999542236328
2021-01-20 00:00:00+05:30,9.274999618530273,9.274999618530273,9.199999809265137,9.244999885559082
2021-01-21 00:00:00+05:30,9.28499984741211,9.28499984741211,9.100000381469727,9.180000305175781
2021-01-22 00:00:00+05:30,9.0600004196167,9.234999656677246,9.0600004196167,9.145000457763672
2021-01-25 00:00:00+05:30,9.020000457763672,9.270000457763672,8.949999809265137,9.020000457763672
2021-01-27 00:00:00+05:30,9.149999618530273,9.149999618530273,8.970000267028809,9.0
2021-01-28 00:00:00+05:30,9.050000190734863,9.114999771118164,8.949999809265137,8.989999771118164
2021-01-29 00:00:00+05:30,9.069999694824219,9.069999694824219,8.949999809265137,9.0
2021-02-01 00:00:00+05:30,9.0,9.449999809265137,8.954999923706055,9.395000457763672
2021-02-02 00:00:00+05:30,9.5,9.760000228881836,9.300000190734863,9.710000038146973
2021-02-03 00:00:00+05:30,9.770000457763672,10.010000228881836,9.670000076293945,10.0
2021-02-04 00:00:00+05:30,10.109999656677246,10.300000190734863,9.850000381469727,10.25
2021-02-05 00:00:00+05:30,10.380000114440918,10.5600004196167,10.050000190734863,10.539999961853027
2021-02-08 00:00:00+05:30,10.324999809265137,10.600000381469727,10.100000381469727,10.545000076293945
2021-02-09 00:00:00+05:30,10.649999618530273,10.800000190734863,10.399999618530273,10.670000076293945
2021-02-10 00:00:00+05:30,10.510000228881836,11.039999961853027,10.5,10.975000381469727
2021-02-11 00:00:00+05:30,11.0,11.074999809265137,10.90999984741211,11.045000076293945
2021-02-12 00:00:00+05:30,11.050000190734863,11.595000267028809,10.920000076293945,11.220000267028809
2021-02-15 00:00:00+05:30,11.220000267028809,11.350000381469727,11.050000190734863,11.289999961853027
2021-02-16 00:00:00+05:30,11.350000381469727,11.585000038146973,11.050000190734863,11.585000038146973
2021-02-17 00:00:00+05:30,11.595000267028809,11.625,11.399999618530273,11.59000015258789
2021-02-18 00:00:00+05:30,11.300000190734863,11.75,11.300000190734863,11.699999809265137
2021-02-19 00:00:00+05:30,11.75,11.899999618530273,11.5,11.899999618530273
2021-02-22 00:00:00+05:30,12.140000343322754,12.175000190734863,11.805000305175781,12.104999542236328
2021-02-23 00:00:00+05:30,12.15999984741211,12.710000038146973,11.899999618530273,12.244999885559082
2021-02-24 00:00:00+05:30,12.170000076293945,12.5,12.170000076293945,12.399999618530273
2021-02-25 00:00:00+05:30,12.550000190734863,12.550000190734863,12.3100004196167,12.484999656677246
2021-02-26 00:00:00+05:30,12.574999809265137,12.574999809265137,12.300000190734863,12.550000190734863
2021-03-01 00:00:00+05:30,12.595000267028809,12.789999961853027,12.350000381469727,12.789999961853027
2021-03-02 00:00:00+05:30,12.789999961853027,12.789999961853027,12.649999618530273,12.789999961853027
2021-03-03 00:00:00+05:30,12.699999809265137,12.789999961853027,12.5600004196167,12.75
2021-03-04 00:00:00+05:30,12.550000190734863,12.789999961853027,12.550000190734863,12.675000190734863
2021-03-05 00:00:00+05:30,12.550000190734863,12.699999809265137,12.550000190734863,12.569999694824219
2021-03-08 00:00:00+05:30,12.779999732971191,12.779999732971191,12.539999961853027,12.675000190734863
2021-03-09 00:00:00+05:30,12.78499984741211,12.78499984741211,12.510000228881836,12.645000457763672
2021-03-10 00:00:00+05:30,12.5,12.699999809265137,12.5,12.670000076293945
2021-03-12 00:00:00+05:30,12.670000076293945,13.100000381469727,12.600000381469727,12.895000457763672
2021-03-15 00:00:00+05:30,13.100000381469727,13.100000381469727,12.619999885559082,12.875
2021-03-16 00:00:00+05:30,12.869999885559082,13.079999923706055,12.675000190734863,12.984999656677246
2021-03-17 00:00:00+05:30,13.100000381469727,13.100000381469727,12.699999809265137,12.975000381469727
2021-03-18 00:00:00+05:30,12.699999809265137,13.050000190734863,12.699999809265137,12.899999618530273
2021-03-19 00:00:00+05:30,12.680000305175781,13.100000381469727,12.680000305175781,13.03499984741211
2021-03-22 00:00:00+05:30,13.079999923706055,13.079999923706055,12.800000190734863,12.970000267028809
2021-03-23 00:00:00+05:30,12.654999732971191,13.079999923706055,12.654999732971191,12.880000114440918
2021-03-24 00:00:00+05:30,12.6899995803833,13.074999809265137,12.6899995803833,13.0
2021-03-25 00:00:00+05:30,12.9399995803833,13.0600004196167,12.699999809265137,12.9399995803833
2021-03-26 00:00:00+05:30,12.699999809265137,13.079999923706055,12.699999809265137,12.824999809265137
2021-03-30 00:00:00+05:30,12.824999809265137,13.050000190734863,12.824999809265137,12.90999984741211
2021-03-31 00:00:00+05:30,12.739999771118164,13.0,12.739999771118164,13.0
2021-04-01 00:00:00+05:30,12.699999809265137,13.100000381469727,12.699999809265137,13.09000015258789
2021-04-05 00:00:00+05:30,13.09000015258789,13.199999809265137,12.850000381469727,13.1899995803833
2021-04-06 00:00:00+05:30,13.289999961853027,13.399999618530273,13.0,13.350000381469727
2021-04-07 00:00:00+05:30,13.399999618530273,13.399999618530273,13.0,13.364999771118164
2021-04-08 00:00:00+05:30,13.399999618530273,13.425000190734863,13.300000190734863,13.425000190734863
2021-04-09 00:00:00+05:30,13.399999618530273,13.420000076293945,13.199999809265137,13.380000114440918
2021-04-12 00:00:00+05:30,13.039999961853027,13.380000114440918,13.039999961853027,13.194999694824219
2021-04-13 00:00:00+05:30,13.399999618530273,13.425000190734863,13.020000457763672,13.369999885559082
2021-04-15 00:00:00+05:30,13.449999809265137,13.449999809265137,13.199999809265137,13.399999618530273
2021-04-16 00:00:00+05:30,13.4399995803833,13.4399995803833,13.199999809265137,13.359999656677246
2021-04-19 00:00:00+05:30,13.119999885559082,13.449999809265137,13.119999885559082,13.420000076293945
2021-04-20 00:00:00+05:30,13.170000076293945,13.5,13.170000076293945,13.300000190734863
2021-04-22 00:00:00+05:30,13.199999809265137,13.569999694824219,13.199999809265137,13.569999694824219
2021-04-23 00:00:00+05:30,13.600000381469727,13.779999732971191,13.489999771118164,13.630000114440918
2021-04-26 00:00:00+05:30,13.899999618530273,14.300000190734863,13.5,14.1899995803833
2021-04-27 00:00:00+05:30,13.755000114440918,14.300000190734863,13.755000114440918,14.1899995803833
2021-04-28 00:00:00+05:30,13.90999984741211,14.399999618530273,13.90999984741211,14.324999809265137
2021-04-29 00:00:00+05:30,14.5,14.539999961853027,14.300000190734863,14.430000305175781
2021-04-30 00:00:00+05:30,14.529999732971191,14.619999885559082,14.300000190734863,14.444999694824219
2021-05-03 00:00:00+05:30,14.15999984741211,14.600000381469727,13.970000267028809,14.34000015258789
2021-05-04 00:00:00+05:30,14.239999771118164,14.5,14.100000381469727,14.454999923706055
2021-05-05 00:00:00+05:30,14.255000114440918,14.614999771118164,14.0,14.550000190734863
2021-05-06 00:00:00+05:30,14.5,14.899999618530273,14.354999542236328,14.755000114440918
2021-05-07 00:00:00+05:30,14.890000343322754,15.010000228881836,14.550000190734863,14.864999771118164
2021-05-10 00:00:00+05:30,15.100000381469727,15.164999961853027,14.704999923706055,14.989999771118164
2021-05-11 00:00:00+05:30,15.149999618530273,15.199999809265137,14.8100004196167,15.135000228881836
2021-05-12 00:00:00+05:30,15.210000038146973,15.210000038146973,14.899999618530273,15.055000305175781
2021-05-14 00:00:00+05:30,15.210000038146973,15.595000267028809,14.914999961853027,15.154999732971191
2021-05-17 00:00:00+05:30,14.9399995803833,15.699999809265137,14.9399995803833,15.475000381469727
2021-05-18 00:00:00+05:30,15.600000381469727,15.75,15.300000190734863,15.630000114440918
2021-05-19 00:00:00+05:30,15.625,15.720000267028809,15.4350004196167,15.5649995803833
2021-05-20 00:00:00+05:30,15.680000305175781,15.680000305175781,15.489999771118164,15.555000305175781
2021-05-21 00:00:00+05:30,15.6850004196167,15.699999809265137,15.46500015258789,15.600000381469727
2021-05-24 00:00:00+05:30,15.699999809265137,15.734999656677246,15.524999618530273,15.710000038146973
2021-05-25 00:00:00+05:30,15.744999885559082,15.770000457763672,15.600000381469727,15.744999885559082
2021-05-26 00:00:00+05:30,15.734999656677246,15.739999771118164,15.550000190734863,15.574999809265137
2021-05-27 00:00:00+05:30,15.600000381469727,15.800000190734863,15.454999923706055,15.75
2021-05-28 00:00:00+05:30,15.774999618530273,15.800000190734863,15.649999618530273,15.760000228881836
2021-05-31 00:00:00+05:30,15.760000228881836,16.19499969482422,15.625,16.024999618530273
2021-06-01 00:00:00+05:30,16.094999313354492,16.2450008392334,15.885000228881836,16.184999465942383
2021-06-02 00:00:00+05:30,16.979999542236328,16.979999542236328,16.100000381469727,16.270000457763672
2021-06-03 00:00:00+05:30,16.299999237060547,16.399999618530273,16.204999923706055,16.315000534057617
2021-06-04 00:00:00+05:30,16.395000457763672,16.5,16.1299991607666,16.364999771118164
2021-06-07 00:00:00+05:30,16.65999984741211,16.65999984741211,16.2450008392334,16.600000381469727
2021-06-08 00:00:00+05:30,16.75,16.75,16.594999313354492,16.655000686645508
2021-06-09 00:00:00+05:30,16.65999984741211,16.850000381469727,16.405000686645508,16.774999618530273
2021-06-10 00:00:00+05:30,16.700000762939453,16.979999542236328,16.625,16.90999984741211
2021-06-11 00:00:00+05:30,17.100000381469727,17.80500030517578,16.799999237060547,17.274999618530273
2021-06-14 00:00:00+05:30,16.885000228881836,18.2450008392334,16.885000228881836,17.600000381469727
2021-06-15 00:00:00+05:30,19.100000381469727,19.350000381469727,17.719999313354492,17.96500015258789
2021-06-16 00:00:00+05:30,18.049999237060547,18.2450008392334,18.0,18.139999389648438
2021-06-17 00:00:00+05:30,18.200000762939453,18.299999237060547,17.700000762939453,18.075000762939453
2021-06-18 00:00:00+05:30,18.075000762939453,18.334999084472656,17.825000762939453,18.260000228881836
2021-06-21 00:00:00+05:30,18.260000228881836,20.084999084472656,18.200000762939453,19.079999923706055
2021-06-22 00:00:00+05:30,19.190000534057617,19.204999923706055,18.364999771118164,18.7549991607666
2021-06-23 00:00:00+05:30,19.0,19.5,18.565000534057617,19.19499969482422
2021-06-24 00:00:00+05:30,19.399999618530273,19.514999389648438,19.094999313354492,19.295000076293945
2021-06-25 00:00:00+05:30,19.600000381469727,19.899999618530273,18.915000915527344,19.420000076293945
2021-06-28 00:00:00+05:30,19.399999618530273,19.950000762939453,19.200000762939453,19.604999542236328
2021-06-29 00:00:00+05:30,19.799999237060547,19.950000762939453,19.5,19.80500030517578
2021-06-30 00:00:00+05:30,19.899999618530273,20.049999237060547,19.700000762939453,19.905000686645508
2021-07-01 00:00:00+05:30,20.0,20.0,19.719999313354492,19.934999465942383
2021-07-02 00:00:00+05:30,20.079999923706055,20.989999771118164,20.079999923706055,20.520000457763672
2021-07-05 00:00:00+05:30,20.520000457763672,20.989999771118164,20.405000686645508,20.510000228881836
2021-07-06 00:00:00+05:30,20.600000381469727,20.809999465942383,19.850000381469727,20.075000762939453
2021-07-07 00:00:00+05:30,20.5,20.5,20.040000915527344,20.239999771118164
2021-07-08 00:00:00+05:30,20.700000762939453,21.0,20.114999771118164,20.809999465942383
2021-07-09 00:00:00+05:30,21.100000381469727,22.0,20.725000381469727,21.725000381469727
2021-07-12 00:00:00+05:30,22.299999237060547,22.545000076293945,21.329999923706055,21.875
2021-07-13 00:00:00+05:30,22.450000762939453,22.450000762939453,20.225000381469727,20.65999984741211
2021-07-14 00:00:00+05:30,20.645000457763672,22.200000762939453,19.950000762939453,21.674999237060547
2021-07-15 00:00:00+05:30,22.0,22.774999618530273,21.0,22.59000015258789
2021-07-16 00:00:00+05:30,22.5,23.100000381469727,21.56999969482422,22.434999465942383
2021-07-19 00:00:00+05:30,22.350000381469727,23.0,21.75,22.53499984741211
2021-07-20 00:00:00+05:30,22.709999084472656,23.104999542236328,22.2549991607666,22.8799991607666
2021-07-22 00:00:00+05:30,23.200000762939453,23.5,22.725000381469727,22.954999923706055
2021-07-23 00:00:00+05:30,23.399999618530273,25.25,22.610000610351562,25.25
2021-07-26 00:00:00+05:30,26.399999618530273,27.774999618530273,23.104999542236328,23.81999969482422
2021-07-27 00:00:00+05:30,24.170000076293945,26.200000762939453,23.899999618530273,26.200000762939453
2021-07-28 00:00:00+05:30,26.389999389648438,28.200000762939453,25.43000030517578,26.21500015258789
2021-07-29 00:00:00+05:30,27.94499969482422,27.94499969482422,25.5,25.875
2021-07-30 00:00:00+05:30,25.899999618530273,26.399999618530273,25.700000762939453,26.15999984741211
2021-08-02 00:00:00+05:30,26.200000762939453,26.84000015258789,25.600000381469727,25.924999237060547
2021-08-03 00:00:00+05:30,26.0,26.0,24.799999237060547,25.604999542236328
2021-08-04 00:00:00+05:30,25.940000534057617,26.100000381469727,25.05500030517578,25.395000457763672
2021-08-05 00:00:00+05:30,25.834999084472656,25.834999084472656,24.40999984741211,25.19499969482422
2021-08-06 00:00:00+05:30,25.59000015258789,27.709999084472656,24.8799991607666,27.479999542236328
2021-08-09 00:00:00+05:30,28.700000762939453,28.700000762939453,26.94499969482422,27.424999237060547
2021-08-10 00:00:00+05:30,27.434999465942383,27.690000534057617,26.100000381469727,26.375
2021-08-11 00:00:00+05:30,25.899999618530273,27.200000762939453,25.1200008392334,26.610000610351562
2021-08-12 00:00:00+05:30,27.600000381469727,27.600000381469727,26.200000762939453,26.875
2021-08-13 00:00:00+05:30,27.200000762939453,27.200000762939453,26.25,26.5049991607666
2021-08-16 00:00:00+05:30,26.950000762939453,27.0,26.184999465942383,26.59000015258789
2021-08-17 00:00:00+05:30,26.8799991607666,26.8799991607666,26.329999923706055,26.579999923706055
2021-08-18 00:00:00+05:30,26.639999389648438,26.639999389648438,25.299999237060547,25.860000610351562
2021-08-20 00:00:00+05:30,25.844999313354492,26.399999618530273,23.594999313354492,24.829999923706055
2021-08-23 00:00:00+05:30,24.899999618530273,26.19499969482422,23.524999618530273,23.844999313354492
2021-08-24 00:00:00+05:30,24.399999618530273,24.399999618530273,23.0,23.729999542236328
2021-08-25 00:00:00+05:30,24.295000076293945,25.270000457763672,23.7450008392334,25.010000228881836
2021-08-26 00:00:00+05:30,25.0,25.795000076293945,24.104999542236328,24.459999084472656
2021-08-27 00:00:00+05:30,24.459999084472656,26.799999237060547,24.100000381469727,26.5
2021-08-30 00:00:00+05:30,27.010000228881836,27.739999771118164,26.024999618530273,26.475000381469727
2021-08-31 00:00:00+05:30,26.899999618530273,27.0,26.399999618530273,26.575000762939453
2021-09-01 00:00:00+05:30,26.950000762939453,27.0,26.100000381469727,26.399999618530273
2021-09-02 00:00:00+05:30,26.329999923706055,27.084999084472656,26.329999923706055,26.899999618530273
2021-09-03 00:00:00+05:30,27.190000534057617,29.5,26.6299991607666,28.645000457763672
2021-09-06 00:00:00+05:30,29.25,29.875,29.0,29.190000534057617
2021-09-07 00:00:00+05:30,29.764999389648438,29.764999389648438,28.0049991607666,28.764999389648438
2021-09-08 00:00:00+05:30,28.709999084472656,28.969999313354492,27.700000762939453,28.360000610351562
2021-09-09 00:00:00+05:30,28.479999542236328,28.479999542236328,27.71500015258789,28.084999084472656
2021-09-13 00:00:00+05:30,28.389999389648438,28.389999389648438,27.600000381469727,27.989999771118164
2021-09-14 00:00:00+05:30,28.280000686645508,30.100000381469727,27.55500030517578,28.94499969482422
2021-09-15 00:00:00+05:30,30.0,30.0,28.700000762939453,29.079999923706055
2021-09-16 00:00:00+05:30,28.729999542236328,29.18000030517578,27.610000610351562,28.09000015258789
2021-09-17 00:00:00+05:30,29.225000381469727,29.440000534057617,27.649999618530273,28.045000076293945
2021-09-20 00:00:00+05:30,28.3799991607666,28.3799991607666,26.5,27.094999313354492
2021-09-21 00:00:00+05:30,27.19499969482422,27.5,25.899999618530273,26.735000610351562
2021-09-22 00:00:00+05:30,27.899999618530273,27.899999618530273,25.53499984741211,25.825000762939453
2021-09-23 00:00:00+05:30,26.364999771118164,26.364999771118164,25.200000762939453,25.395000457763672
2021-09-24 00:00:00+05:30,25.299999237060547,25.5,24.899999618530273,25.094999313354492
2021-09-27 00:00:00+05:30,25.3799991607666,25.3799991607666,24.25,24.729999542236328
2021-09-28 00:00:00+05:30,25.18000030517578,25.18000030517578,24.225000381469727,24.56999969482422
2021-09-29 00:00:00+05:30,24.309999465942383,25.149999618530273,24.309999465942383,24.55500030517578
2021-09-30 00:00:00+05:30,24.600000381469727,24.600000381469727,22.25,22.389999389648438
2021-10-01 00:00:00+05:30,23.079999923706055,23.100000381469727,21.6299991607666,22.15999984741211
2021-10-04 00:00:00+05:30,21.80500030517578,22.700000762939453,21.0,21.729999542236328
2021-10-05 00:00:00+05:30,21.729999542236328,22.700000762939453,21.524999618530273,22.360000610351562
2021-10-06 00:00:00+05:30,22.799999237060547,22.799999237060547,21.200000762939453,21.4950008392334
2021-10-07 00:00:00+05:30,21.96500015258789,22.25,19.350000381469727,19.704999923706055
2021-10-08 00:00:00+05:30,19.5,19.55500030517578,18.719999313354492,18.774999618530273
2021-10-11 00:00:00+05:30,17.84000015258789,19.709999084472656,17.84000015258789,19.709999084472656
2021-10-12 00:00:00+05:30,20.520000457763672,20.69499969482422,20.200000762939453,20.69499969482422
2021-10-13 00:00:00+05:30,21.69499969482422,21.725000381469727,19.665000915527344,19.989999771118164
2021-10-14 00:00:00+05:30,20.5,20.700000762939453,19.479999542236328,20.020000457763672
2021-10-18 00:00:00+05:30,20.100000381469727,20.5,19.020000457763672,19.049999237060547
2021-10-19 00:00:00+05:30,19.485000610351562,19.485000610351562,18.5,18.729999542236328
2021-10-20 00:00:00+05:30,19.100000381469727,19.114999771118164,17.864999771118164,18.299999237060547
2021-10-21 00:00:00+05:30,18.299999237060547,19.21500015258789,17.385000228881836,19.21500015258789
2021-10-22 00:00:00+05:30,19.770000457763672,19.989999771118164,19.21500015258789,19.635000228881836
2021-10-25 00:00:00+05:30,19.405000686645508,19.860000610351562,18.655000686645508,18.684999465942383
2021-10-26 00:00:00+05:30,18.709999084472656,19.030000686645508,18.625,18.905000686645508
2021-10-27 00:00:00+05:30,18.90999984741211,19.5,18.28499984741211,18.889999389648438
2021-10-28 00:00:00+05:30,19.06999969482422,19.274999618530273,17.950000762939453,17.979999542236328
2021-10-29 00:00:00+05:30,17.979999542236328,18.530000686645508,17.209999084472656,17.9950008392334
2021-11-01 00:00:00+05:30,18.889999389648438,18.889999389648438,17.735000610351562,18.854999542236328
2021-11-02 00:00:00+05:30,18.905000686645508,19.795000076293945,18.709999084472656,19.55500030517578
2021-11-03 00:00:00+05:30,20.200000762939453,20.5,19.334999084472656,20.190000534057617
2021-11-04 00:00:00+05:30,19.670000076293945,21.149999618530273,19.670000076293945,20.84000015258789
2021-11-08 00:00:00+05:30,20.100000381469727,21.649999618530273,20.100000381469727,21.065000534057617
2021-11-09 00:00:00+05:30,21.0049991607666,21.5,20.649999618530273,20.954999923706055
2021-11-10 00:00:00+05:30,20.854999542236328,21.094999313354492,20.299999237060547,20.584999084472656
2021-11-11 00:00:00+05:30,20.975000381469727,21.200000762939453,20.5,20.989999771118164
2021-11-12 00:00:00+05:30,21.299999237060547,22.03499984741211,20.600000381469727,21.454999923706055
2021-11-15 00:00:00+05:30,22.0,22.34000015258789,21.315000534057617,21.420000076293945
2021-11-16 00:00:00+05:30,21.700000762939453,22.0,20.920000076293945,21.434999465942383
2021-11-17 00:00:00+05:30,21.795000076293945,22.0,20.40999984741211,21.594999313354492
2021-11-18 00:00:00+05:30,21.864999771118164,21.969999313354492,21.040000915527344,21.739999771118164
2021-11-22 00:00:00+05:30,22.0,22.049999237060547,20.799999237060547,21.09000015258789
2021-11-23 00:00:00+05:30,21.0,21.21500015258789,20.200000762939453,20.649999618530273
2021-11-24 00:00:00+05:30,20.44499969482422,21.489999771118164,20.399999618530273,21.25
2021-11-25 00:00:00+05:30,21.270000457763672,22.309999465942383,21.270000457763672,22.30500030517578
2021-11-26 00:00:00+05:30,22.700000762939453,22.799999237060547,21.9950008392334,22.625
2021-11-29 00:00:00+05:30,22.020000457763672,22.565000534057617,21.4950008392334,21.55500030517578
2021-11-30 00:00:00+05:30,21.5,21.700000762939453,20.645000457763672,21.165000915527344
2021-12-01 00:00:00+05:30,20.799999237060547,22.219999313354492,20.799999237060547,22.170000076293945
2021-12-02 00:00:00+05:30,22.209999084472656,22.684999465942383,21.975000381469727,22.510000228881836
2021-12-03 00:00:00+05:30,22.510000228881836,22.549999237060547,21.5,21.799999237060547
2021-12-06 00:00:00+05:30,22.18000030517578,22.18000030517578,20.854999542236328,21.440000534057617
2021-12-07 00:00:00+05:30,21.645000457763672,21.645000457763672,20.600000381469727,21.084999084472656
2021-12-08 00:00:00+05:30,21.0,21.399999618530273,20.700000762939453,21.190000534057617
2021-12-09 00:00:00+05:30,21.3700008392334,21.44499969482422,21.0,21.30500030517578
2021-12-10 00:00:00+05:30,21.040000915527344,21.309999465942383,20.899999618530273,21.1299991607666
2021-12-13 00:00:00+05:30,21.549999237060547,23.239999771118164,19.399999618530273,23.239999771118164
2021-12-14 00:00:00+05:30,23.25,25.25,22.25,23.954999923706055
2021-12-15 00:00:00+05:30,23.889999389648438,24.100000381469727,23.315000534057617,23.774999618530273
2021-12-16 00:00:00+05:30,24.399999618530273,24.674999237060547,23.55500030517578,24.55500030517578
2021-12-17 00:00:00+05:30,24.75,24.75,23.110000610351562,23.645000457763672
2021-12-20 00:00:00+05:30,23.78499984741211,23.78499984741211,21.770000457763672,22.40999984741211
2021-12-21 00:00:00+05:30,22.799999237060547,23.559999465942383,22.7450008392334,22.979999542236328
2021-12-22 00:00:00+05:30,22.524999618530273,24.899999618530273,22.524999618530273,24.625
2021-12-23 00:00:00+05:30,24.799999237060547,25.985000610351562,24.079999923706055,25.454999923706055
2021-12-24 00:00:00+05:30,25.770000457763672,25.899999618530273,24.829999923706055,25.75
2021-12-27 00:00:00+05:30,25.69499969482422,26.46500015258789,24.825000762939453,25.75
2021-12-28 00:00:00+05:30,26.0,27.6299991607666,26.0,27.375
2021-12-29 00:00:00+05:30,27.375,27.899999618530273,27.0,27.709999084472656
2021-12-30 00:00:00+05:30,27.799999237060547,28.114999771118164,24.940000534057617,26.079999923706055
2021-12-31 00:00:00+05:30,24.979999542236328,25.989999771118164,23.475000381469727,24.084999084472656
2022-01-03 00:00:00+05:30,23.475000381469727,24.989999771118164,22.5,24.31999969482422
2022-01-04 00:00:00+05:30,24.299999237060547,25.989999771118164,23.700000762939453,25.46500015258789
2022-01-05 00:00:00+05:30,25.0,25.950000762939453,24.8700008392334,25.65999984741211
2022-01-06 00:00:00+05:30,24.65999984741211,25.600000381469727,24.65999984741211,25.3700008392334
2022-01-07 00:00:00+05:30,25.059999465942383,26.44499969482422,25.059999465942383,26.139999389648438
2022-01-10 00:00:00+05:30,26.479999542236328,26.479999542236328,25.014999389648438,25.270000457763672
2022-01-11 00:00:00+05:30,25.700000762939453,25.700000762939453,25.100000381469727,25.360000610351562
2022-01-12 00:00:00+05:30,25.5,25.729999542236328,24.700000762939453,25.40999984741211
2022-01-13 00:00:00+05:30,25.125,27.299999237060547,25.125,26.860000610351562
2022-01-14 00:00:00+05:30,26.4950008392334,27.0,26.125,26.864999771118164
2022-01-17 00:00:00+05:30,26.989999771118164,27.600000381469727,26.735000610351562,27.0
2022-01-18 00:00:00+05:30,27.299999237060547,27.299999237060547,26.5,26.65999984741211
2022-01-19 00:00:00+05:30,26.950000762939453,27.104999542236328,26.59000015258789,26.665000915527344
2022-01-20 00:00:00+05:30,27.040000915527344,27.135000228881836,25.895000457763672,26.729999542236328
2022-01-21 00:00:00+05:30,26.690000534057617,26.899999618530273,26.225000381469727,26.739999771118164
2022-01-24 00:00:00+05:30,26.459999084472656,26.5,24.649999618530273,25.725000381469727
2022-01-25 00:00:00+05:30,25.399999618530273,25.899999618530273,24.799999237060547,25.4950008392334
2022-01-27 00:00:00+05:30,26.1200008392334,26.399999618530273,25.200000762939453,26.059999465942383
2022-01-28 00:00:00+05:30,26.399999618530273,26.399999618530273,25.635000228881836,25.9950008392334
2022-01-31 00:00:00+05:30,26.5,26.989999771118164,25.450000762939453,26.075000762939453
2022-02-01 00:00:00+05:30,25.920000076293945,27.850000381469727,25.825000762939453,27.68000030517578
2022-02-02 00:00:00+05:30,28.389999389648438,28.6200008392334,27.799999237060547,28.225000381469727
2022-02-03 00:00:00+05:30,29.399999618530273,31.049999237060547,28.100000381469727,31.049999237060547
2022-02-04 00:00:00+05:30,31.350000381469727,33.79999923706055,31.350000381469727,33.599998474121094
2022-02-07 00:00:00+05:30,33.0,33.5,31.950000762939453,31.950000762939453
2022-02-08 00:00:00+05:30,31.450000762939453,31.450000762939453,30.399999618530273,30.450000762939453
2022-02-09 00:00:00+05:30,30.299999237060547,30.299999237060547,28.950000762939453,28.950000762939453
2022-02-10 00:00:00+05:30,27.549999237060547,30.25,27.549999237060547,29.850000381469727
2022-02-11 00:00:00+05:30,29.850000381469727,30.049999237060547,28.399999618530273,29.850000381469727
2022-02-14 00:00:00+05:30,28.549999237060547,29.899999618530273,28.399999618530273,28.75
2022-02-15 00:00:00+05:30,29.0,29.0,27.350000381469727,28.649999618530273
2022-02-16 00:00:00+05:30,28.399999618530273,29.700000762939453,27.5,29.450000762939453
2022-02-17 00:00:00+05:30,28.100000381469727,30.450000762939453,28.0,30.0
2022-02-18 00:00:00+05:30,30.0,30.0,28.549999237060547,29.299999237060547
2022-02-21 00:00:00+05:30,28.950000762939453,28.950000762939453,27.850000381469727,28.350000381469727
2022-02-22 00:00:00+05:30,28.0,29.700000762939453,26.950000762939453,29.5
2022-02-23 00:00:00+05:30,29.5,30.200000762939453,28.75,30.0
2022-02-24 00:00:00+05:30,28.600000381469727,29.200000762939453,28.5,28.5
2022-02-25 00:00:00+05:30,27.200000762939453,29.0,27.200000762939453,28.700000762939453
2022-02-28 00:00:00+05:30,28.0,30.0,27.350000381469727,29.100000381469727
2022-03-02 00:00:00+05:30,30.149999618530273,30.149999618530273,27.899999618530273,29.75
2022-03-03 00:00:00+05:30,28.75,30.0,28.299999237060547,29.899999618530273
2022-03-04 00:00:00+05:30,29.899999618530273,30.899999618530273,28.5,30.549999237060547
2022-03-07 00:00:00+05:30,30.5,30.5,29.049999237060547,29.049999237060547
2022-03-08 00:00:00+05:30,27.700000762939453,28.75,27.600000381469727,28.450000762939453
2022-03-09 00:00:00+05:30,29.0,29.0,27.600000381469727,28.5
2022-03-10 00:00:00+05:30,29.25,29.450000762939453,27.549999237060547,28.600000381469727
2022-03-11 00:00:00+05:30,28.950000762939453,29.5,27.5,29.149999618530273
2022-03-14 00:00:00+05:30,29.25,29.5,27.799999237060547,28.25
2022-03-15 00:00:00+05:30,28.5,28.899999618530273,27.0,27.75
2022-03-16 00:00:00+05:30,28.0,28.450000762939453,26.399999618530273,27.149999618530273
2022-03-17 00:00:00+05:30,27.899999618530273,27.899999618530273,26.5,27.200000762939453
2022-03-21 00:00:00+05:30,27.200000762939453,28.399999618530273,25.850000381469727,26.100000381469727
2022-03-22 00:00:00+05:30,26.0,26.450000762939453,24.799999237060547,25.0
2022-03-23 00:00:00+05:30,25.5,25.5,23.75,25.149999618530273
2022-03-24 00:00:00+05:30,25.799999237060547,25.799999237060547,23.899999618530273,25.649999618530273
2022-03-25 00:00:00+05:30,26.100000381469727,26.100000381469727,24.5,25.399999618530273
2022-03-28 00:00:00+05:30,24.25,26.649999618530273,24.149999618530273,24.700000762939453
2022-03-29 00:00:00+05:30,25.0,25.0,23.5,23.5
2022-03-30 00:00:00+05:30,24.0,24.600000381469727,22.899999618530273,24.200000762939453
2022-03-31 00:00:00+05:30,24.399999618530273,25.049999237060547,23.950000762939453,24.850000381469727
2022-04-01 00:00:00+05:30,25.75,25.75,24.799999237060547,25.299999237060547
2022-04-04 00:00:00+05:30,25.850000381469727,25.850000381469727,24.600000381469727,25.450000762939453
2022-04-05 00:00:00+05:30,24.350000381469727,25.799999237060547,24.350000381469727,25.350000381469727
2022-04-06 00:00:00+05:30,25.399999618530273,26.25,25.399999618530273,25.850000381469727
2022-04-07 00:00:00+05:30,26.600000381469727,26.950000762939453,23.299999237060547,26.25
2022-04-08 00:00:00+05:30,26.0,27.5,25.850000381469727,27.100000381469727
2022-04-11 00:00:00+05:30,27.899999618530273,28.25,27.25,27.950000762939453
2022-04-12 00:00:00+05:30,27.950000762939453,28.149999618530273,26.149999618530273,28.049999237060547
2022-04-13 00:00:00+05:30,28.0,28.0,27.450000762939453,27.850000381469727
2022-04-18 00:00:00+05:30,27.700000762939453,27.700000762939453,26.549999237060547,26.899999618530273
2022-04-19 00:00:00+05:30,26.549999237060547,27.700000762939453,26.299999237060547,27.450000762939453
2022-04-20 00:00:00+05:30,27.850000381469727,27.899999618530273,27.5,27.700000762939453
2022-04-21 00:00:00+05:30,27.700000762939453,27.799999237060547,25.649999618530273,27.200000762939453
2022-04-22 00:00:00+05:30,26.799999237060547,27.350000381469727,26.5,27.299999237060547
2022-04-25 00:00:00+05:30,27.799999237060547,29.950000762939453,26.950000762939453,29.549999237060547
2022-04-26 00:00:00+05:30,30.200000762939453,30.399999618530273,29.200000762939453,29.850000381469727
2022-04-27 00:00:00+05:30,29.899999618530273,29.899999618530273,28.100000381469727,28.899999618530273
2022-04-28 00:00:00+05:30,28.899999618530273,29.950000762939453,27.799999237060547,29.700000762939453
2022-04-29 00:00:00+05:30,29.950000762939453,29.950000762939453,28.5,29.549999237060547
2022-05-02 00:00:00+05:30,29.600000381469727,29.899999618530273,27.850000381469727,29.5
2022-05-04 00:00:00+05:30,29.600000381469727,29.799999237060547,27.0,27.700000762939453
2022-05-05 00:00:00+05:30,28.0,28.0,26.549999237060547,27.399999618530273
2022-05-06 00:00:00+05:30,27.0,27.399999618530273,25.149999618530273,25.450000762939453
2022-05-09 00:00:00+05:30,26.149999618530273,26.149999618530273,24.799999237060547,25.649999618530273
2022-05-10 00:00:00+05:30,26.200000762939453,26.200000762939453,24.100000381469727,24.850000381469727
2022-05-11 00:00:00+05:30,24.850000381469727,25.75,22.549999237060547,23.049999237060547
2022-05-12 00:00:00+05:30,22.549999237060547,23.5,20.75,20.75
2022-05-13 00:00:00+05:30,21.0,21.299999237060547,19.75,19.75
2022-05-16 00:00:00+05:30,20.399999618530273,20.700000762939453,19.75,20.5
2022-05-17 00:00:00+05:30,20.700000762939453,20.899999618530273,20.0,20.5
2022-05-18 00:00:00+05:30,20.950000762939453,20.950000762939453,20.0,20.25
2022-05-19 00:00:00+05:30,20.649999618530273,20.649999618530273,19.25,19.25
2022-05-20 00:00:00+05:30,19.700000762939453,19.799999237060547,18.299999237060547,18.399999618530273
2022-05-23 00:00:00+05:30,18.600000381469727,18.799999237060547,17.649999618530273,17.799999237060547
2022-05-24 00:00:00+05:30,17.799999237060547,17.799999237060547,16.950000762939453,16.950000762939453
2022-05-25 00:00:00+05:30,16.950000762939453,17.5,16.149999618530273,16.850000381469727
2022-05-26 00:00:00+05:30,16.950000762939453,17.649999618530273,16.049999237060547,17.0
2022-05-27 00:00:00+05:30,17.149999618530273,17.850000381469727,16.149999618530273,16.149999618530273
2022-05-30 00:00:00+05:30,16.549999237060547,16.950000762939453,15.350000381469727,16.850000381469727
2022-05-31 00:00:00+05:30,16.899999618530273,16.899999618530273,16.100000381469727,16.450000762939453
2022-06-01 00:00:00+05:30,16.450000762939453,17.25,15.649999618530273,17.200000762939453
2022-06-02 00:00:00+05:30,16.899999618530273,18.049999237060547,16.700000762939453,17.950000762939453
2022-06-03 00:00:00+05:30,18.5,18.799999237060547,17.799999237060547,18.799999237060547
2022-06-06 00:00:00+05:30,19.0,19.700000762939453,18.700000762939453,19.700000762939453
2022-06-07 00:00:00+05:30,19.700000762939453,20.549999237060547,19.149999618530273,20.5
2022-06-08 00:00:00+05:30,20.799999237060547,21.350000381469727,20.75,21.25
2022-06-09 00:00:00+05:30,21.899999618530273,22.149999618530273,21.299999237060547,22.149999618530273
2022-06-10 00:00:00+05:30,22.75,22.75,21.049999237060547,22.200000762939453
2022-06-13 00:00:00+05:30,21.899999618530273,22.0,21.100000381469727,21.200000762939453
2022-06-14 00:00:00+05:30,21.450000762939453,22.25,21.149999618530273,22.149999618530273
2022-06-15 00:00:00+05:30,22.100000381469727,22.700000762939453,21.399999618530273,22.0
2022-06-16 00:00:00+05:30,22.049999237060547,22.350000381469727,20.899999618530273,21.350000381469727
2022-06-17 00:00:00+05:30,20.549999237060547,20.899999618530273,20.299999237060547,20.450000762939453
2022-06-20 00:00:00+05:30,20.399999618530273,20.399999618530273,19.450000762939453,19.5
2022-06-21 00:00:00+05:30,18.549999237060547,19.25,18.549999237060547,18.600000381469727
2022-06-22 00:00:00+05:30,17.700000762939453,18.149999618530273,17.700000762939453,17.700000762939453
2022-06-23 00:00:00+05:30,17.299999237060547,17.299999237060547,16.850000381469727,16.850000381469727
2022-06-24 00:00:00+05:30,17.0,17.0,16.049999237060547,16.049999237060547
2022-06-27 00:00:00+05:30,15.350000381469727,16.0,15.25,15.25
2022-06-28 00:00:00+05:30,15.350000381469727,16.0,14.600000381469727,15.75
2022-06-29 00:00:00+05:30,15.5,16.350000381469727,15.0,15.699999809265137
2022-06-30 00:00:00+05:30,15.800000190734863,15.899999618530273,14.949999809265137,14.949999809265137
2022-07-01 00:00:00+05:30,14.850000381469727,15.600000381469727,14.300000190734863,15.399999618530273
2022-07-04 00:00:00+05:30,15.600000381469727,15.850000381469727,14.899999618530273,15.399999618530273
2022-07-05 00:00:00+05:30,15.399999618530273,15.649999618530273,14.699999809265137,15.149999618530273
2022-07-06 00:00:00+05:30,15.25,15.550000190734863,14.699999809265137,14.949999809265137
2022-07-07 00:00:00+05:30,14.899999618530273,15.25,14.25,14.5
2022-07-08 00:00:00+05:30,14.649999618530273,14.800000190734863,14.300000190734863,14.649999618530273
2022-07-11 00:00:00+05:30,14.850000381469727,14.850000381469727,14.0,14.149999618530273
2022-07-12 00:00:00+05:30,14.350000381469727,14.850000381469727,14.050000190734863,14.850000381469727
2022-07-13 00:00:00+05:30,14.899999618530273,15.550000190734863,14.899999618530273,15.550000190734863
2022-07-14 00:00:00+05:30,16.200000762939453,16.299999237060547,14.800000190734863,14.800000190734863
2022-07-15 00:00:00+05:30,14.550000190734863,14.550000190734863,14.100000381469727,14.149999618530273
2022-07-18 00:00:00+05:30,14.300000190734863,14.300000190734863,13.75,13.850000381469727
2022-07-19 00:00:00+05:30,13.850000381469727,14.5,13.699999809265137,14.149999618530273
2022-07-20 00:00:00+05:30,14.050000190734863,14.75,14.050000190734863,14.5
2022-07-21 00:00:00+05:30,14.5,14.75,13.800000190734863,14.100000381469727
2022-07-22 00:00:00+05:30,14.100000381469727,14.350000381469727,13.850000381469727,14.050000190734863
2022-07-25 00:00:00+05:30,14.350000381469727,14.350000381469727,13.350000381469727,13.550000190734863
2022-07-26 00:00:00+05:30,13.899999618530273,13.899999618530273,13.600000381469727,13.699999809265137
2022-07-27 00:00:00+05:30,13.899999618530273,13.949999809265137,13.399999618530273,13.649999618530273
2022-07-28 00:00:00+05:30,13.649999618530273,13.800000190734863,13.0,13.199999809265137
2022-07-29 00:00:00+05:30,13.199999809265137,13.449999809265137,12.550000190734863,12.550000190734863
2022-08-01 00:00:00+05:30,12.550000190734863,12.600000381469727,12.050000190734863,12.149999618530273
2022-08-02 00:00:00+05:30,12.25,12.75,12.149999618530273,12.75
2022-08-03 00:00:00+05:30,12.899999618530273,13.350000381469727,12.899999618530273,13.25
2022-08-04 00:00:00+05:30,13.399999618530273,13.850000381469727,13.25,13.699999809265137
2022-08-05 00:00:00+05:30,13.300000190734863,13.850000381469727,13.300000190734863,13.449999809265137
2022-08-08 00:00:00+05:30,13.949999809265137,13.949999809265137,13.050000190734863,13.199999809265137
2022-08-10 00:00:00+05:30,13.449999809265137,13.449999809265137,12.550000190734863,12.649999618530273
2022-08-11 00:00:00+05:30,13.149999618530273,13.149999618530273,12.100000381469727,12.149999618530273
2022-08-12 00:00:00+05:30,12.149999618530273,12.5,11.949999809265137,12.350000381469727
2022-08-16 00:00:00+05:30,12.699999809265137,12.800000190734863,11.800000190734863,12.699999809265137
2022-08-17 00:00:00+05:30,12.600000381469727,13.300000190734863,12.5,13.050000190734863
2022-08-18 00:00:00+05:30,13.300000190734863,13.300000190734863,12.699999809265137,12.949999809265137
2022-08-19 00:00:00+05:30,13.300000190734863,13.300000190734863,12.649999618530273,12.800000190734863
2022-08-22 00:00:00+05:30,12.949999809265137,13.100000381469727,12.399999618530273,12.649999618530273
2022-08-23 00:00:00+05:30,12.550000190734863,12.949999809265137,12.050000190734863,12.600000381469727
2022-08-24 00:00:00+05:30,12.600000381469727,12.949999809265137,12.5,12.600000381469727
2022-08-25 00:00:00+05:30,12.699999809265137,12.699999809265137,12.050000190734863,12.300000190734863
2022-08-26 00:00:00+05:30,12.300000190734863,12.5,12.0,12.050000190734863
2022-08-29 00:00:00+05:30,12.050000190734863,12.199999809265137,12.050000190734863,12.100000381469727
2022-08-30 00:00:00+05:30,12.25,12.399999618530273,12.050000190734863,12.300000190734863
2022-09-01 00:00:00+05:30,12.399999618530273,12.649999618530273,12.0,12.449999809265137
2022-09-02 00:00:00+05:30,12.600000381469727,12.75,12.350000381469727,12.449999809265137
2022-09-05 00:00:00+05:30,12.75,12.75,11.949999809265137,12.399999618530273
2022-09-06 00:00:00+05:30,12.399999618530273,12.850000381469727,12.300000190734863,12.399999618530273
2022-09-07 00:00:00+05:30,12.550000190734863,12.75,12.449999809265137,12.699999809265137
2022-09-08 00:00:00+05:30,12.699999809265137,13.300000190734863,12.199999809265137,13.300000190734863
2022-09-09 00:00:00+05:30,13.899999618530273,13.949999809265137,13.5,13.949999809265137
2022-09-12 00:00:00+05:30,14.600000381469727,14.600000381469727,14.300000190734863,14.600000381469727
2022-09-13 00:00:00+05:30,15.300000190734863,15.300000190734863,15.300000190734863,15.300000190734863
2022-09-14 00:00:00+05:30,16.049999237060547,16.049999237060547,16.049999237060547,16.049999237060547
2022-09-15 00:00:00+05:30,15.5,15.699999809265137,15.25,15.25
2022-09-16 00:00:00+05:30,14.5,14.5,14.5,14.5
2022-09-19 00:00:00+05:30,13.800000190734863,15.199999809265137,13.800000190734863,15.149999618530273
2022-09-20 00:00:00+05:30,15.199999809265137,15.449999809265137,14.550000190734863,15.149999618530273
2022-09-21 00:00:00+05:30,14.699999809265137,15.199999809265137,14.399999618530273,14.5
2022-09-22 00:00:00+05:30,14.399999618530273,15.199999809265137,13.800000190734863,14.300000190734863
2022-09-23 00:00:00+05:30,14.100000381469727,14.649999618530273,13.800000190734863,13.949999809265137
2022-09-26 00:00:00+05:30,13.899999618530273,14.050000190734863,13.300000190734863,13.300000190734863
2022-09-27 00:00:00+05:30,12.649999618530273,12.949999809265137,12.649999618530273,12.850000381469727
2022-09-28 00:00:00+05:30,12.699999809265137,12.699999809265137,12.300000190734863,12.449999809265137
2022-09-29 00:00:00+05:30,12.5,13.050000190734863,12.5,13.0
2022-09-30 00:00:00+05:30,13.199999809265137,13.600000381469727,12.600000381469727,13.0
2022-10-03 00:00:00+05:30,13.449999809265137,13.649999618530273,13.050000190734863,13.649999618530273
2022-10-04 00:00:00+05:30,14.100000381469727,14.300000190734863,13.949999809265137,14.300000190734863
2022-10-06 00:00:00+05:30,14.399999618530273,15.0,13.899999618530273,14.899999618530273
2022-10-07 00:00:00+05:30,14.550000190734863,15.550000190734863,14.550000190734863,15.25
2022-10-10 00:00:00+05:30,15.5,15.5,14.25,14.449999809265137
2022-10-11 00:00:00+05:30,14.25,14.949999809265137,14.149999618530273,14.25
2022-10-12 00:00:00+05:30,14.449999809265137,14.5,14.0,14.25
2022-10-13 00:00:00+05:30,14.649999618530273,14.649999618530273,13.949999809265137,14.149999618530273
2022-10-14 00:00:00+05:30,14.5,14.5,13.199999809265137,13.399999618530273
2022-10-17 00:00:00+05:30,13.649999618530273,13.699999809265137,12.300000190734863,12.850000381469727
2022-10-18 00:00:00+05:30,13.100000381469727,13.5,12.850000381469727,13.0
2022-10-19 00:00:00+05:30,13.350000381469727,13.600000381469727,12.899999618530273,13.050000190734863
2022-10-20 00:00:00+05:30,13.0,13.25,12.949999809265137,13.149999618530273
2022-10-21 00:00:00+05:30,13.050000190734863,13.5,13.0,13.149999618530273
2022-10-24 00:00:00+05:30,13.149999618530273,13.5,13.0,13.100000381469727
2022-10-25 00:00:00+05:30,13.0,13.25,12.0,12.300000190734863
2022-10-27 00:00:00+05:30,12.350000381469727,13.0,11.800000190734863,12.399999618530273
2022-10-28 00:00:00+05:30,12.75,12.75,11.800000190734863,12.050000190734863
2022-10-31 00:00:00+05:30,12.050000190734863,12.5,10.850000381469727,10.949999809265137
2022-11-01 00:00:00+05:30,11.0,11.399999618530273,9.899999618530273,9.899999618530273
2022-11-02 00:00:00+05:30,9.949999809265137,10.350000381469727,9.899999618530273,10.350000381469727
2022-11-03 00:00:00+05:30,10.600000381469727,10.850000381469727,10.399999618530273,10.850000381469727
2022-11-04 00:00:00+05:30,10.850000381469727,11.350000381469727,10.850000381469727,11.350000381469727
2022-11-07 00:00:00+05:30,11.850000381469727,11.899999618530273,11.0,11.699999809265137
2022-11-09 00:00:00+05:30,11.800000190734863,11.949999809265137,11.149999618530273,11.149999618530273
2022-11-10 00:00:00+05:30,10.850000381469727,11.449999809265137,10.649999618530273,11.050000190734863
2022-11-11 00:00:00+05:30,11.149999618530273,11.350000381469727,10.5,10.5
2022-11-14 00:00:00+05:30,10.399999618530273,10.399999618530273,10.0,10.0
2022-11-15 00:00:00+05:30,10.0,10.100000381469727,9.5,9.5
2022-11-16 00:00:00+05:30,9.5,9.699999809265137,9.199999809265137,9.300000190734863
2022-11-17 00:00:00+05:30,9.600000381469727,9.600000381469727,8.850000381469727,8.899999618530273
2022-11-18 00:00:00+05:30,9.100000381469727,9.25,8.5,8.5
2022-11-21 00:00:00+05:30,8.600000381469727,8.600000381469727,8.100000381469727,8.100000381469727
2022-11-22 00:00:00+05:30,8.25,8.350000381469727,7.699999809265137,7.699999809265137
2022-11-23 00:00:00+05:30,7.599999904632568,7.849999904632568,7.349999904632568,7.400000095367432
2022-11-24 00:00:00+05:30,7.550000190734863,7.75,7.5,7.75
2022-11-25 00:00:00+05:30,8.100000381469727,8.100000381469727,7.599999904632568,7.949999809265137
2022-11-28 00:00:00+05:30,8.0,8.25,7.900000095367432,8.199999809265137
2022-11-29 00:00:00+05:30,8.300000190734863,8.399999618530273,8.0,8.149999618530273
2022-11-30 00:00:00+05:30,8.25,8.25,7.75,7.75
2022-12-01 00:00:00+05:30,7.75,7.75,7.400000095367432,7.400000095367432
2022-12-02 00:00:00+05:30,7.599999904632568,7.599999904632568,7.050000190734863,7.050000190734863
2022-12-05 00:00:00+05:30,7.050000190734863,7.099999904632568,6.699999809265137,6.699999809265137
2022-12-06 00:00:00+05:30,6.650000095367432,7.0,6.449999809265137,7.0
2022-12-07 00:00:00+05:30,7.349999904632568,7.349999904632568,6.699999809265137,7.099999904632568
2022-12-08 00:00:00+05:30,7.199999809265137,7.400000095367432,7.050000190734863,7.150000095367432
2022-12-09 00:00:00+05:30,7.300000190734863,7.300000190734863,6.949999809265137,7.0
2022-12-12 00:00:00+05:30,7.099999904632568,7.099999904632568,6.849999904632568,7.0
2022-12-13 00:00:00+05:30,7.050000190734863,7.050000190734863,6.900000095367432,7.0
2022-12-14 00:00:00+05:30,7.0,7.0,6.650000095367432,6.800000190734863
2022-12-15 00:00:00+05:30,6.849999904632568,6.949999809265137,6.75,6.900000095367432
2022-12-16 00:00:00+05:30,7.0,7.0,6.650000095367432,6.699999809265137
2022-12-19 00:00:00+05:30,6.900000095367432,6.949999809265137,6.800000190734863,6.900000095367432
2022-12-20 00:00:00+05:30,6.949999809265137,6.949999809265137,6.800000190734863,6.849999904632568
2022-12-21 00:00:00+05:30,6.900000095367432,6.949999809265137,6.699999809265137,6.75
2022-12-22 00:00:00+05:30,6.75,6.849999904632568,6.5,6.550000190734863
2022-12-23 00:00:00+05:30,6.550000190734863,6.650000095367432,6.25,6.25
2022-12-26 00:00:00+05:30,6.449999809265137,6.550000190734863,6.099999904632568,6.550000190734863
2022-12-27 00:00:00+05:30,6.699999809265137,6.849999904632568,6.699999809265137,6.849999904632568
2022-12-28 00:00:00+05:30,7.050000190734863,7.150000095367432,6.900000095367432,7.0
2022-12-29 00:00:00+05:30,7.0,7.0,6.75,6.800000190734863
2022-12-30 00:00:00+05:30,6.900000095367432,6.949999809265137,6.599999904632568,6.900000095367432
2023-01-02 00:00:00+05:30,6.900000095367432,6.949999809265137,6.699999809265137,6.849999904632568
2023-01-03 00:00:00+05:30,7.0,7.0,6.800000190734863,6.849999904632568
2023-01-04 00:00:00+05:30,6.949999809265137,6.949999809265137,6.75,6.800000190734863
2023-01-05 00:00:00+05:30,6.800000190734863,6.849999904632568,6.650000095367432,6.800000190734863
2023-01-06 00:00:00+05:30,6.900000095367432,6.900000095367432,6.650000095367432,6.699999809265137
2023-01-09 00:00:00+05:30,6.800000190734863,6.800000190734863,6.550000190734863,6.650000095367432
2023-01-10 00:00:00+05:30,6.800000190734863,6.800000190734863,6.599999904632568,6.699999809265137
2023-01-11 00:00:00+05:30,6.699999809265137,6.800000190734863,6.599999904632568,6.75
2023-01-12 00:00:00+05:30,6.75,6.800000190734863,6.650000095367432,6.75
2023-01-13 00:00:00+05:30,6.849999904632568,6.949999809265137,6.800000190734863,6.849999904632568
2023-01-16 00:00:00+05:30,6.900000095367432,6.949999809265137,6.550000190734863,6.849999904632568
2023-01-17 00:00:00+05:30,6.849999904632568,6.949999809265137,6.75,6.849999904632568
2023-01-18 00:00:00+05:30,6.949999809265137,6.949999809265137,6.699999809265137,6.75
2023-01-19 00:00:00+05:30,6.849999904632568,6.849999904632568,6.699999809265137,6.75
2023-01-20 00:00:00+05:30,6.849999904632568,6.900000095367432,6.75,6.75
2023-01-23 00:00:00+05:30,6.900000095367432,6.949999809265137,6.599999904632568,6.699999809265137
2023-01-24 00:00:00+05:30,6.650000095367432,6.849999904632568,6.599999904632568,6.800000190734863
2023-01-25 00:00:00+05:30,6.800000190734863,6.800000190734863,6.550000190734863,6.75
2023-01-27 00:00:00+05:30,6.75,6.75,6.550000190734863,6.599999904632568
2023-01-30 00:00:00+05:30,6.699999809265137,6.75,6.400000095367432,6.550000190734863
2023-01-31 00:00:00+05:30,6.699999809265137,6.699999809265137,6.5,6.550000190734863
2023-02-01 00:00:00+05:30,6.599999904632568,6.699999809265137,6.400000095367432,6.400000095367432
2023-02-02 00:00:00+05:30,6.449999809265137,6.550000190734863,6.349999904632568,6.449999809265137
2023-02-03 00:00:00+05:30,6.650000095367432,6.650000095367432,6.349999904632568,6.449999809265137
2023-02-06 00:00:00+05:30,6.5,6.5,6.25,6.349999904632568
2023-02-07 00:00:00+05:30,6.5,6.550000190734863,6.150000095367432,6.25
2023-02-08 00:00:00+05:30,6.25,6.5,6.150000095367432,6.400000095367432
2023-02-09 00:00:00+05:30,6.550000190734863,6.599999904632568,6.349999904632568,6.449999809265137
2023-02-10 00:00:00+05:30,6.650000095367432,6.650000095367432,6.349999904632568,6.599999904632568
2023-02-13 00:00:00+05:30,7.050000190734863,7.050000190734863,6.5,6.949999809265137
2023-02-14 00:00:00+05:30,7.050000190734863,7.599999904632568,7.050000190734863,7.599999904632568
2023-02-15 00:00:00+05:30,7.800000190734863,8.350000381469727,7.800000190734863,8.350000381469727
2023-02-16 00:00:00+05:30,8.699999809265137,8.699999809265137,7.949999809265137,7.949999809265137
2023-02-17 00:00:00+05:30,7.550000190734863,7.800000190734863,7.550000190734863,7.550000190734863
2023-02-20 00:00:00+05:30,7.199999809265137,7.349999904632568,7.199999809265137,7.199999809265137
2023-02-21 00:00:00+05:30,7.099999904632568,7.099999904632568,6.849999904632568,6.849999904632568
2023-02-22 00:00:00+05:30,6.650000095367432,7.150000095367432,6.599999904632568,6.75
2023-02-23 00:00:00+05:30,6.900000095367432,7.050000190734863,6.699999809265137,6.949999809265137
2023-02-24 00:00:00+05:30,7.099999904632568,7.199999809265137,6.800000190734863,7.050000190734863
2023-02-27 00:00:00+05:30,7.199999809265137,7.400000095367432,7.050000190734863,7.099999904632568
2023-02-28 00:00:00+05:30,7.099999904632568,7.400000095367432,7.0,7.150000095367432
2023-03-01 00:00:00+05:30,7.199999809265137,7.25,6.900000095367432,6.900000095367432
2023-03-02 00:00:00+05:30,7.050000190734863,7.099999904632568,6.800000190734863,6.900000095367432
2023-03-03 00:00:00+05:30,7.050000190734863,7.050000190734863,6.75,6.849999904632568
2023-03-06 00:00:00+05:30,6.800000190734863,7.099999904632568,6.75,7.0
2023-03-08 00:00:00+05:30,7.150000095367432,7.150000095367432,6.849999904632568,6.900000095367432
2023-03-09 00:00:00+05:30,7.150000095367432,7.150000095367432,6.849999904632568,6.900000095367432
2023-03-10 00:00:00+05:30,7.0,7.0,6.800000190734863,6.849999904632568
2023-03-13 00:00:00+05:30,6.849999904632568,6.949999809265137,6.75,6.800000190734863
2023-03-14 00:00:00+05:30,6.550000190734863,6.849999904632568,6.5,6.550000190734863
2023-03-15 00:00:00+05:30,6.550000190734863,6.849999904632568,6.449999809265137,6.599999904632568
2023-03-16 00:00:00+05:30,6.699999809265137,6.75,6.449999809265137,6.550000190734863
2023-03-17 00:00:00+05:30,6.5,6.699999809265137,6.5,6.650000095367432
2023-03-20 00:00:00+05:30,6.599999904632568,6.849999904632568,6.599999904632568,6.650000095367432
2023-03-21 00:00:00+05:30,6.650000095367432,6.800000190734863,6.449999809265137,6.5
2023-03-22 00:00:00+05:30,6.650000095367432,6.75,6.449999809265137,6.550000190734863
2023-03-23 00:00:00+05:30,6.699999809265137,6.849999904632568,6.25,6.25
2023-03-24 00:00:00+05:30,6.300000190734863,6.550000190734863,6.25,6.550000190734863
2023-03-27 00:00:00+05:30,6.550000190734863,6.75,6.25,6.300000190734863
2023-03-28 00:00:00+05:30,6.199999809265137,6.400000095367432,6.0,6.099999904632568
2023-03-29 00:00:00+05:30,6.099999904632568,6.25,5.849999904632568,5.949999809265137
2023-03-31 00:00:00+05:30,6.099999904632568,6.199999809265137,5.699999809265137,5.949999809265137
2023-04-03 00:00:00+05:30,5.949999809265137,6.150000095367432,5.949999809265137,6.099999904632568
2023-04-05 00:00:00+05:30,6.349999904632568,6.400000095367432,6.150000095367432,6.400000095367432
2023-04-06 00:00:00+05:30,6.599999904632568,6.699999809265137,6.400000095367432,6.699999809265137
2023-04-10 00:00:00+05:30,6.900000095367432,6.900000095367432,6.5,6.599999904632568
2023-04-11 00:00:00+05:30,6.550000190734863,6.900000095367432,6.099999904632568,6.449999809265137
2023-04-12 00:00:00+05:30,6.550000190734863,6.650000095367432,6.449999809265137,6.599999904632568
2023-04-13 00:00:00+05:30,6.75,6.75,6.5,6.599999904632568
2023-04-17 00:00:00+05:30,6.699999809265137,6.699999809265137,6.400000095367432,6.599999904632568
2023-04-18 00:00:00+05:30,6.5,6.650000095367432,6.5,6.599999904632568
2023-04-19 00:00:00+05:30,6.599999904632568,6.599999904632568,6.5,6.550000190734863
2023-04-20 00:00:00+05:30,6.550000190734863,6.75,6.449999809265137,6.599999904632568
2023-04-21 00:00:00+05:30,6.699999809265137,6.699999809265137,6.449999809265137,6.5
2023-04-24 00:00:00+05:30,6.650000095367432,6.650000095367432,6.400000095367432,6.5
2023-04-25 00:00:00+05:30,6.300000190734863,6.599999904632568,6.300000190734863,6.5
2023-04-26 00:00:00+05:30,6.650000095367432,6.650000095367432,6.400000095367432,6.449999809265137
2023-04-27 00:00:00+05:30,6.449999809265137,6.650000095367432,6.449999809265137,6.5
2023-04-28 00:00:00+05:30,6.650000095367432,6.650000095367432,6.300000190734863,6.400000095367432
2023-05-02 00:00:00+05:30,6.449999809265137,6.599999904632568,6.400000095367432,6.5
2023-05-03 00:00:00+05:30,6.5,6.5,6.349999904632568,6.5
2023-05-04 00:00:00+05:30,6.5,6.5,6.400000095367432,6.449999809265137
2023-05-05 00:00:00+05:30,6.449999809265137,6.599999904632568,6.449999809265137,6.5
2023-05-08 00:00:00+05:30,6.5,6.599999904632568,6.5,6.550000190734863
2023-05-09 00:00:00+05:30,6.5,6.650000095367432,6.5,6.550000190734863
2023-05-10 00:00:00+05:30,6.550000190734863,6.599999904632568,6.5,6.550000190734863
2023-05-11 00:00:00+05:30,6.5,6.599999904632568,6.5,6.550000190734863
2023-05-12 00:00:00+05:30,6.599999904632568,6.650000095367432,6.550000190734863,6.599999904632568
2023-05-15 00:00:00+05:30,6.599999904632568,6.599999904632568,6.5,6.5
2023-05-16 00:00:00+05:30,6.599999904632568,6.599999904632568,6.5,6.599999904632568
2023-05-17 00:00:00+05:30,6.5,6.599999904632568,6.5,6.550000190734863
2023-05-18 00:00:00+05:30,6.550000190734863,6.599999904632568,6.449999809265137,6.5
2023-05-19 00:00:00+05:30,6.5,6.550000190734863,6.449999809265137,6.449999809265137
2023-05-22 00:00:00+05:30,6.449999809265137,6.550000190734863,6.349999904632568,6.400000095367432
2023-05-23 00:00:00+05:30,6.400000095367432,6.5,6.349999904632568,6.400000095367432
2023-05-24 00:00:00+05:30,6.449999809265137,6.5,6.349999904632568,6.400000095367432
2023-05-25 00:00:00+05:30,6.349999904632568,6.5,6.300000190734863,6.349999904632568
2023-05-26 00:00:00+05:30,6.449999809265137,6.449999809265137,6.349999904632568,6.400000095367432
2023-05-29 00:00:00+05:30,6.449999809265137,6.449999809265137,6.300000190734863,6.400000095367432
2023-05-30 00:00:00+05:30,6.400000095367432,6.550000190734863,6.400000095367432,6.5
2023-05-31 00:00:00+05:30,6.550000190734863,6.550000190734863,6.400000095367432,6.449999809265137
2023-06-01 00:00:00+05:30,6.449999809265137,6.550000190734863,6.400000095367432,6.449999809265137
2023-06-02 00:00:00+05:30,6.5,6.5,6.400000095367432,6.449999809265137
2023-06-05 00:00:00+05:30,6.449999809265137,6.449999809265137,6.300000190734863,6.349999904632568
2023-06-06 00:00:00+05:30,6.349999904632568,6.449999809265137,6.300000190734863,6.349999904632568
2023-06-07 00:00:00+05:30,6.349999904632568,6.400000095367432,6.25,6.349999904632568
2023-06-08 00:00:00+05:30,6.050000190734863,6.400000095367432,6.050000190734863,6.300000190734863
2023-06-09 00:00:00+05:30,6.349999904632568,6.349999904632568,6.150000095367432,6.25
2023-06-12 00:00:00+05:30,6.25,6.349999904632568,6.099999904632568,6.199999809265137
2023-06-13 00:00:00+05:30,6.300000190734863,6.400000095367432,6.150000095367432,6.150000095367432
2023-06-14 00:00:00+05:30,6.150000095367432,6.300000190734863,6.0,6.099999904632568
2023-06-15 00:00:00+05:30,6.099999904632568,6.300000190734863,6.050000190734863,6.150000095367432
2023-06-16 00:00:00+05:30,6.150000095367432,6.25,6.099999904632568,6.150000095367432
2023-06-19 00:00:00+05:30,6.25,6.25,6.050000190734863,6.099999904632568
2023-06-20 00:00:00+05:30,6.050000190734863,6.199999809265137,5.949999809265137,6.0
2023-06-21 00:00:00+05:30,6.0,6.099999904632568,5.900000095367432,6.0
2023-06-22 00:00:00+05:30,6.0,6.099999904632568,5.949999809265137,6.0
2023-06-23 00:00:00+05:30,6.0,6.050000190734863,5.949999809265137,6.0
2023-06-26 00:00:00+05:30,6.0,6.0,5.900000095367432,5.949999809265137
2023-06-27 00:00:00+05:30,5.949999809265137,6.0,5.849999904632568,5.900000095367432
2023-06-28 00:00:00+05:30,5.900000095367432,6.150000095367432,5.800000190734863,6.050000190734863
2023-06-30 00:00:00+05:30,6.0,6.050000190734863,5.900000095367432,6.0
2023-07-03 00:00:00+05:30,6.050000190734863,6.050000190734863,5.900000095367432,6.0
2023-07-04 00:00:00+05:30,6.050000190734863,6.050000190734863,5.75,5.949999809265137
2023-07-05 00:00:00+05:30,5.949999809265137,5.949999809265137,5.849999904632568,5.900000095367432
2023-07-06 00:00:00+05:30,5.949999809265137,6.0,5.849999904632568,5.900000095367432
2023-07-07 00:00:00+05:30,5.949999809265137,6.0,5.849999904632568,5.900000095367432
2023-07-10 00:00:00+05:30,6.0,6.050000190734863,5.900000095367432,6.0
2023-07-11 00:00:00+05:30,6.0,6.050000190734863,5.949999809265137,6.050000190734863
2023-07-12 00:00:00+05:30,6.050000190734863,6.099999904632568,5.800000190734863,5.900000095367432
2023-07-13 00:00:00+05:30,6.0,6.0,5.800000190734863,5.849999904632568
2023-07-14 00:00:00+05:30,5.849999904632568,5.900000095367432,5.800000190734863,5.849999904632568
2023-07-17 00:00:00+05:30,5.800000190734863,5.949999809265137,5.75,5.800000190734863
2023-07-18 00:00:00+05:30,5.900000095367432,5.900000095367432,5.699999809265137,5.849999904632568
2023-07-19 00:00:00+05:30,5.849999904632568,5.900000095367432,5.800000190734863,5.849999904632568
2023-07-20 00:00:00+05:30,5.900000095367432,5.900000095367432,5.800000190734863,5.849999904632568
2023-07-21 00:00:00+05:30,5.800000190734863,5.900000095367432,5.75,5.849999904632568
2023-07-24 00:00:00+05:30,5.849999904632568,5.849999904632568,5.75,5.849999904632568
2023-07-25 00:00:00+05:30,5.849999904632568,5.900000095367432,5.75,5.849999904632568
2023-07-26 00:00:00+05:30,5.800000190734863,5.849999904632568,5.75,5.849999904632568
2023-07-27 00:00:00+05:30,5.800000190734863,5.849999904632568,5.75,5.800000190734863
2023-07-28 00:00:00+05:30,5.800000190734863,5.849999904632568,5.75,5.800000190734863
2023-07-31 00:00:00+05:30,5.849999904632568,5.900000095367432,5.800000190734863,5.800000190734863
2023-08-01 00:00:00+05:30,5.849999904632568,5.900000095367432,5.800000190734863,5.849999904632568
2023-08-02 00:00:00+05:30,5.849999904632568,5.900000095367432,5.800000190734863,5.849999904632568
2023-08-03 00:00:00+05:30,5.849999904632568,5.849999904632568,5.75,5.800000190734863
2023-08-04 00:00:00+05:30,5.849999904632568,5.849999904632568,5.800000190734863,5.849999904632568
2023-08-07 00:00:00+05:30,5.849999904632568,5.849999904632568,5.75,5.75
2023-08-08 00:00:00+05:30,5.800000190734863,5.849999904632568,5.75,5.800000190734863
2023-08-09 00:00:00+05:30,5.800000190734863,5.849999904632568,5.699999809265137,5.699999809265137
2023-08-10 00:00:00+05:30,5.75,5.849999904632568,5.75,5.75
2023-08-11 00:00:00+05:30,5.800000190734863,5.849999904632568,5.75,5.800000190734863
2023-08-14 00:00:00+05:30,5.849999904632568,5.900000095367432,5.75,5.849999904632568
2023-08-16 00:00:00+05:30,5.900000095367432,5.900000095367432,5.800000190734863,5.849999904632568
2023-08-17 00:00:00+05:30,5.900000095367432,5.949999809265137,5.800000190734863,5.849999904632568
2023-08-18 00:00:00+05:30,5.849999904632568,5.949999809265137,5.75,5.849999904632568
2023-08-21 00:00:00+05:30,5.900000095367432,5.900000095367432,5.800000190734863,5.800000190734863
2023-08-22 00:00:00+05:30,5.800000190734863,5.900000095367432,5.75,5.800000190734863
2023-08-23 00:00:00+05:30,5.849999904632568,5.849999904632568,5.699999809265137,5.699999809265137
2023-08-24 00:00:00+05:30,5.849999904632568,5.849999904632568,5.75,5.849999904632568
2023-08-25 00:00:00+05:30,5.900000095367432,6.099999904632568,5.849999904632568,6.099999904632568
2023-08-28 00:00:00+05:30,6.400000095367432,6.400000095367432,6.400000095367432,6.400000095367432
2023-08-29 00:00:00+05:30,6.699999809265137,6.699999809265137,6.699999809265137,6.699999809265137
2023-08-30 00:00:00+05:30,7.0,7.0,6.949999809265137,7.0
2023-08-31 00:00:00+05:30,6.900000095367432,7.0,6.900000095367432,6.900000095367432
2023-09-01 00:00:00+05:30,6.800000190734863,6.800000190734863,6.800000190734863,6.800000190734863
2023-09-04 00:00:00+05:30,6.699999809265137,6.699999809265137,6.699999809265137,6.699999809265137
2023-09-05 00:00:00+05:30,6.599999904632568,6.599999904632568,6.599999904632568,6.599999904632568
2023-09-06 00:00:00+05:30,6.5,6.5,6.5,6.5
2023-09-07 00:00:00+05:30,6.400000095367432,6.400000095367432,6.400000095367432,6.400000095367432
2023-09-08 00:00:00+05:30,6.300000190734863,6.300000190734863,6.300000190734863,6.300000190734863
2023-09-11 00:00:00+05:30,6.199999809265137,6.25,6.199999809265137,6.199999809265137
2023-09-12 00:00:00+05:30,6.099999904632568,6.099999904632568,6.099999904632568,6.099999904632568
2023-09-13 00:00:00+05:30,6.0,6.0,6.0,6.0
2023-09-14 00:00:00+05:30,5.900000095367432,6.0,5.900000095367432,5.900000095367432
2023-09-15 00:00:00+05:30,6.0,6.0,5.800000190734863,6.0
2023-09-18 00:00:00+05:30,6.099999904632568,6.099999904632568,6.099999904632568,6.099999904632568
2023-09-20 00:00:00+05:30,6.0,6.099999904632568,6.0,6.0
2023-09-21 00:00:00+05:30,5.949999809265137,6.050000190734863,5.949999809265137,5.949999809265137
2023-09-22 00:00:00+05:30,5.900000095367432,5.900000095367432,5.849999904632568,5.900000095367432
2023-09-25 00:00:00+05:30,6.0,6.0,5.900000095367432,6.0
2023-09-26 00:00:00+05:30,5.900000095367432,6.0,5.900000095367432,5.900000095367432
2023-09-27 00:00:00+05:30,5.849999904632568,5.849999904632568,5.849999904632568,5.849999904632568
2023-09-28 00:00:00+05:30,5.75,5.849999904632568,5.75,5.75
2023-09-29 00:00:00+05:30,5.849999904632568,5.849999904632568,5.699999809265137,5.849999904632568
2023-10-03 00:00:00+05:30,5.949999809265137,5.949999809265137,5.849999904632568,5.949999809265137
2023-10-04 00:00:00+05:30,5.900000095367432,5.900000095367432,5.900000095367432,5.900000095367432
2023-10-05 00:00:00+05:30,5.900000095367432,5.900000095367432,5.900000095367432,5.900000095367432
2023-10-06 00:00:00+05:30,5.849999904632568,5.900000095367432,5.800000190734863,5.849999904632568
2023-10-09 00:00:00+05:30,5.900000095367432,6.0,5.699999809265137,5.949999809265137
2023-10-10 00:00:00+05:30,5.949999809265137,6.099999904632568,5.75,5.900000095367432
2023-10-11 00:00:00+05:30,5.949999809265137,6.050000190734863,5.75,5.849999904632568
2023-10-12 00:00:00+05:30,5.75,6.099999904632568,5.75,6.099999904632568
2023-10-13 00:00:00+05:30,6.099999904632568,6.400000095367432,6.099999904632568,6.349999904632568
2023-10-16 00:00:00+05:30,6.650000095367432,6.650000095367432,6.5,6.650000095367432
2023-10-17 00:00:00+05:30,6.900000095367432,6.900000095367432,6.449999809265137,6.75
2023-10-18 00:00:00+05:30,6.699999809265137,6.699999809265137,6.449999809265137,6.550000190734863
2023-10-19 00:00:00+05:30,6.599999904632568,6.849999904632568,6.25,6.849999904632568
2023-10-20 00:00:00+05:30,6.900000095367432,7.099999904632568,6.599999904632568,6.800000190734863
2023-10-23 00:00:00+05:30,7.0,7.0,6.25,6.449999809265137
2023-10-25 00:00:00+05:30,6.199999809265137,6.550000190734863,6.050000190734863,6.150000095367432
2023-10-26 00:00:00+05:30,6.050000190734863,6.449999809265137,5.849999904632568,6.050000190734863
2023-10-27 00:00:00+05:30,5.900000095367432,6.650000095367432,5.900000095367432,6.599999904632568
2023-10-30 00:00:00+05:30,6.650000095367432,7.0,6.599999904632568,6.75
2023-10-31 00:00:00+05:30,6.800000190734863,6.849999904632568,6.349999904632568,6.550000190734863
2023-11-01 00:00:00+05:30,6.699999809265137,6.699999809265137,6.150000095367432,6.349999904632568
2023-11-02 00:00:00+05:30,6.449999809265137,6.449999809265137,6.25,6.300000190734863
2023-11-03 00:00:00+05:30,6.300000190734863,6.400000095367432,6.25,6.300000190734863
2023-11-06 00:00:00+05:30,6.449999809265137,6.900000095367432,6.449999809265137,6.900000095367432
2023-11-07 00:00:00+05:30,7.25,7.400000095367432,7.199999809265137,7.300000190734863
2023-11-08 00:00:00+05:30,7.300000190734863,7.550000190734863,7.099999904632568,7.150000095367432
2023-11-09 00:00:00+05:30,7.099999904632568,7.199999809265137,6.75,7.050000190734863
2023-11-10 00:00:00+05:30,7.199999809265137,7.300000190734863,7.0,7.050000190734863
2023-11-13 00:00:00+05:30,7.25,7.349999904632568,7.150000095367432,7.25
2023-11-15 00:00:00+05:30,7.300000190734863,7.300000190734863,7.0,7.099999904632568
2023-11-16 00:00:00+05:30,7.050000190734863,7.099999904632568,6.949999809265137,7.050000190734863
2023-11-17 00:00:00+05:30,7.099999904632568,7.150000095367432,6.900000095367432,7.099999904632568
2023-11-20 00:00:00+05:30,7.25,7.300000190734863,6.699999809265137,7.050000190734863
2023-11-21 00:00:00+05:30,7.0,7.199999809265137,6.949999809265137,7.099999904632568
2023-11-22 00:00:00+05:30,7.150000095367432,7.150000095367432,6.849999904632568,6.949999809265137
2023-11-23 00:00:00+05:30,6.949999809265137,7.150000095367432,6.900000095367432,7.050000190734863
2023-11-24 00:00:00+05:30,7.099999904632568,7.150000095367432,7.0,7.050000190734863
2023-11-28 00:00:00+05:30,7.150000095367432,7.150000095367432,6.900000095367432,7.0
2023-11-29 00:00:00+05:30,7.0,7.099999904632568,6.949999809265137,7.050000190734863
2023-11-30 00:00:00+05:30,7.099999904632568,7.150000095367432,6.949999809265137,7.0
2023-12-01 00:00:00+05:30,7.0,7.099999904632568,6.949999809265137,6.949999809265137
2023-12-04 00:00:00+05:30,7.099999904632568,7.599999904632568,6.949999809265137,7.400000095367432
2023-12-05 00:00:00+05:30,7.599999904632568,8.100000381469727,7.599999904632568,8.100000381469727
2023-12-06 00:00:00+05:30,8.699999809265137,8.899999618530273,8.5,8.899999618530273
2023-12-07 00:00:00+05:30,9.699999809265137,10.649999618530273,9.699999809265137,10.649999618530273
2023-12-08 00:00:00+05:30,11.949999809265137,12.75,11.25,12.75
2023-12-11 00:00:00+05:30,13.800000190734863,14.0,13.350000381469727,14.0
2023-12-12 00:00:00+05:30,14.75,15.399999618530273,12.600000381469727,13.25
2023-12-13 00:00:00+05:30,12.600000381469727,13.149999618530273,12.600000381469727,12.600000381469727
2023-12-14 00:00:00+05:30,12.0,12.0,12.0,12.0
2023-12-15 00:00:00+05:30,11.399999618530273,12.600000381469727,11.399999618530273,11.649999618530273
2023-12-18 00:00:00+05:30,11.100000381469727,11.100000381469727,11.100000381469727,11.100000381469727
2023-12-19 00:00:00+05:30,10.649999618530273,11.0,10.550000190734863,10.550000190734863
2023-12-20 00:00:00+05:30,10.149999618530273,10.5,10.050000190734863,10.050000190734863
2023-12-21 00:00:00+05:30,9.550000190734863,9.550000190734863,9.550000190734863,9.550000190734863
2023-12-22 00:00:00+05:30,9.100000381469727,10.0,9.100000381469727,10.0
2023-12-26 00:00:00+05:30,10.5,10.5,10.25,10.5
2023-12-27 00:00:00+05:30,11.0,11.0,11.0,11.0
2023-12-28 00:00:00+05:30,11.550000190734863,11.550000190734863,11.0,11.550000190734863
2023-12-29 00:00:00+05:30,11.899999618530273,11.899999618530273,11.0,11.5
2024-01-01 00:00:00+05:30,11.5,12.050000190734863,11.300000190734863,12.050000190734863
2024-01-02 00:00:00+05:30,11.800000190734863,11.800000190734863,11.800000190734863,11.800000190734863
2024-01-03 00:00:00+05:30,11.600000381469727,11.600000381469727,11.600000381469727,11.600000381469727
2024-01-04 00:00:00+05:30,11.399999618530273,11.399999618530273,11.399999618530273,11.399999618530273
2024-01-05 00:00:00+05:30,11.199999809265137,11.300000190734863,11.199999809265137,11.199999809265137
2024-01-08 00:00:00+05:30,11.0,11.0,11.0,11.0
2024-01-09 00:00:00+05:30,10.800000190734863,10.800000190734863,10.800000190734863,10.800000190734863
2024-01-10 00:00:00+05:30,10.600000381469727,10.600000381469727,10.600000381469727,10.600000381469727
2024-01-11 00:00:00+05:30,10.399999618530273,10.399999618530273,10.399999618530273,10.399999618530273
2024-01-12 00:00:00+05:30,10.199999809265137,10.199999809265137,10.199999809265137,10.199999809265137
2024-01-15 00:00:00+05:30,10.199999809265137,10.199999809265137,10.199999809265137,10.199999809265137
2024-01-16 00:00:00+05:30,9.899999618530273,10.0,9.800000190734863,9.899999618530273
2024-01-17 00:00:00+05:30,9.949999809265137,10.0,9.899999618530273,9.949999809265137
2024-01-18 00:00:00+05:30,9.899999618530273,9.949999809265137,9.899999618530273,9.899999618530273
2024-01-19 00:00:00+05:30,9.699999809265137,9.899999618530273,9.699999809265137,9.699999809265137
2024-01-23 00:00:00+05:30,9.350000381469727,9.350000381469727,9.350000381469727,9.350000381469727
2024-01-24 00:00:00+05:30,9.199999809265137,9.199999809265137,9.199999809265137,9.199999809265137
2024-01-25 00:00:00+05:30,9.050000190734863,9.050000190734863,9.050000190734863,9.050000190734863
2024-01-29 00:00:00+05:30,9.050000190734863,9.050000190734863,9.050000190734863,9.050000190734863
2024-01-30 00:00:00+05:30,9.100000381469727,9.100000381469727,9.0,9.100000381469727
2024-01-31 00:00:00+05:30,9.25,9.25,9.100000381469727,9.25
2024-02-01 00:00:00+05:30,9.399999618530273,9.399999618530273,9.399999618530273,9.399999618530273
2024-02-02 00:00:00+05:30,9.550000190734863,9.550000190734863,9.550000190734863,9.550000190734863
2024-02-05 00:00:00+05:30,10.0,10.0,10.0,10.0
2024-02-06 00:00:00+05:30,10.5,10.5,10.5,10.5
2024-02-07 00:00:00+05:30,11.0,11.0,11.0,11.0
2024-02-08 00:00:00+05:30,11.550000190734863,11.550000190734863,11.0,11.550000190734863
2024-02-09 00:00:00+05:30,12.100000381469727,12.100000381469727,11.699999809265137,12.100000381469727
2024-02-12 00:00:00+05:30,12.649999618530273,12.699999809265137,12.350000381469727,12.699999809265137
2024-02-13 00:00:00+05:30,12.699999809265137,12.699999809265137,12.100000381469727,12.100000381469727
2024-02-14 00:00:00+05:30,11.850000381469727,11.850000381469727,11.850000381469727,11.850000381469727
2024-02-15 00:00:00+05:30,11.649999618530273,11.649999618530273,11.649999618530273,11.649999618530273
2024-02-16 00:00:00+05:30,11.449999809265137,11.449999809265137,11.449999809265137,11.449999809265137
2024-02-19 00:00:00+05:30,11.25,11.25,11.25,11.25
2024-02-20 00:00:00+05:30,11.050000190734863,11.050000190734863,11.050000190734863,11.050000190734863
2024-02-21 00:00:00+05:30,10.850000381469727,10.850000381469727,10.850000381469727,10.850000381469727
2024-02-22 00:00:00+05:30,10.850000381469727,10.850000381469727,10.649999618530273,10.850000381469727
2024-02-23 00:00:00+05:30,10.649999618530273,10.649999618530273,10.649999618530273,10.649999618530273
2024-02-26 00:00:00+05:30,10.449999809265137,10.449999809265137,10.449999809265137,10.449999809265137
2024-02-27 00:00:00+05:30,10.25,10.25,10.25,10.25
2024-02-28 00:00:00+05:30,10.050000190734863,10.149999618530273,10.050000190734863,10.050000190734863
2024-02-29 00:00:00+05:30,9.850000381469727,9.850000381469727,9.850000381469727,9.850000381469727
2024-03-01 00:00:00+05:30,10.0,10.0,9.850000381469727,10.0
2024-03-04 00:00:00+05:30,10.399999618530273,10.399999618530273,10.399999618530273,10.399999618530273
2024-03-05 00:00:00+05:30,10.600000381469727,10.600000381469727,10.600000381469727,10.600000381469727
2024-03-06 00:00:00+05:30,10.399999618530273,10.600000381469727,10.399999618530273,10.399999618530273
2024-03-07 00:00:00+05:30,10.199999809265137,10.199999809265137,10.199999809265137,10.199999809265137
2024-03-11 00:00:00+05:30,10.0,10.100000381469727,10.0,10.0
2024-03-12 00:00:00+05:30,9.800000190734863,9.800000190734863,9.800000190734863,9.800000190734863
2024-03-13 00:00:00+05:30,9.600000381469727,9.600000381469727,9.600000381469727,9.600000381469727
2024-03-14 00:00:00+05:30,9.399999618530273,9.399999618530273,9.399999618530273,9.399999618530273
2024-03-15 00:00:00+05:30,9.25,9.25,9.25,9.25
2024-03-18 00:00:00+05:30,9.0,9.25,8.800000190734863,8.800000190734863
2024-03-19 00:00:00+05:30,8.699999809265137,8.800000190734863,8.399999618530273,8.649999618530273
2024-03-20 00:00:00+05:30,8.5,9.050000190734863,8.25,9.0
2024-03-21 00:00:00+05:30,9.25,9.449999809265137,9.149999618530273,9.449999809265137
2024-03-22 00:00:00+05:30,9.899999618530273,9.899999618530273,9.649999618530273,9.899999618530273
2024-03-26 00:00:00+05:30,10.350000381469727,10.350000381469727,9.899999618530273,9.949999809265137
2024-03-27 00:00:00+05:30,9.949999809265137,10.350000381469727,9.449999809265137,9.600000381469727
2024-03-28 00:00:00+05:30,9.800000190734863,9.899999618530273,9.149999618530273,9.149999618530273
2024-04-01 00:00:00+05:30,9.149999618530273,10.050000190734863,8.300000190734863,9.699999809265137
2024-04-02 00:00:00+05:30,10.149999618530273,10.149999618530273,9.699999809265137,10.100000381469727
2024-04-03 00:00:00+05:30,10.100000381469727,11.100000381469727,10.100000381469727,11.100000381469727
2024-04-04 00:00:00+05:30,11.300000190734863,12.199999809265137,11.300000190734863,12.199999809265137
2024-04-05 00:00:00+05:30,12.600000381469727,12.600000381469727,11.600000381469727,11.600000381469727
2024-04-08 00:00:00+05:30,11.949999809265137,11.949999809265137,11.050000190734863,11.050000190734863
2024-04-09 00:00:00+05:30,10.75,11.050000190734863,10.5,10.550000190734863
2024-04-10 00:00:00+05:30,10.550000190734863,11.050000190734863,10.550000190734863,11.050000190734863
2024-04-12 00:00:00+05:30,11.199999809265137,11.600000381469727,11.050000190734863,11.25
2024-04-15 00:00:00+05:30,11.0,11.0,10.699999809265137,10.699999809265137
2024-04-16 00:00:00+05:30,10.399999618530273,10.600000381469727,10.199999809265137,10.25
2024-04-18 00:00:00+05:30,10.449999809265137,10.75,10.449999809265137,10.75
2024-04-19 00:00:00+05:30,10.399999618530273,10.600000381469727,10.25,10.300000190734863
2024-04-22 00:00:00+05:30,10.600000381469727,10.800000190734863,10.350000381469727,10.649999618530273
2024-04-23 00:00:00+05:30,10.850000381469727,10.949999809265137,10.5,10.75
2024-04-24 00:00:00+05:30,11.100000381469727,11.25,10.699999809265137,11.149999618530273
2024-04-25 00:00:00+05:30,11.5,11.5,10.899999618530273,11.050000190734863
2024-04-26 00:00:00+05:30,11.300000190734863,11.300000190734863,10.600000381469727,10.800000190734863
2024-04-29 00:00:00+05:30,10.850000381469727,11.0,10.600000381469727,10.649999618530273
2024-04-30 00:00:00+05:30,10.899999618530273,11.149999618530273,10.75,11.100000381469727
2024-05-02 00:00:00+05:30,11.25,11.449999809265137,10.899999618530273,11.050000190734863
2024-05-03 00:00:00+05:30,11.0,11.199999809265137,10.899999618530273,10.949999809265137
2024-05-06 00:00:00+05:30,10.899999618530273,11.050000190734863,10.449999809265137,10.649999618530273
2024-05-07 00:00:00+05:30,10.600000381469727,10.800000190734863,10.149999618530273,10.399999618530273
2024-05-08 00:00:00+05:30,10.399999618530273,10.899999618530273,10.25,10.75
2024-05-09 00:00:00+05:30,10.699999809265137,11.050000190734863,10.5,10.600000381469727
2024-05-10 00:00:00+05:30,10.899999618530273,10.899999618530273,10.350000381469727,10.600000381469727
2024-05-13 00:00:00+05:30,10.699999809265137,10.75,10.300000190734863,10.5
2024-05-14 00:00:00+05:30,10.300000190734863,10.800000190734863,10.100000381469727,10.449999809265137
2024-05-15 00:00:00+05:30,10.600000381469727,10.600000381469727,10.350000381469727,10.399999618530273
2024-05-16 00:00:00+05:30,10.5,10.5,10.300000190734863,10.350000381469727
2024-05-17 00:00:00+05:30,10.350000381469727,10.649999618530273,10.350000381469727,10.399999618530273
2024-05-21 00:00:00+05:30,10.75,11.050000190734863,10.600000381469727,11.050000190734863
2024-05-22 00:00:00+05:30,11.600000381469727,11.600000381469727,11.300000190734863,11.600000381469727
2024-05-23 00:00:00+05:30,12.149999618530273,12.149999618530273,12.149999618530273,12.149999618530273
2024-05-24 00:00:00+05:30,12.75,12.75,12.25,12.75
2024-05-27 00:00:00+05:30,13.050000190734863,13.100000381469727,12.149999618530273,12.149999618530273
2024-05-28 00:00:00+05:30,12.050000190734863,12.050000190734863,11.550000190734863,11.550000190734863
2024-05-29 00:00:00+05:30,11.149999618530273,12.100000381469727,11.100000381469727,12.100000381469727
2024-05-30 00:00:00+05:30,11.850000381469727,12.100000381469727,11.5,11.5
2024-05-31 00:00:00+05:30,11.199999809265137,11.800000190734863,11.100000381469727,11.300000190734863
2024-06-03 00:00:00+05:30,11.550000190734863,11.850000381469727,11.449999809265137,11.850000381469727
2024-06-04 00:00:00+05:30,12.25,12.25,11.25,11.25
2024-06-05 00:00:00+05:30,11.050000190734863,11.149999618530273,10.699999809265137,10.949999809265137
2024-06-06 00:00:00+05:30,11.149999618530273,11.449999809265137,11.050000190734863,11.399999618530273
2024-06-07 00:00:00+05:30,11.649999618530273,12.0,11.25,11.449999809265137
2024-06-10 00:00:00+05:30,12.25,12.25,10.520000457763672,11.470000267028809
2024-06-11 00:00:00+05:30,11.899999618530273,12.050000190734863,11.420000076293945,11.760000228881836
2024-06-12 00:00:00+05:30,11.989999771118164,12.930000305175781,11.699999809265137,12.65999984741211
2024-06-13 00:00:00+05:30,12.899999618530273,13.100000381469727,12.420000076293945,12.65999984741211
2024-06-14 00:00:00+05:30,12.899999618530273,12.899999618530273,12.149999618530273,12.210000038146973
2024-06-18 00:00:00+05:30,12.59000015258789,12.600000381469727,12.050000190734863,12.109999656677246
2024-06-19 00:00:00+05:30,12.25,12.25,11.899999618530273,11.930000305175781
2024-06-20 00:00:00+05:30,12.0,12.800000190734863,11.9399995803833,12.069999694824219
2024-06-21 00:00:00+05:30,12.149999618530273,12.600000381469727,12.140000343322754,12.15999984741211
2024-06-24 00:00:00+05:30,12.479999542236328,12.479999542236328,12.15999984741211,12.1899995803833
2024-06-25 00:00:00+05:30,12.390000343322754,12.390000343322754,11.479999542236328,11.729999542236328
2024-06-26 00:00:00+05:30,11.920000076293945,12.289999961853027,11.699999809265137,11.949999809265137
2024-06-27 00:00:00+05:30,12.010000228881836,12.390000343322754,11.5,11.710000038146973
2024-06-28 00:00:00+05:30,11.899999618530273,12.880000114440918,11.84000015258789,12.880000114440918
2024-07-01 00:00:00+05:30,14.15999984741211,14.15999984741211,13.899999618530273,14.15999984741211
2024-07-02 00:00:00+05:30,15.569999694824219,15.569999694824219,15.569999694824219,15.569999694824219
2024-07-03 00:00:00+05:30,16.34000015258789,16.34000015258789,16.34000015258789,16.34000015258789
2024-07-04 00:00:00+05:30,17.149999618530273,17.149999618530273,15.520000457763672,15.680000305175781
2024-07-05 00:00:00+05:30,14.890000343322754,15.899999618530273,14.890000343322754,15.59000015258789
2024-07-08 00:00:00+05:30,15.899999618530273,15.949999809265137,14.8100004196167,14.8100004196167
2024-07-09 00:00:00+05:30,14.550000190734863,14.800000190734863,14.0600004196167,14.289999961853027
2024-07-10 00:00:00+05:30,14.489999771118164,14.489999771118164,13.569999694824219,13.619999885559082
2024-07-11 00:00:00+05:30,13.649999618530273,14.300000190734863,13.649999618530273,14.25
2024-07-12 00:00:00+05:30,14.8100004196167,14.8100004196167,13.529999732971191,13.579999923706055
2024-07-15 00:00:00+05:30,13.579999923706055,14.0,12.899999618530273,13.739999771118164
2024-07-16 00:00:00+05:30,13.579999923706055,14.069999694824219,13.25,13.9399995803833
2024-07-18 00:00:00+05:30,14.130000114440918,14.25,13.899999618530273,14.09000015258789
2024-07-19 00:00:00+05:30,14.350000381469727,14.5600004196167,13.449999809265137,13.670000076293945
2024-07-22 00:00:00+05:30,13.5,13.5,12.979999542236328,13.329999923706055
2024-07-23 00:00:00+05:30,13.600000381469727,13.649999618530273,12.899999618530273,13.149999618530273
2024-07-24 00:00:00+05:30,13.239999771118164,13.800000190734863,13.0,13.800000190734863
2024-07-25 00:00:00+05:30,14.0,14.420000076293945,13.359999656677246,14.079999923706055
2024-07-26 00:00:00+05:30,14.479999542236328,14.479999542236328,13.5,13.880000114440918
2024-07-29 00:00:00+05:30,14.15999984741211,14.199999809265137,13.75,13.800000190734863
2024-07-30 00:00:00+05:30,13.800000190734863,13.989999771118164,13.210000038146973,13.630000114440918
2024-07-31 00:00:00+05:30,13.75,14.3100004196167,13.510000228881836,14.3100004196167
2024-08-01 00:00:00+05:30,14.399999618530273,14.420000076293945,13.75,14.15999984741211
2024-08-02 00:00:00+05:30,14.15999984741211,14.199999809265137,13.510000228881836,13.920000076293945
2024-08-05 00:00:00+05:30,13.640000343322754,13.640000343322754,13.220000267028809,13.220000267028809
2024-08-06 00:00:00+05:30,12.899999618530273,13.670000076293945,12.899999618530273,13.130000114440918
2024-08-07 00:00:00+05:30,12.470000267028809,13.390000343322754,12.470000267028809,13.210000038146973
2024-08-08 00:00:00+05:30,13.25,13.279999732971191,12.65999984741211,12.979999542236328
2024-08-09 00:00:00+05:30,12.949999809265137,13.25,12.800000190734863,13.039999961853027
2024-08-12 00:00:00+05:30,13.399999618530273,13.399999618530273,12.800000190734863,13.199999809265137
2024-08-13 00:00:00+05:30,13.300000190734863,13.300000190734863,12.800000190734863,13.09000015258789
2024-08-14 00:00:00+05:30,13.050000190734863,13.210000038146973,12.550000190734863,12.670000076293945
2024-08-16 00:00:00+05:30,12.859999656677246,13.300000190734863,12.029999732971191,12.84000015258789
2024-08-19 00:00:00+05:30,13.100000381469727,13.289999961853027,12.84000015258789,12.930000305175781
2024-08-20 00:00:00+05:30,13.100000381469727,13.25,12.75,12.819999694824219
2024-08-21 00:00:00+05:30,12.819999694824219,13.1899995803833,12.819999694824219,13.020000457763672
2024-08-22 00:00:00+05:30,13.020000457763672,13.25,12.899999618530273,12.970000267028809
2024-08-23 00:00:00+05:30,12.970000267028809,13.199999809265137,12.859999656677246,12.899999618530273
2024-08-26 00:00:00+05:30,13.239999771118164,13.239999771118164,12.930000305175781,13.119999885559082
2024-08-27 00:00:00+05:30,13.239999771118164,13.239999771118164,13.0,13.020000457763672
2024-08-28 00:00:00+05:30,13.25,13.25,12.399999618530273,12.979999542236328
2024-08-29 00:00:00+05:30,12.979999542236328,13.140000343322754,12.800000190734863,12.890000343322754
2024-08-30 00:00:00+05:30,13.09000015258789,13.09000015258789,12.819999694824219,12.890000343322754
2024-09-02 00:00:00+05:30,13.1899995803833,13.1899995803833,12.239999771118164,12.600000381469727
2024-09-03 00:00:00+05:30,12.600000381469727,12.880000114440918,12.050000190734863,12.40999984741211
2024-09-04 00:00:00+05:30,12.390000343322754,13.0,12.100000381469727,12.9399995803833
2024-09-05 00:00:00+05:30,13.25,13.25,12.710000038146973,12.869999885559082
2024-09-06 00:00:00+05:30,13.050000190734863,13.050000190734863,12.34000015258789,12.680000305175781
2024-09-09 00:00:00+05:30,12.25,12.680000305175781,12.220000267028809,12.430000305175781
2024-09-10 00:00:00+05:30,12.600000381469727,12.890000343322754,12.449999809265137,12.829999923706055
2024-09-11 00:00:00+05:30,13.0,13.0,12.460000038146973,12.579999923706055
2024-09-12 00:00:00+05:30,12.800000190734863,12.800000190734863,12.40999984741211,12.65999984741211
2024-09-13 00:00:00+05:30,12.6899995803833,12.710000038146973,12.5,12.579999923706055
2024-09-16 00:00:00+05:30,12.510000228881836,12.6899995803833,12.449999809265137,12.529999732971191
2024-09-17 00:00:00+05:30,12.100000381469727,12.529999732971191,12.100000381469727,12.350000381469727
2024-09-18 00:00:00+05:30,12.449999809265137,12.680000305175781,12.100000381469727,12.529999732971191
2024-09-19 00:00:00+05:30,12.600000381469727,12.600000381469727,12.149999618530273,12.229999542236328
2024-09-20 00:00:00+05:30,12.1899995803833,12.479999542236328,12.0,12.180000305175781
2024-09-23 00:00:00+05:30,12.40999984741211,12.420000076293945,12.119999885559082,12.199999809265137
2024-09-24 00:00:00+05:30,12.029999732971191,12.34000015258789,12.020000457763672,12.260000228881836
2024-09-25 00:00:00+05:30,11.720000267028809,12.3100004196167,11.649999618530273,11.8100004196167
2024-09-26 00:00:00+05:30,11.800000190734863,11.979999542236328,11.59000015258789,11.710000038146973
2024-09-27 00:00:00+05:30,11.800000190734863,12.100000381469727,11.609999656677246,12.029999732971191
2024-09-30 00:00:00+05:30,12.239999771118164,12.289999961853027,11.460000038146973,11.819999694824219
2024-10-01 00:00:00+05:30,11.6899995803833,12.0600004196167,11.510000228881836,11.829999923706055
2024-10-03 00:00:00+05:30,11.800000190734863,11.829999923706055,11.260000228881836,11.550000190734863
2024-10-04 00:00:00+05:30,11.550000190734863,11.899999618530273,11.25,11.489999771118164
2024-10-07 00:00:00+05:30,11.029999732971191,11.890000343322754,10.90999984741211,10.920000076293945
2024-10-08 00:00:00+05:30,10.470000267028809,11.460000038146973,10.470000267028809,11.449999809265137
2024-10-09 00:00:00+05:30,11.449999809265137,12.020000457763672,11.449999809265137,12.020000457763672
2024-10-10 00:00:00+05:30,12.239999771118164,12.529999732971191,11.40999984741211,12.270000457763672
2024-10-11 00:00:00+05:30,12.489999771118164,12.59000015258789,11.65999984741211,11.989999771118164
2024-10-14 00:00:00+05:30,11.9399995803833,12.25,11.699999809265137,11.859999656677246
2024-10-15 00:00:00+05:30,11.65999984741211,11.9399995803833,11.449999809265137,11.529999732971191
2024-10-16 00:00:00+05:30,12.0,12.0,11.5600004196167,11.899999618530273
2024-10-17 00:00:00+05:30,12.0,12.0,11.399999618530273,11.609999656677246
2024-10-18 00:00:00+05:30,11.609999656677246,11.789999961853027,11.359999656677246,11.470000267028809
2024-10-21 00:00:00+05:30,11.899999618530273,11.970000267028809,11.0,11.210000038146973
2024-10-22 00:00:00+05:30,11.180000305175781,11.329999923706055,10.640000343322754,10.699999809265137
2024-10-23 00:00:00+05:30,10.989999771118164,11.229999542236328,10.59000015258789,11.229999542236328
2024-10-24 00:00:00+05:30,11.489999771118164,11.640000343322754,10.829999923706055,11.260000228881836
2024-10-25 00:00:00+05:30,10.829999923706055,11.4399995803833,10.699999809265137,10.880000114440918
2024-10-28 00:00:00+05:30,10.510000228881836,11.0,10.510000228881836,10.800000190734863
2024-10-29 00:00:00+05:30,10.529999732971191,10.899999618530273,10.529999732971191,10.640000343322754
2024-10-30 00:00:00+05:30,10.649999618530273,11.170000076293945,10.640000343322754,11.119999885559082
2024-10-31 00:00:00+05:30,11.1899995803833,11.670000076293945,11.130000114440918,11.65999984741211
2024-11-01 00:00:00+05:30,11.979999542236328,12.199999809265137,11.210000038146973,11.880000114440918
2024-11-04 00:00:00+05:30,11.859999656677246,11.869999885559082,11.279999732971191,11.279999732971191
2024-11-05 00:00:00+05:30,11.279999732971191,11.84000015258789,11.210000038146973,11.800000190734863
2024-11-06 00:00:00+05:30,11.619999885559082,12.180000305175781,11.260000228881836,11.430000305175781
2024-11-07 00:00:00+05:30,11.489999771118164,11.760000228881836,11.220000267028809,11.5600004196167
2024-11-08 00:00:00+05:30,11.6899995803833,11.729999542236328,11.220000267028809,11.350000381469727
2024-11-11 00:00:00+05:30,11.449999809265137,11.609999656677246,11.0,11.119999885559082
2024-11-12 00:00:00+05:30,11.050000190734863,11.65999984741211,10.890000343322754,11.020000457763672
2024-11-13 00:00:00+05:30,10.630000114440918,10.760000228881836,10.460000038146973,10.470000267028809
2024-11-14 00:00:00+05:30,10.75,10.9399995803833,10.489999771118164,10.75
2024-11-18 00:00:00+05:30,10.5600004196167,10.729999542236328,10.25,10.300000190734863
2024-11-19 00:00:00+05:30,10.300000190734863,10.8100004196167,10.239999771118164,10.8100004196167
2024-11-21 00:00:00+05:30,10.800000190734863,10.800000190734863,10.40999984741211,10.479999542236328
2024-11-22 00:00:00+05:30,10.270000457763672,11.0,10.270000457763672,10.720000267028809
2024-11-25 00:00:00+05:30,11.140000343322754,11.140000343322754,10.260000228881836,10.4399995803833
2024-11-26 00:00:00+05:30,10.449999809265137,10.859999656677246,10.350000381469727,10.670000076293945
2024-11-27 00:00:00+05:30,10.699999809265137,10.729999542236328,10.470000267028809,10.59000015258789
2024-11-28 00:00:00+05:30,10.5,10.949999809265137,10.460000038146973,10.729999542236328
2024-11-29 00:00:00+05:30,10.829999923706055,11.149999618530273,10.5600004196167,10.920000076293945
2024-12-02 00:00:00+05:30,10.920000076293945,11.380000114440918,10.75,11.210000038146973
2024-12-03 00:00:00+05:30,11.399999618530273,11.399999618530273,10.800000190734863,11.119999885559082
2024-12-04 00:00:00+05:30,11.149999618530273,11.270000457763672,10.5600004196167,10.710000038146973
2024-12-05 00:00:00+05:30,10.75,11.050000190734863,10.600000381469727,10.75
2024-12-06 00:00:00+05:30,10.970000267028809,11.050000190734863,10.75,10.90999984741211
2024-12-09 00:00:00+05:30,11.0,11.100000381469727,10.75,10.890000343322754
2024-12-10 00:00:00+05:30,10.800000190734863,11.489999771118164,10.800000190734863,11.09000015258789
2024-12-11 00:00:00+05:30,11.430000305175781,11.430000305175781,10.8100004196167,11.029999732971191
2024-12-12 00:00:00+05:30,11.0,11.100000381469727,10.789999961853027,10.84000015258789
2024-12-13 00:00:00+05:30,11.050000190734863,11.050000190734863,10.619999885559082,10.789999961853027
2024-12-16 00:00:00+05:30,10.869999885559082,10.899999618530273,10.479999542236328,10.640000343322754
2024-12-17 00:00:00+05:30,10.699999809265137,10.699999809265137,10.470000267028809,10.529999732971191
2024-12-18 00:00:00+05:30,10.699999809265137,11.399999618530273,10.25,10.5
2024-12-19 00:00:00+05:30,10.220000267028809,10.649999618530273,10.220000267028809,10.520000457763672
2024-12-20 00:00:00+05:30,10.6899995803833,10.75,10.25,10.350000381469727
2024-12-23 00:00:00+05:30,10.5600004196167,10.789999961853027,10.300000190734863,10.369999885559082
2024-12-24 00:00:00+05:30,10.399999618530273,10.680000305175781,10.149999618530273,10.25
2024-12-26 00:00:00+05:30,10.460000038146973,10.680000305175781,9.800000190734863,10.149999618530273
2024-12-27 00:00:00+05:30,10.350000381469727,10.75,9.430000305175781,10.119999885559082
2024-12-30 00:00:00+05:30,10.119999885559082,10.5,10.050000190734863,10.100000381469727
2024-12-31 00:00:00+05:30,10.149999618530273,10.279999732971191,10.010000228881836,10.199999809265137
2025-01-01 00:00:00+05:30,10.5,10.5,10.199999809265137,10.279999732971191
2025-01-02 00:00:00+05:30,10.300000190734863,10.4399995803833,10.149999618530273,10.3100004196167
2025-01-03 00:00:00+05:30,10.510000228881836,10.510000228881836,10.199999809265137,10.229999542236328
2025-01-06 00:00:00+05:30,10.430000305175781,10.470000267028809,9.350000381469727,9.84000015258789
2025-01-07 00:00:00+05:30,9.890000343322754,10.239999771118164,9.699999809265137,9.819999694824219
2025-01-08 00:00:00+05:30,10.600000381469727,10.600000381469727,9.930000305175781,10.0
2025-01-09 00:00:00+05:30,9.899999618530273,10.399999618530273,9.899999618530273,9.989999771118164
2025-01-10 00:00:00+05:30,9.75,10.279999732971191,9.529999732971191,9.65999984741211
2025-01-13 00:00:00+05:30,9.529999732971191,10.550000190734863,9.050000190734863,9.449999809265137
2025-01-14 00:00:00+05:30,9.449999809265137,9.989999771118164,9.449999809265137,9.739999771118164
2025-01-15 00:00:00+05:30,9.949999809265137,10.199999809265137,8.819999694824219,9.34000015258789
2025-01-16 00:00:00+05:30,9.34000015258789,9.520000457763672,9.149999618530273,9.3100004196167
2025-01-17 00:00:00+05:30,9.319999694824219,10.239999771118164,9.319999694824219,10.239999771118164
2025-01-20 00:00:00+05:30,10.989999771118164,11.260000228881836,10.699999809265137,11.260000228881836
2025-01-21 00:00:00+05:30,11.350000381469727,12.350000381469727,10.649999618530273,10.960000038146973
2025-01-22 00:00:00+05:30,11.149999618530273,11.149999618530273,10.460000038146973,10.850000381469727
2025-01-23 00:00:00+05:30,11.140000343322754,11.140000343322754,10.529999732971191,10.6899995803833
2025-01-24 00:00:00+05:30,10.600000381469727,11.100000381469727,10.0,10.399999618530273
2025-01-27 00:00:00+05:30,10.59000015258789,11.4399995803833,9.600000381469727,9.770000457763672
2025-01-28 00:00:00+05:30,10.050000190734863,10.390000343322754,9.609999656677246,9.899999618530273
2025-01-29 00:00:00+05:30,10.0,10.3100004196167,9.880000114440918,9.970000267028809
2025-01-30 00:00:00+05:30,10.0,10.199999809265137,9.899999618530273,9.960000038146973
2025-01-31 00:00:00+05:30,9.960000038146973,10.1899995803833,9.109999656677246,9.890000343322754
2025-02-01 00:00:00+05:30,9.890000343322754,10.34000015258789,9.8100004196167,9.960000038146973
2025-02-03 00:00:00+05:30,9.949999809265137,10.069999694824219,9.520000457763672,9.670000076293945
2025-02-04 00:00:00+05:30,9.920000076293945,9.920000076293945,9.630000114440918,9.739999771118164
2025-02-05 00:00:00+05:30,9.739999771118164,9.960000038146973,9.5600004196167,9.779999732971191
2025-02-06 00:00:00+05:30,9.989999771118164,11.0,9.600000381469727,10.039999961853027
2025-02-07 00:00:00+05:30,10.039999961853027,10.289999961853027,9.899999618530273,9.930000305175781
2025-02-10 00:00:00+05:30,9.930000305175781,10.079999923706055,9.699999809265137,9.75
2025-02-11 00:00:00+05:30,9.75,9.949999809265137,9.399999618530273,9.539999961853027
2025-02-12 00:00:00+05:30,9.539999961853027,10.609999656677246,8.979999542236328,9.550000190734863
2025-02-13 00:00:00+05:30,9.399999618530273,9.800000190734863,9.390000343322754,9.609999656677246
2025-02-14 00:00:00+05:30,9.5,9.920000076293945,9.0,9.149999618530273
2025-02-17 00:00:00+05:30,9.149999618530273,9.430000305175781,8.260000228881836,8.9399995803833
2025-02-18 00:00:00+05:30,9.25,9.600000381469727,8.239999771118164,8.779999732971191
2025-02-19 00:00:00+05:30,8.949999809265137,9.050000190734863,8.5,8.8100004196167
2025-02-20 00:00:00+05:30,8.720000267028809,8.989999771118164,8.65999984741211,8.789999961853027
2025-02-21 00:00:00+05:30,9.0,9.029999732971191,8.5,8.710000038146973
2025-02-24 00:00:00+05:30,8.6899995803833,8.800000190734863,8.470000267028809,8.6899995803833
2025-02-25 00:00:00+05:30,8.640000343322754,8.9399995803833,8.260000228881836,8.390000343322754
2025-02-27 00:00:00+05:30,8.399999618530273,8.699999809265137,8.369999885559082,8.5
2025-02-28 00:00:00+05:30,8.640000343322754,8.640000343322754,7.920000076293945,8.09000015258789
2025-03-03 00:00:00+05:30,8.170000076293945,8.300000190734863,7.690000057220459,7.769999980926514
2025-03-04 00:00:00+05:30,7.769999980926514,8.0,7.599999904632568,7.840000152587891
2025-03-05 00:00:00+05:30,8.0,8.430000305175781,8.0,8.109999656677246
2025-03-06 00:00:00+05:30,8.149999618530273,8.989999771118164,8.149999618530273,8.539999961853027
2025-03-07 00:00:00+05:30,8.819999694824219,8.880000114440918,8.510000228881836,8.5600004196167
2025-03-10 00:00:00+05:30,8.5600004196167,8.779999732971191,8.430000305175781,8.479999542236328
2025-03-11 00:00:00+05:30,8.479999542236328,8.699999809265137,8.300000190734863,8.539999961853027
2025-03-12 00:00:00+05:30,8.550000190734863,8.720000267028809,8.449999809265137,8.520000457763672
2025-03-13 00:00:00+05:30,8.229999542236328,8.520000457763672,8.229999542236328,8.420000076293945
2025-03-17 00:00:00+05:30,8.420000076293945,8.5,8.300000190734863,8.319999694824219
2025-03-18 00:00:00+05:30,8.319999694824219,8.319999694824219,8.319999694824219,8.319999694824219
2025-03-19 00:00:00+05:30,8.270000457763672,8.5,8.079999923706055,8.369999885559082
2025-03-20 00:00:00+05:30,8.369999885559082,8.779999732971191,8.369999885559082,8.59000015258789
2025-03-21 00:00:00+05:30,8.640000343322754,8.819999694824219,8.59000015258789,8.779999732971191
2025-03-24 00:00:00+05:30,8.819999694824219,9.449999809265137,8.789999961853027,8.84000015258789
2025-03-25 00:00:00+05:30,8.989999771118164,9.180000305175781,8.3100004196167,8.489999771118164
2025-03-26 00:00:00+05:30,8.329999923706055,8.460000038146973,8.0,8.079999923706055
2025-03-27 00:00:00+05:30,8.100000381469727,8.15999984741211,7.599999904632568,7.670000076293945
2025-03-28 00:00:00+05:30,7.849999904632568,8.0,7.300000190734863,7.46999979019165
2025-04-01 00:00:00+05:30,7.460000038146973,7.960000038146973,7.449999809265137,7.78000020980835
