Date,Open,High,Low,Close
2020-04-01 00:00:00+05:30,909.2669697341427,922.48699140052,879.6190738039891,903.6776123046875
2020-04-03 00:00:00+05:30,888.7565301107591,922.487103068948,868.0516154273663,908.052001953125
2020-04-07 00:00:00+05:30,942.8030586738347,1020.6652094947336,885.5485769997165,905.3300170898438
2020-04-08 00:00:00+05:30,908.8781588250558,938.0400248836138,884.5766037762576,904.6983032226562
2020-04-09 00:00:00+05:30,916.6546385337075,921.5149494485204,890.749157625768,900.955810546875
2020-04-13 00:00:00+05:30,904.0178651622272,907.9061140446454,872.4258429925795,881.8548583984375
2020-04-15 00:00:00+05:30,889.4368934387521,908.2949234359977,875.8280229380499,890.2631225585938
2020-04-16 00:00:00+05:30,889.242569008043,902.1223943213148,873.8354054784961,875.0018920898438
2020-04-17 00:00:00+05:30,892.7418987842015,906.9339823864515,888.270377313792,899.060302734375
2020-04-20 00:00:00+05:30,910.1417831915829,945.573460581285,875.1961368790237,881.4173583984375
2020-04-21 00:00:00+05:30,874.8559242790142,903.0457262835602,862.7537387938282,869.5095825195312
2020-04-22 00:00:00+05:30,875.6822314244763,896.0469468987602,862.267784589067,882.6810913085938
2020-04-23 00:00:00+05:30,879.7162014095209,896.1926658875481,871.1620667866694,876.6055908203125
2020-04-24 00:00:00+05:30,876.6057711885092,881.2230671183261,865.1354479025377,868.4890747070312
2020-04-27 00:00:00+05:30,874.8560023536555,881.6604379275173,855.4633491021556,858.671142578125
2020-04-28 00:00:00+05:30,867.5655720847259,881.1258525564143,843.7500465765177,848.9992065429688
2020-04-29 00:00:00+05:30,856.3867148974874,866.8363825310266,850.5543422648144,855.5604858398438
2020-04-30 00:00:00+05:30,874.856002642157,887.638644634972,865.2325628811054,875.390625
2020-05-04 00:00:00+05:30,869.9956751439028,869.9956751439028,845.6941199722853,854.9287109375
2020-05-05 00:00:00+05:30,873.5969907758399,875.7961329285481,850.3838236083639,853.462646484375
2020-05-06 00:00:00+05:30,851.3123173656902,867.8791993075324,846.4741929535705,849.8950805664062
2020-05-07 00:00:00+05:30,844.9592273070081,852.2897006497525,836.6513575185644,839.0948486328125
2020-05-08 00:00:00+05:30,844.4216079738151,848.8198916501761,821.9903492932654,827.4637451171875
2020-05-11 00:00:00+05:30,830.3960464566998,852.2897520222427,827.4149990487408,847.3050537109375
2020-05-12 00:00:00+05:30,840.5609933199457,840.9030582340775,830.7870282813417,832.7418212890625
2020-05-13 00:00:00+05:30,849.1131962619222,856.9812260343045,832.7418051397499,836.309326171875
2020-05-14 00:00:00+05:30,821.0618998964837,844.4705574894832,814.1712666536338,817.201171875
2020-05-15 00:00:00+05:30,821.0130737792393,826.8774528776624,802.4425399675661,804.1041259765625
2020-05-18 00:00:00+05:30,804.1040825670553,809.5774789012163,779.0338394124923,781.7216796875
2020-05-19 00:00:00+05:30,800.4389005295404,800.4389005295404,762.3692937380497,766.767578125
2020-05-20 00:00:00+05:30,771.0680900246923,771.0680900246923,755.5274624712796,756.846923828125
2020-05-21 00:00:00+05:30,756.5049051181123,781.9172145923641,728.795737688215,732.8030395507812
2020-05-22 00:00:00+05:30,733.0473196779324,741.6972541879145,712.5219947269502,713.5971069335938
2020-05-26 00:00:00+05:30,720.6343802753589,732.0699305067739,706.9508301724286,709.5409545898438
2020-05-27 00:00:00+05:30,718.3863565447267,724.2507349655,705.680203299718,719.9990844726562
2020-05-28 00:00:00+05:30,725.1793384440035,754.5500910680695,720.5855630050961,723.1267700195312
2020-05-29 00:00:00+05:30,724.2508902070824,736.8593303765532,722.2960969811525,727.4274291992188
2020-06-01 00:00:00+05:30,739.8890823906223,815.14860596272,737.3478755867685,802.8334350585938
2020-06-02 00:00:00+05:30,809.675159683747,825.4112170464549,798.8260244123708,806.2542724609375
2020-06-03 00:00:00+05:30,811.2390418214056,824.824876143042,806.3520596417586,816.956787109375
2020-06-04 00:00:00+05:30,817.103434049869,823.4565109892519,810.2616588843797,816.1260375976562
2020-06-05 00:00:00+05:30,821.0129790998932,869.7850835062584,819.1070441815885,857.6653442382812
2020-06-08 00:00:00+05:30,879.8035733262664,893.2916344747576,850.335041974914,858.5940551757812
2020-06-09 00:00:00+05:30,865.9733191624126,866.7552244495081,814.1713034563089,833.5237426757812
2020-06-10 00:00:00+05:30,819.0581608052775,827.8547281647614,806.3520079526896,811.5810546875
2020-06-11 00:00:00+05:30,815.1487102145977,820.9642315291333,789.7364003038308,791.7400512695312
2020-06-12 00:00:00+05:30,768.2336542731185,796.5781529676738,762.3692752328657,789.1499633789062
2020-06-15 00:00:00+05:30,795.014376021075,803.9575186421205,783.8231736151445,787.8793334960938
2020-06-16 00:00:00+05:30,801.4162975532175,805.374741572799,771.8011945939685,776.9813842773438
2020-06-17 00:00:00+05:30,780.3533242877248,782.894531113266,763.3466027458935,766.9141235351562
2020-06-18 00:00:00+05:30,770.0417719277124,781.9171626984127,766.8163755626905,769.69970703125
2020-06-19 00:00:00+05:30,771.6545343715766,811.2390924995676,770.1884396260955,794.6233520507812
2020-06-22 00:00:00+05:30,806.3520783303339,820.8175339862416,803.4687468464073,813.487060546875
2020-06-23 00:00:00+05:30,819.0582371866866,840.4632436197742,813.3404917320289,835.52734375
2020-06-24 00:00:00+05:30,841.5384389628025,868.4168443884437,835.9184087374412,848.2335815429688
2020-06-25 00:00:00+05:30,851.3122683367494,875.7471784497445,851.3122683367494,860.5975341796875
2020-06-26 00:00:00+05:30,875.0141256989822,906.0464613492951,871.104540105242,893.682373046875
2020-06-29 00:00:00+05:30,899.2047291312169,908.0012971335875,865.5822675710492,901.5015869140625
2020-06-30 00:00:00+05:30,906.0465251110228,927.3048982730128,882.6867256822958,919.876708984375
2020-07-01 00:00:00+05:30,917.8241951762784,942.2102504142722,898.2762646697582,932.7294921875
2020-07-02 00:00:00+05:30,944.1649250466254,956.8710782822425,933.5112803945449,941.6237182617188
2020-07-03 00:00:00+05:30,943.1876742882409,965.6677950225721,918.7527604465768,957.3599243164062
2020-07-06 00:00:00+05:30,959.8033739518544,994.0122518421954,954.134486118279,961.1717529296875
2020-07-07 00:00:00+05:30,965.1790307929783,966.5962676300624,935.6127870648896,939.6690063476562
2020-07-08 00:00:00+05:30,946.1197287923756,949.5406162415215,920.707422027291,923.2975463867188
2020-07-09 00:00:00+05:30,925.5944692090948,933.4136410714736,905.1180009633808,907.5126342773438
2020-07-10 00:00:00+05:30,908.9787056899382,915.5761317796233,894.2200430404166,896.2236938476562
2020-07-13 00:00:00+05:30,901.159522638245,904.4337768680424,889.4307652937125,894.2200317382812
2020-07-14 00:00:00+05:30,892.3629686009867,894.317761522347,880.6830689647497,887.6226196289062
2020-07-15 00:00:00+05:30,895.2950774923457,911.9108158300859,880.5364161251575,885.3256225585938
2020-07-16 00:00:00+05:30,894.0709618413562,903.0126298340472,878.4475419713146,890.0913696289062
2020-07-17 00:00:00+05:30,898.0995917874645,907.1886740894712,891.2213673427028,896.2817993164062
2020-07-20 00:00:00+05:30,897.6083318843184,916.4743318069368,878.447562894998,883.3114624023438
2020-07-21 00:00:00+05:30,887.2909750616342,898.050495557884,885.473182546145,891.073974609375
2020-07-22 00:00:00+05:30,894.1691075673306,913.8211758655136,886.3082802480574,909.546875
2020-07-23 00:00:00+05:30,913.8212350243341,928.5602872021459,908.9082176317302,918.5377197265625
2020-07-24 00:00:00+05:30,894.1691928551814,903.01262443287,879.4301402257004,896.7239379882812
2020-07-27 00:00:00+05:30,896.2325922546094,896.2325922546094,874.5170797687939,878.0053100585938
2020-07-28 00:00:00+05:30,882.869195519112,883.7535626091409,875.4996696800544,878.9387817382812
2020-07-29 00:00:00+05:30,881.3954713639846,886.3084895990123,859.7781911298623,865.6246948242188
2020-07-30 00:00:00+05:30,858.5989720484956,877.4158540653368,847.5938002675067,850.0994873046875
2020-07-31 00:00:00+05:30,855.3563741414448,881.7884331272334,850.4433564841132,879.3810424804688
2020-08-03 00:00:00+05:30,884.4412852300284,903.4055785902602,854.3245273827164,866.2631225585938
2020-08-04 00:00:00+05:30,867.2457927089947,893.8743825481238,866.2631892457064,889.5509033203125
2020-08-05 00:00:00+05:30,894.1691434016323,905.9603848530824,880.4126950416071,884.4413452148438
2020-08-06 00:00:00+05:30,888.2735379596252,888.2735379596252,870.7340899881499,873.9275512695312
2020-08-07 00:00:00+05:30,873.9275390576129,888.6174127680117,864.1015044829753,866.459716796875
2020-08-10 00:00:00+05:30,871.2253952021523,883.360524130509,859.3849753483028,876.4822998046875
2020-08-11 00:00:00+05:30,881.247859535261,901.6368806459658,876.4822569035463,887.6839599609375
2020-08-12 00:00:00+05:30,887.7331310177595,908.7116914449786,887.7331310177595,892.3513793945312
2020-08-13 00:00:00+05:30,893.6778608199476,922.9103142112542,892.744375523705,916.1795043945312
2020-08-14 00:00:00+05:30,928.5603096630851,942.3167586951308,917.3094875672047,932.8837890625
2020-08-17 00:00:00+05:30,937.4037108036364,943.2993316263007,906.9430032198704,913.6246948242188
2020-08-18 00:00:00+05:30,918.7342802253545,923.1559960125354,913.8703808647839,916.8673095703125
2020-08-19 00:00:00+05:30,917.6534073746569,948.7527713094194,917.6534073746569,945.1171264648438
2020-08-20 00:00:00+05:30,942.316726033353,957.2523107451326,932.9819930851602,951.9462280273438
2020-08-21 00:00:00+05:30,960.0036852107314,980.6383601231422,958.038478076216,965.7518920898438
2020-08-24 00:00:00+05:30,968.846977180864,979.1643131447576,949.4405595344926,954.3535766601562
2020-08-25 00:00:00+05:30,955.0906485261639,970.9105416574689,946.6894001865783,952.3884887695312
2020-08-26 00:00:00+05:30,956.0732375426562,961.9688587402471,933.4733562852244,942.5624389648438
2020-08-27 00:00:00+05:30,947.2297168594952,967.8643891147332,945.1662736233133,954.0097045898438
2020-08-28 00:00:00+05:30,955.0905959659575,977.3957072697107,955.0905959659575,968.4539794921875
2020-08-31 00:00:00+05:30,975.7252634767166,991.4469192829879,925.0720656705574,934.2102661132812
2020-09-01 00:00:00+05:30,935.634998901416,944.4293116026771,920.0115803607015,929.1497802734375
2020-09-02 00:00:00+05:30,935.7824427032125,967.864471772109,934.45595193429,957.7927856445312
2020-09-03 00:00:00+05:30,962.8531660109743,973.5635078696339,954.8449237264216,964.2778930664062
2020-09-04 00:00:00+05:30,943.5449476660235,952.0444913609742,928.609363471901,931.114990234375
2020-09-07 00:00:00+05:30,939.2214485226689,940.6953536424763,904.5846782071922,908.957275390625
2020-09-08 00:00:00+05:30,912.5438582436525,927.2829103527671,884.3431265468752,885.47314453125
2020-09-09 00:00:00+05:30,883.3605386254474,898.5908927396792,879.1353556077836,886.11181640625
2020-09-10 00:00:00+05:30,891.2213783295977,896.134395850709,880.3636216026132,883.606201171875
2020-09-11 00:00:00+05:30,887.290948141451,887.290948141451,878.0053332011132,882.77099609375
2020-09-14 00:00:00+05:30,886.9961768777638,897.1169807668808,886.3083424443882,891.7617797851562
2020-09-15 00:00:00+05:30,897.8048417832968,906.9430424591231,896.1344038165984,899.0822143554688
2020-09-16 00:00:00+05:30,903.209197626262,904.9287538434675,890.6810023294792,892.7444458007812
2020-09-17 00:00:00+05:30,891.860073974492,906.4517116854515,886.3083403146637,900.3595581054688
2020-09-18 00:00:00+05:30,906.8448470622602,908.7117578371972,882.8201780905234,885.1292724609375
2020-09-21 00:00:00+05:30,888.2735977703408,890.1405684806624,880.7075385380231,883.1149291992188
2020-09-22 00:00:00+05:30,876.4822862028286,884.5887647467449,850.9345962462439,877.415771484375
2020-09-23 00:00:00+05:30,881.6900432848358,884.3922027097981,866.705341019136,868.9161987304688
2020-09-24 00:00:00+05:30,864.6911312489061,869.505912673614,840.3716931825306,843.6633911132812
2020-09-25 00:00:00+05:30,849.9029198440451,860.7115584778887,831.8721094117541,837.4729614257812
2020-09-28 00:00:00+05:30,840.1259404197659,857.714565968773,835.1146868697617,846.2672119140625
2020-09-29 00:00:00+05:30,852.8015081512907,859.6305537489726,838.1606936169413,840.0767822265625
2020-09-30 00:00:00+05:30,846.3163426790242,849.8045729449959,840.1750710933854,844.5476684570312
2020-10-01 00:00:00+05:30,850.9838034774065,857.8129102328097,844.9408275508489,846.0216674804688
2020-10-05 00:00:00+05:30,849.9519590410117,862.7258035121483,849.9519590410117,855.6019287109375
2020-10-06 00:00:00+05:30,856.8302304386903,864.5928218826954,855.0124379987766,856.928466796875
2020-10-07 00:00:00+05:30,860.4658369853145,871.323592909048,849.9519682732749,861.49755859375
2020-10-08 00:00:00+05:30,863.6592797802668,871.5692252412811,845.0389331538914,849.90283203125
2020-10-09 00:00:00+05:30,848.9693406121279,865.5753621203866,848.8711042611201,855.5527954101562
2020-10-12 00:00:00+05:30,859.6797811547298,869.6040519960775,849.411563122365,851.3767700195312
2020-10-13 00:00:00+05:30,851.9171512298243,857.2232336005275,842.0911171902646,846.5619506835938
2020-10-14 00:00:00+05:30,844.9898823042012,852.6050593434463,833.2477586167581,844.2529296875
2020-10-15 00:00:00+05:30,845.5303467113989,852.948991448477,838.1608201566802,843.6142578125
2020-10-16 00:00:00+05:30,840.2242257703635,851.9172313667007,835.9008063702797,848.7728881835938
2020-10-19 00:00:00+05:30,850.9345719065893,884.7361539485714,842.1402591976414,880.8548583984375
2020-10-20 00:00:00+05:30,879.4301760828266,880.3145432659974,866.6563299497799,869.4567260742188
2020-10-21 00:00:00+05:30,866.6563543102741,888.7649347773729,866.6563543102741,885.9645385742188
2020-10-22 00:00:00+05:30,885.964424829008,907.2377535410286,882.3778982465702,901.243896484375
2020-10-23 00:00:00+05:30,903.8968776469818,908.3677110530533,889.4525958960693,902.0299072265625
2020-10-26 00:00:00+05:30,899.0821906475919,901.4404630058466,864.7401867806436,873.5836181640625
2020-10-27 00:00:00+05:30,871.372730677942,920.6503178664626,868.768867509855,913.3790283203125
2020-10-28 00:00:00+05:30,917.555151883766,920.8960278298313,887.1435610477602,891.2705078125
2020-10-29 00:00:00+05:30,884.3431194457611,884.3431194457611,866.6562570568459,871.3727416992188
2020-10-30 00:00:00+05:30,872.8467487063364,893.186654820688,868.474150777723,878.15283203125
2020-11-02 00:00:00+05:30,872.551938745282,884.736246563952,853.4894061842504,860.4168090820312
2020-11-03 00:00:00+05:30,864.740215883354,877.2192925834983,859.7780801014405,862.1363525390625
2020-11-04 00:00:00+05:30,869.5058803571172,873.485412625401,856.0933182963302,863.511962890625
2020-11-05 00:00:00+05:30,877.2193627108005,889.2562567944827,865.6737704264522,878.5950317382812
2020-11-06 00:00:00+05:30,898.0995984962384,925.3668456059437,889.3544033618005,921.53466796875
2020-11-09 00:00:00+05:30,918.8325402890089,938.140723713782,918.8325402890089,932.7855224609375
2020-11-10 00:00:00+05:30,936.0280555792713,953.1253802031868,923.6472756608201,932.2450561523438
2020-11-11 00:00:00+05:30,930.4764057293136,942.0711151518959,919.716885300834,927.8233642578125
2020-11-12 00:00:00+05:30,932.8838453337619,958.5788924845209,932.8838453337619,950.865478515625
2020-11-13 00:00:00+05:30,950.8654491815179,988.4991524335712,941.9237210631624,982.8491821289062
2020-11-14 00:00:00+05:30,988.4990386259103,992.4294522983791,955.1396405861606,968.994384765625
2020-11-17 00:00:00+05:30,979.6557565558845,989.0396086285227,962.9514959125044,965.7518920898438
2020-11-18 00:00:00+05:30,963.2954656886461,1070.9397436813392,963.2954656886461,1060.131103515625
2020-11-19 00:00:00+05:30,1059.246453352443,1070.9885158724276,1015.3731880438198,1026.37841796875
2020-11-20 00:00:00+05:30,1030.7510333401074,1115.254931211651,1025.8380160219945,1096.6346435546875
2020-11-23 00:00:00+05:30,1109.359465237015,1142.767987662222,1031.733780778446,1054.0880126953125
2020-11-24 00:00:00+05:30,1056.2004969932832,1068.925163988457,1032.8144863599382,1053.645751953125
2020-11-25 00:00:00+05:30,1058.9517679942753,1066.1248216856868,993.9034627973016,1007.659912109375
2020-11-26 00:00:00+05:30,1015.9628911576478,1067.5005192528643,1012.376484162419,1058.21484375
2020-11-27 00:00:00+05:30,1073.0030713402211,1085.629502906483,1042.5423614395372,1055.070556640625
2020-12-01 00:00:00+05:30,1062.3417903870736,1125.0809994222832,1055.1687369098872,1118.251953125
2020-12-02 00:00:00+05:30,1122.1330154256766,1179.1240092038634,1096.6345067053219,1170.0841064453125
2020-12-03 00:00:00+05:30,1161.584777865597,1217.396585963692,1149.646121080418,1151.611328125
2020-12-04 00:00:00+05:30,1163.4024337297062,1176.8149942227724,1129.9939178962518,1134.366455078125
2020-12-07 00:00:00+05:30,1153.5764314817652,1153.5764314817652,1120.1679147267569,1134.8577880859375
2020-12-08 00:00:00+05:30,1144.7330790237168,1169.2981665564143,1128.028819501482,1134.7105712890625
2020-12-09 00:00:00+05:30,1142.7186785991428,1156.5243055867443,1131.959218382268,1135.054443359375
2020-12-10 00:00:00+05:30,1146.9440658218941,1166.1540144104108,1124.295004592232,1138.64111328125
2020-12-11 00:00:00+05:30,1146.8946067694733,1162.8128533493168,1131.9590835074305,1155.738037109375
2020-12-14 00:00:00+05:30,1159.4719549926956,1159.4719549926956,1134.9068712004776,1141.195556640625
2020-12-15 00:00:00+05:30,1138.8374407480198,1146.2561450490934,1131.124027369052,1134.268310546875
2020-12-16 00:00:00+05:30,1139.1321369215457,1185.7566189353945,1137.510817368714,1174.11279296875
2020-12-17 00:00:00+05:30,1183.0055184951188,1218.2319523885308,1174.9482172108947,1211.25537109375
2020-12-18 00:00:00+05:30,1222.7517573888263,1238.0803472222358,1180.1559218130224,1225.25732421875
2020-12-21 00:00:00+05:30,1222.8500552646121,1233.0691556498991,1160.4547330393789,1194.1580810546875
2020-12-22 00:00:00+05:30,1192.8807124997875,1203.6893515751563,1137.0687827501035,1165.02392578125
2020-12-23 00:00:00+05:30,1176.176397496715,1215.3331232485946,1169.5438238266206,1180.1068115234375
2020-12-24 00:00:00+05:30,1196.8110648480615,1208.602306866269,1179.1242018207502,1185.560302734375
2020-12-28 00:00:00+05:30,1200.1027176823957,1206.637054712322,1190.9153992763308,1196.368896484375
2020-12-29 00:00:00+05:30,1201.9207049578235,1206.539013958892,1169.2983126180955,1182.121337890625
2020-12-30 00:00:00+05:30,1184.7249816250553,1218.3300929996103,1180.3524440669275,1187.869384765625
2020-12-31 00:00:00+05:30,1192.8807506893365,1196.7129286553609,1181.2859804222321,1190.9647216796875
2021-01-01 00:00:00+05:30,1190.9155252014255,1216.9545197705984,1190.9155252014255,1211.25537109375
2021-01-04 00:00:00+05:30,1217.5439213513057,1267.5584613747365,1213.515271161085,1240.929931640625
2021-01-05 00:00:00+05:30,1237.5890708473044,1282.2975287461154,1203.6892511218325,1271.0958251953125
2021-01-06 00:00:00+05:30,1272.471394401068,1293.106065661626,1268.5409808276283,1275.0753173828125
2021-01-07 00:00:00+05:30,1279.3496870908714,1293.9905024301781,1268.786700043078,1279.9884033203125
2021-01-08 00:00:00+05:30,1284.8031874414633,1306.8625868880704,1277.3844834244296,1292.12353515625
2021-01-11 00:00:00+05:30,1291.14087312886,1291.14087312886,1265.593184619461,1274.33837890625
2021-01-12 00:00:00+05:30,1265.593388642124,1278.3672349560584,1242.993506702086,1247.21875
2021-01-13 00:00:00+05:30,1255.570773468149,1271.4889018495583,1242.9934009580304,1258.2237548828125
2021-01-14 00:00:00+05:30,1261.7120056630838,1276.0579920177254,1243.0915983513255,1252.2298583984375
2021-01-15 00:00:00+05:30,1257.1429672630668,1270.5063511434453,1238.0804349889722,1262.3016357421875
2021-01-18 00:00:00+05:30,1268.5410664687151,1325.9251325043572,1264.3158236133338,1321.1103515625
2021-01-19 00:00:00+05:30,1320.6189858490566,1394.314241755812,1319.6363824369664,1367.0469970703125
2021-01-20 00:00:00+05:30,1367.784028337908,1383.7513347032034,1349.1145624338706,1368.8648681640625
2021-01-21 00:00:00+05:30,1379.0842561652464,1384.2429254526476,1348.1322404408393,1353.340087890625
2021-01-22 00:00:00+05:30,1355.9928706010367,1380.5579588365629,1343.219024718563,1353.8802490234375
2021-01-25 00:00:00+05:30,1367.1945887971626,1367.1945887971626,1326.2691273892144,1331.2313232421875
2021-01-27 00:00:00+05:30,1326.5637667282697,1375.5465221764807,1322.5841749838492,1364.6396484375
2021-01-28 00:00:00+05:30,1350.097263221175,1394.756546111047,1321.552582421107,1331.2313232421875
2021-01-29 00:00:00+05:30,1341.646794177633,1380.5578673755297,1340.5659543562188,1364.1484375
2021-02-01 00:00:00+05:30,1364.1483816983362,1374.2200667956683,1333.5402610473457,1358.891357421875
2021-02-02 00:00:00+05:30,1365.7207499301815,1481.1274932758674,1365.7207499301815,1420.2552490234375
2021-02-03 00:00:00+05:30,1431.3584916894217,1439.5141488390059,1396.2795941981074,1422.2694091796875
2021-02-04 00:00:00+05:30,1422.8099312102593,1507.3138359644597,1417.8969134919917,1491.641357421875
2021-02-05 00:00:00+05:30,1491.592161572662,1497.340368245505,1455.825369018598,1469.287109375
2021-02-08 00:00:00+05:30,1469.9748164229488,1478.5725969334442,1449.389321350792,1456.169189453125
2021-02-09 00:00:00+05:30,1467.714839845756,1472.9226865159276,1414.1629476408739,1433.274658203125
2021-02-10 00:00:00+05:30,1436.5661965762868,1461.5734055763091,1405.2211235645218,1419.8619384765625
2021-02-11 00:00:00+05:30,1419.8621360585512,1434.6011893740379,1380.55799388392,1398.5887451171875
2021-02-12 00:00:00+05:30,1404.1403909728635,1454.2531690971573,1400.7995151085674,1441.3319091796875
2021-02-15 00:00:00+05:30,1449.3400717458592,1477.5899206019226,1439.5140373611416,1448.5048828125
2021-02-16 00:00:00+05:30,1455.0393647559083,1488.6443577238576,1448.3576127293506,1474.3966064453125
2021-02-17 00:00:00+05:30,1454.253125438234,1478.572561150799,1454.253125438234,1472.8734130859375
2021-02-18 00:00:00+05:30,1483.534777642134,1542.6874589823913,1475.8704225423896,1506.1837158203125
2021-02-19 00:00:00+05:30,1515.1747764350703,1606.5569127570297,1483.7314607113854,1495.129638671875
2021-02-22 00:00:00+05:30,1495.1294191030024,1503.334134105393,1405.122965051297,1431.063720703125
2021-02-23 00:00:00+05:30,1451.5018360611152,1491.100804921743,1437.598092552496,1454.253173828125
2021-02-24 00:00:00+05:30,1468.6483519571682,1572.1656071645666,1460.050571292987,1543.4736328125
2021-02-25 00:00:00+05:30,1557.2298741552888,1563.1254943957354,1485.0575844104687,1511.145751953125
2021-02-26 00:00:00+05:30,1494.5399127937976,1536.791862991124,1473.905239441615,1501.5655517578125
2021-03-01 00:00:00+05:30,1520.0876752519803,1532.7141067422663,1488.6443619953136,1498.6668701171875
2021-03-02 00:00:00+05:30,1499.8458773547259,1522.052690554888,1482.748553936298,1494.539794921875
2021-03-03 00:00:00+05:30,1506.1837914714306,1523.4285313386506,1483.7313248822584,1506.036376953125
2021-03-04 00:00:00+05:30,1495.5225704998797,1519.989422350884,1479.800914042588,1486.482666015625
2021-03-05 00:00:00+05:30,1488.3987979618025,1501.418295616857,1459.1663409627179,1462.9493408203125
2021-03-08 00:00:00+05:30,1477.835650179706,1486.2369580048257,1451.1088832083335,1469.4835205078125
2021-03-09 00:00:00+05:30,1481.7662057243451,1483.3875256284418,1439.022949789989,1450.7650146484375
2021-03-10 00:00:00+05:30,1452.2879001158888,1497.3894224917797,1425.7576069473305,1440.7423095703125
2021-03-12 00:00:00+05:30,1447.3749051447023,1455.4813837376716,1429.688042760042,1445.5079345703125
2021-03-15 00:00:00+05:30,1445.409833538646,1451.2072185190702,1415.1455959794057,1422.466064453125
2021-03-16 00:00:00+05:30,1428.7055654512035,1443.4446187399021,1401.1434878226476,1416.9635009765625
2021-03-17 00:00:00+05:30,1422.7114887805237,1424.7749319339837,1400.4063196022241,1414.7032470703125
2021-03-18 00:00:00+05:30,1429.5407485669787,1442.0198856011461,1391.5140392181563,1402.4700927734375
2021-03-19 00:00:00+05:30,1397.262148601581,1408.0707868819027,1309.8104388789786,1389.25390625
2021-03-22 00:00:00+05:30,1389.4013909475448,1403.1578403628669,1360.9058885872344,1364.4432373046875
2021-03-23 00:00:00+05:30,1371.517930189981,1395.2968854707278,1360.9057650541959,1373.0408935546875
2021-03-24 00:00:00+05:30,1365.8188255036089,1377.4626526525524,1344.2015491287316,1351.6693115234375
2021-03-25 00:00:00+05:30,1351.0799338830043,1380.5580415313607,1307.0592451494344,1367.4403076171875
2021-03-26 00:00:00+05:30,1373.6795181382595,1472.2346846214232,1351.3744695062544,1428.26318359375
2021-03-30 00:00:00+05:30,1428.2634674698254,1455.7763674359442,1406.1548871399086,1414.3104248046875
2021-03-31 00:00:00+05:30,1412.6399747690512,1412.9838620117687,1372.6971176845902,1385.5201416015625
2021-04-01 00:00:00+05:30,1389.2048390921411,1399.915120998073,1366.8996682711813,1373.1883544921875
2021-04-05 00:00:00+05:30,1365.818896470912,1375.6449316973215,1341.4012229226282,1358.154541015625
2021-04-06 00:00:00+05:30,1359.9232178639645,1371.272336049535,1336.3407343171905,1350.539306640625
2021-04-07 00:00:00+05:30,1351.079833984375,1365.7206503565312,1342.9733549804687,1351.079833984375
2021-04-08 00:00:00+05:30,1353.8802917560029,1381.049304191375,1351.2763683315054,1372.0093994140625
2021-04-09 00:00:00+05:30,1372.058341744414,1383.456518093462,1351.0797814902535,1356.3858642578125
2021-04-12 00:00:00+05:30,1354.0276871084534,1354.0276871084534,1275.9598833159039,1286.670166015625
2021-04-13 00:00:00+05:30,1292.1236025765754,1311.7756725777401,1283.1327565616994,1296.6435546875
2021-04-15 00:00:00+05:30,1293.5975058649294,1340.2219938933001,1286.2771577792835,1325.9742431640625
2021-04-16 00:00:00+05:30,1328.3816960308661,1351.0306347445119,1321.896536918298,1347.4932861328125
2021-04-19 00:00:00+05:30,1338.2722307477538,1392.5131833572796,1296.3094092564932,1375.895751953125
2021-04-20 00:00:00+05:30,1380.696118323345,1403.460283715056,1366.9386202924518,1381.092041015625
2021-04-22 00:00:00+05:30,1380.6962415431674,1385.6449735917092,1354.3690112086556,1377.380615234375
2021-04-23 00:00:00+05:30,1372.7780522574478,1379.310353360411,1354.9626197119294,1366.5426025390625
2021-04-26 00:00:00+05:30,1367.779861396147,1388.5645338547713,1346.1539287398307,1355.0616455078125
2021-04-27 00:00:00+05:30,1363.8705300735985,1387.5254930390406,1361.099191844682,1370.1553955078125
2021-04-28 00:00:00+05:30,1393.6617727017408,1421.5231558469075,1348.034491393203,1373.6689453125
2021-04-29 00:00:00+05:30,1390.5934112257316,1390.5934112257316,1362.8805176212331,1367.136474609375
2021-04-30 00:00:00+05:30,1360.9011219421664,1385.0509551061764,1346.0549278846154,1367.0870361328125
2021-05-03 00:00:00+05:30,1371.3925278634797,1384.6551532087656,1338.1866100829352,1377.7269287109375
2021-05-04 00:00:00+05:30,1377.7267840415736,1385.248831399913,1351.1025856747444,1363.325927734375
2021-05-05 00:00:00+05:30,1363.9693869927487,1373.3225622598063,1349.0242416415924,1356.5958251953125
2021-05-06 00:00:00+05:30,1360.604198218151,1370.7986334950651,1360.0599102411607,1366.4437255859375
2021-05-07 00:00:00+05:30,1370.79856115492,1380.1516149234328,1353.972874844715,1357.88232421875
2021-05-10 00:00:00+05:30,1370.8974621472423,1382.6754663030993,1353.2305163227718,1361.2474365234375
2021-05-11 00:00:00+05:30,1354.9626950942422,1370.7986360157233,1348.7272450289524,1354.814208984375
2021-05-12 00:00:00+05:30,1366.8395481160692,1419.2960984782355,1357.0410362431833,1387.5252685546875
2021-05-14 00:00:00+05:30,1399.5012499094428,1409.3491771382808,1364.1178201468808,1377.5289306640625
2021-05-17 00:00:00+05:30,1376.7371749488607,1410.3885509001627,1367.8294577852805,1406.18212890625
2021-05-18 00:00:00+05:30,1396.3340034418472,1454.9269308322664,1396.3340034418472,1434.9835205078125
2021-05-19 00:00:00+05:30,1433.152562643318,1466.6060340490478,1426.2243389288822,1435.3299560546875
2021-05-20 00:00:00+05:30,1433.152714765174,1444.8317700223488,1401.530367210901,1414.594970703125
2021-05-21 00:00:00+05:30,1417.3166987437346,1428.896682102942,1410.1410380831956,1418.4053955078125
2021-05-24 00:00:00+05:30,1421.5231593207475,1468.0412365970399,1418.4054342331822,1460.568603515625
2021-05-25 00:00:00+05:30,1465.814279365657,1501.7915334294385,1450.9680847738375,1480.3140869140625
2021-05-26 00:00:00+05:30,1475.2168433373643,1503.8205352451039,1467.7442105300718,1485.95556640625
2021-05-27 00:00:00+05:30,1489.5681037558622,1583.5939973484249,1477.1962756515777,1563.0567626953125
2021-05-28 00:00:00+05:30,1548.9528772097513,1583.5939958693941,1507.4824852791946,1572.4593505859375
2021-05-31 00:00:00+05:30,1583.594147676224,1712.2611721749172,1583.594147676224,1651.7381591796875
2021-06-01 00:00:00+05:30,1667.7225323954028,1736.015027787262,1634.0711578544865,1675.887939453125
2021-06-02 00:00:00+05:30,1680.5891358394063,1699.394314626773,1650.8967482804062,1683.113037109375
2021-06-03 00:00:00+05:30,1693.4559115451773,1699.839726823488,1663.7635226811474,1674.6011962890625
2021-06-04 00:00:00+05:30,1674.6012304006688,1681.5294546100704,1623.1839576312102,1633.5762939453125
2021-06-07 00:00:00+05:30,1641.988962002253,1680.5890641831377,1620.2145453873948,1668.36572265625
2021-06-08 00:00:00+05:30,1669.7514409170567,1680.1931912478565,1644.067453522525,1663.0211181640625
2021-06-09 00:00:00+05:30,1674.7991724447759,1703.3533281279347,1647.9275370906514,1657.676513671875
2021-06-10 00:00:00+05:30,1662.7737317333663,1672.6711944222554,1642.9788063555882,1654.21240234375
2021-06-11 00:00:00+05:30,1666.8316471780254,1732.1054853155388,1628.1325926947227,1631.646240234375
2021-06-14 00:00:00+05:30,1641.9890619676285,1655.1527356863849,1584.583778306313,1643.5726318359375
2021-06-15 00:00:00+05:30,1643.5726736943864,1680.5892092996978,1643.5232588708086,1676.5806884765625
2021-06-16 00:00:00+05:30,1681.5788790052834,1710.2815202596407,1656.5877861889894,1702.6605224609375
2021-06-17 00:00:00+05:30,1707.5598163199154,1758.482215492624,1674.94772382851,1698.8995361328125
2021-06-18 00:00:00+05:30,1712.2612019793391,1735.0253682484288,1639.960182088533,1725.5732421875
2021-06-21 00:00:00+05:30,1682.5685527313,1720.1789086158822,1677.669357331681,1701.7696533203125
2021-06-22 00:00:00+05:30,1710.2816138421733,1749.5250789716667,1710.2816138421733,1721.416259765625
2021-06-23 00:00:00+05:30,1734.0354171810507,1832.1192456672338,1720.426406344156,1788.026123046875
2021-06-24 00:00:00+05:30,1809.256204170083,1811.2356967348205,1781.5433082637578,1790.8963623046875
2021-06-25 00:00:00+05:30,1804.901343427948,1821.0342565786905,1775.6544125125008,1805.3468017578125
2021-06-28 00:00:00+05:30,1820.1929994854381,1837.9588974200658,1773.7738733890221,1791.242919921875
2021-06-29 00:00:00+05:30,1786.442458939546,1796.8843302824114,1752.8406218287803,1770.507568359375
2021-06-30 00:00:00+05:30,1782.5330547809613,1837.9588466009134,1782.5330547809613,1789.6591796875
2021-07-01 00:00:00+05:30,1797.379251789337,1808.2169252719552,1760.5607383510637,1775.307861328125
2021-07-02 00:00:00+05:30,1791.440875012884,1811.2358018086063,1748.5353953468843,1768.8251953125
2021-07-05 00:00:00+05:30,1776.4956584131996,1782.5330866807612,1742.9432346723045,1755.5625
2021-07-06 00:00:00+05:30,1752.8903596392229,1765.9549634160603,1728.1467003507814,1739.7266845703125
2021-07-07 00:00:00+05:30,1735.02519689365,1739.6769559965437,1712.4589337976988,1724.2369384765625
2021-07-08 00:00:00+05:30,1724.2370203221121,1732.5509134794006,1677.7189438105258,1685.785400390625
2021-07-09 00:00:00+05:30,1693.6538081455803,1707.3123553155606,1666.2378841586933,1695.8807373046875
2021-07-12 00:00:00+05:30,1700.8293447504936,1718.1994392524157,1684.0036589974457,1708.25244140625
2021-07-13 00:00:00+05:30,1712.2610026535033,1785.5022247323236,1697.9592177507004,1768.72607421875
2021-07-14 00:00:00+05:30,1785.5023190316913,1821.1331857085988,1767.2415481872322,1786.9869384765625
2021-07-15 00:00:00+05:30,1787.9765915661462,1799.853546505971,1751.8508536241786,1760.80810546875
2021-07-16 00:00:00+05:30,1760.7585219716184,1765.707253062039,1733.4909653359493,1745.1204833984375
2021-07-19 00:00:00+05:30,1754.325349878021,1759.6700041626755,1713.399363763918,1720.970947265625
2021-07-20 00:00:00+05:30,1721.416264079628,1725.969072927121,1692.4661846061026,1701.3739013671875
2021-07-22 00:00:00+05:30,1708.7473905715772,1717.2097694632453,1684.79557929038,1693.5548095703125
2021-07-23 00:00:00+05:30,1699.2954885153545,1699.2954885153545,1673.7599850185386,1678.411865234375
2021-07-26 00:00:00+05:30,1670.691791825032,1708.450638179593,1660.942814715374,1694.74267578125
2021-07-27 00:00:00+05:30,1709.489733477395,1762.0453578151667,1607.397500932925,1652.0350341796875
2021-07-28 00:00:00+05:30,1657.9735787328675,1690.9815944729569,1636.792983236554,1681.6285400390625
2021-07-29 00:00:00+05:30,1688.5070829009783,1689.49682913949,1653.1236548741847,1669.20703125
2021-07-30 00:00:00+05:30,1677.521117064254,1707.312458111632,1665.4956747173037,1681.7275390625
2021-08-02 00:00:00+05:30,1684.7462209812156,1716.863563146395,1644.3646416172796,1666.1884765625
2021-08-03 00:00:00+05:30,1667.6235617201328,1680.3417774861334,1647.8286357594654,1653.569091796875
2021-08-04 00:00:00+05:30,1665.7429012431785,1671.6813786094642,1612.2966049466058,1619.670166015625
2021-08-05 00:00:00+05:30,1627.9348327519497,1660.4479759449475,1614.3258205402299,1649.2637939453125
2021-08-06 00:00:00+05:30,1649.263550061093,1678.9065211318195,1634.120505748693,1646.7891845703125
2021-08-09 00:00:00+05:30,1654.6578160899921,1669.652375004892,1619.5712393117074,1627.3902587890625
2021-08-10 00:00:00+05:30,1627.3904525807234,1641.39538773975,1612.346356234789,1633.9722900390625
2021-08-11 00:00:00+05:30,1641.7911351647092,1699.3943188446874,1601.4589752969625,1657.379638671875
2021-08-12 00:00:00+05:30,1659.8044848932525,1706.7184819752504,1648.9172759881685,1700.73046875
2021-08-13 00:00:00+05:30,1707.312228066277,1741.9038100987764,1695.7322456294535,1730.02685546875
2021-08-16 00:00:00+05:30,1743.4380623337493,1776.5945625257336,1713.2508009649275,1740.369873046875
2021-08-17 00:00:00+05:30,1740.3698992421089,1750.8611857447997,1706.668989764506,1727.5526123046875
2021-08-18 00:00:00+05:30,1721.1688432048359,1747.6940927961741,1687.517468467076,1743.240234375
2021-08-20 00:00:00+05:30,1745.9124361500692,1788.5704766110966,1665.7925231927463,1697.0684814453125
2021-08-23 00:00:00+05:30,1697.4147752490856,1714.1415106091438,1607.6942558221933,1657.775390625
2021-08-24 00:00:00+05:30,1662.6748015053658,1707.3123346117782,1645.007854554415,1679.50048828125
2021-08-25 00:00:00+05:30,1684.4491888977254,1728.8888202631426,1671.4340013776011,1713.3497314453125
2021-08-26 00:00:00+05:30,1725.6227309498847,1757.4925145332882,1704.7391074950058,1718.5460205078125
2021-08-27 00:00:00+05:30,1732.0560340362415,1845.8768591300516,1717.2098394587879,1831.0802001953125
2021-08-30 00:00:00+05:30,1855.7744969911512,1905.2618169109153,1813.215401860154,1901.99560546875
2021-08-31 00:00:00+05:30,1905.2616023300475,1905.2616023300475,1866.6614971399842,1876.3115234375
2021-09-01 00:00:00+05:30,1890.4155090232339,1891.6526919479875,1838.45382618359,1863.8902587890625
2021-09-02 00:00:00+05:30,1886.9512223302295,1898.2837685454883,1853.15136378802,1874.92578125
2021-09-03 00:00:00+05:30,1880.5179288919114,1880.5179288919114,1824.1023910251542,1829.743896484375
2021-09-06 00:00:00+05:30,1835.9792971225788,1853.5472930923502,1821.1331033453073,1832.861572265625
2021-09-07 00:00:00+05:30,1849.4399173876789,1879.5282291587937,1816.2340014174215,1851.12255859375
2021-09-08 00:00:00+05:30,1840.9279763366692,1878.538332842472,1839.5918430982156,1857.5062255859375
2021-09-09 00:00:00+05:30,1865.9192905249354,1893.8300890309495,1833.1091751367526,1850.28125
2021-09-13 00:00:00+05:30,1845.8768318418147,1857.2093785409484,1820.1929639299701,1841.9178466796875
2021-09-14 00:00:00+05:30,1868.6410121678618,1897.3436548335758,1851.4689380471025,1887.7431640625
2021-09-15 00:00:00+05:30,1899.3230737226156,1905.2615512850625,1870.818333095416,1886.357421875
2021-09-16 00:00:00+05:30,1880.517846045224,1923.9677299149425,1862.6034633597826,1888.4853515625
2021-09-17 00:00:00+05:30,1881.507802115753,1895.364250947747,1816.2340789810683,1824.3004150390625
2021-09-20 00:00:00+05:30,1824.3002638936578,1865.3253189920251,1821.1331241790615,1855.9227294921875
2021-09-21 00:00:00+05:30,1851.8151850260417,1885.466556640625,1835.13798531607,1855.774169921875
2021-09-22 00:00:00+05:30,1850.8256352159149,1884.4770104016588,1845.975854040123,1849.984375
2021-09-23 00:00:00+05:30,1870.6205302061485,1886.357520735103,1837.9589019009616,1878.637451171875
2021-09-24 00:00:00+05:30,1883.4870384677113,1898.5806681769245,1851.914110190943,1859.4361572265625
2021-09-27 00:00:00+05:30,1868.6409977257413,1888.4854591911212,1826.1808576708936,1835.9793701171875
2021-09-28 00:00:00+05:30,1850.7267014805752,1850.7267014805752,1771.6459449153188,1782.186767578125
2021-09-29 00:00:00+05:30,1782.4341513021795,1819.9455605614419,1778.6730670020838,1801.8826904296875
2021-09-30 00:00:00+05:30,1815.8875167038943,1859.7333268076027,1802.6250127312285,1851.41943359375
2021-10-01 00:00:00+05:30,1850.8255148423223,1854.6360137973882,1800.6454275534634,1839.83935546875
2021-10-04 00:00:00+05:30,1841.0270237300383,1873.9856230466135,1826.0818791269276,1853.99267578125
2021-10-05 00:00:00+05:30,1838.94845908449,1886.060354539936,1838.94845908449,1858.69384765625
2021-10-06 00:00:00+05:30,1859.7332037574995,1876.5093543676135,1841.0269754686972,1854.14111328125
2021-10-07 00:00:00+05:30,1860.7231467489314,1878.5385811326978,1843.8974587198186,1852.310302734375
2021-10-08 00:00:00+05:30,1858.6445874217284,1868.1461276689258,1808.2664769542398,1820.8857421875
2021-10-11 00:00:00+05:30,1827.4676300325193,1850.8751546721992,1801.8827118155566,1811.82958984375
2021-10-12 00:00:00+05:30,1821.331033205548,1840.928057630358,1800.3484606610866,1808.9097900390625
2021-10-13 00:00:00+05:30,1816.134967638598,1857.7538488614325,1781.5433819662112,1788.3231201171875
2021-10-14 00:00:00+05:30,1805.6930424666227,1827.566409940966,1793.0242424211933,1800.348388671875
2021-10-18 00:00:00+05:30,1818.9557872935538,1839.8888247550494,1808.2664789917626,1810.7408447265625
2021-10-19 00:00:00+05:30,1824.0033440332359,1844.8869652378132,1802.3278775204174,1827.3189697265625
2021-10-20 00:00:00+05:30,1837.95874380261,1838.849539570764,1796.6368388194333,1811.4830322265625
2021-10-21 00:00:00+05:30,1820.8360798886936,1859.4361826230686,1806.3363943626086,1855.774169921875
2021-10-22 00:00:00+05:30,1868.6408910537994,1919.117949021884,1861.0693081948602,1889.7225341796875
2021-10-25 00:00:00+05:30,1900.3128541718265,1949.8001680825512,1811.235689132522,1831.228515625
2021-10-26 00:00:00+05:30,1845.7778101775616,1849.6872595469038,1799.4576372399692,1826.6756591796875
2021-10-27 00:00:00+05:30,1900.3623842546767,1913.0310640875841,1846.9160853874234,1860.426025390625
2021-10-28 00:00:00+05:30,1860.426100755922,1978.502884512249,1859.5354257269632,1963.310302734375
2021-10-29 00:00:00+05:30,1977.4638030057588,2131.6663429059404,1934.2614686135114,2098.163330078125
2021-11-01 00:00:00+05:30,2083.415872791896,2147.7493795526907,2011.2633464302928,2058.375244140625
2021-11-02 00:00:00+05:30,2068.569805493623,2093.313463454073,2020.3692081141232,2041.30224609375
2021-11-03 00:00:00+05:30,2045.0137933294166,2122.758414913164,2031.1573448814463,2047.735595703125
2021-11-04 00:00:00+05:30,2054.960639112451,2101.924050062968,2038.8772626473929,2084.05908203125
2021-11-08 00:00:00+05:30,2088.364454274491,2102.5674087108323,2049.9622538968742,2065.501220703125
2021-11-09 00:00:00+05:30,2073.469022808575,2185.755695462708,2063.076686358097,2162.645263671875
2021-11-10 00:00:00+05:30,2162.6450940283257,2199.3152409545382,2128.9441858550495,2148.442138671875
2021-11-11 00:00:00+05:30,2159.4777589345717,2182.3902859163913,2110.287181402532,2150.025634765625
2021-11-12 00:00:00+05:30,2138.0498454786075,2209.1136760370014,2131.4185937928687,2188.6259765625
2021-11-15 00:00:00+05:30,2207.134094240709,2208.1238404713104,2115.0876947947963,2126.073974609375
2021-11-16 00:00:00+05:30,2126.0743787702195,2167.4951214124903,2118.2552370797143,2154.62841796875
2021-11-17 00:00:00+05:30,2135.0805610338366,2187.339211333419,2128.0039720050177,2169.226806640625
2021-11-18 00:00:00+05:30,2177.441931490704,2200.107025849942,2102.221210221025,2127.50927734375
2021-11-22 00:00:00+05:30,2136.0210884909393,2162.2493679925333,1957.9658084539067,2078.26953125
2021-11-23 00:00:00+05:30,2058.6722125314304,2132.903181733285,2058.028974119922,2081.63427734375
2021-11-24 00:00:00+05:30,2083.415922069771,2088.2655821930757,2034.621382075789,2064.412841796875
2021-11-25 00:00:00+05:30,2072.677034737704,2079.9022307666914,2019.0823713874026,2025.9610595703125
2021-11-26 00:00:00+05:30,2022.0516445532778,2042.0444710275733,1954.7488976958998,1974.5438232421875
2021-11-29 00:00:00+05:30,1934.9542327901581,2097.272644134192,1934.014022027517,2061.98828125
2021-11-30 00:00:00+05:30,2084.4056983864944,2142.3058566750083,2001.2670095619617,2040.70849609375
2021-12-01 00:00:00+05:30,2034.9184167555068,2066.293326507403,1987.7075660171863,1997.2091064453125
2021-12-02 00:00:00+05:30,1997.2090640856898,2117.0673157208366,1997.2090640856898,2091.185546875
2021-12-03 00:00:00+05:30,2068.8667490552502,2108.654502176991,2042.9354441993985,2057.088623046875
2021-12-06 00:00:00+05:30,2056.6930253295222,2065.45237765055,2014.1339300026843,2033.4835205078125
2021-12-07 00:00:00+05:30,2043.628367884227,2076.43836363211,2014.1338775174454,2044.51904296875
2021-12-08 00:00:00+05:30,2056.2474089488524,2097.7176809541616,2056.2474089488524,2071.29150390625
2021-12-09 00:00:00+05:30,2082.821984127155,2350.647425326651,2078.6155624186754,2276.812255859375
2021-12-10 00:00:00+05:30,2276.416708948869,2347.6784494029207,2212.4297011544236,2241.181640625
2021-12-13 00:00:00+05:30,2245.684640133,2331.842097010875,2241.3298534148785,2283.9384765625
2021-12-14 00:00:00+05:30,2281.3650189909827,2295.9142399820416,2236.8759750825798,2249.247802734375
2021-12-15 00:00:00+05:30,2260.481282166175,2270.082013754613,2198.671679411103,2209.1630859375
2021-12-16 00:00:00+05:30,2197.336077461441,2251.67305812118,2171.503599788074,2211.984130859375
2021-12-17 00:00:00+05:30,2207.1344078073503,2239.44953017257,2147.749625534507,2177.194580078125
2021-12-20 00:00:00+05:30,2192.287927958116,2192.287927958116,2055.307144599748,2099.89501953125
2021-12-21 00:00:00+05:30,2105.190177338603,2197.2365743731543,2078.5661010878134,2178.431396484375
2021-12-22 00:00:00+05:30,2180.4108559408373,2308.0881144139958,2180.4108559408373,2261.025634765625
2021-12-23 00:00:00+05:30,2253.602958793039,2283.295350024122,2231.8780742030895,2240.587890625
2021-12-24 00:00:00+05:30,2260.0859755568963,2321.3511829908575,2209.114034352088,2221.535400390625
2021-12-27 00:00:00+05:30,2226.335266894997,2244.49720845128,2152.9952098505833,2172.988037109375
2021-12-28 00:00:00+05:30,2189.6156261932756,2235.7376553864583,2163.1399146225526,2184.468994140625
2021-12-29 00:00:00+05:30,2169.8209394768837,2227.4736635153154,2169.8209394768837,2203.769287109375
2021-12-30 00:00:00+05:30,2203.7691857244135,2222.029956445432,2189.9127376659508,2212.478759765625
2021-12-31 00:00:00+05:30,2221.9802759392296,2260.3329421720337,2199.216112755888,2210.697265625
2022-01-03 00:00:00+05:30,2228.364267477131,2245.3385615705383,2163.189618350933,2182.8359375
2022-01-04 00:00:00+05:30,2201.096608131315,2214.7056191888314,2167.5443066153284,2196.9892578125
2022-01-05 00:00:00+05:30,2206.6887934575543,2226.8299846028417,2177.4417435295113,2203.373046875
2022-01-06 00:00:00+05:30,2192.0900612561277,2264.2920024731684,2177.4913039458975,2202.432861328125
2022-01-07 00:00:00+05:30,2214.0130165772657,2240.7361676322416,2193.772752346418,2204.26416015625
2022-01-10 00:00:00+05:30,2219.951383805858,2273.1502466771503,2200.2059937280615,2257.51220703125
2022-01-11 00:00:00+05:30,2258.600799779846,2323.924048152094,2247.020817714035,2315.461669921875
2022-01-12 00:00:00+05:30,2329.8627755652587,2336.3456621169935,2271.9130817368064,2292.69775390625
2022-01-13 00:00:00+05:30,2296.211183069586,2303.0403351919167,2272.457274279211,2282.849609375
2022-01-14 00:00:00+05:30,2266.519295351084,2329.8630660508525,2266.519295351084,2317.540771484375
2022-01-17 00:00:00+05:30,2325.6067921450945,2361.43555925157,2290.272898179972,2296.607177734375
2022-01-18 00:00:00+05:30,2309.9688172365445,2378.9543283827106,2279.38575289945,2344.263671875
2022-01-19 00:00:00+05:30,2344.2639490895776,2344.2639490895776,2280.375768869525,2320.064697265625
2022-01-20 00:00:00+05:30,2324.7160333384404,2390.2371865640043,2318.6784845766842,2364.751220703125
2022-01-21 00:00:00+05:30,2364.7512257532385,2364.7512257532385,2301.852803293058,2332.58447265625
2022-01-24 00:00:00+05:30,2324.617029646506,2409.042435299792,2261.5702402054335,2383.704833984375
2022-01-25 00:00:00+05:30,2405.9249563387684,2442.7930070301823,2335.9004036832644,2375.53955078125
2022-01-27 00:00:00+05:30,2380.3395924883557,2380.3395924883557,2113.998795484757,2201.640869140625
2022-01-28 00:00:00+05:30,2218.021478030892,2292.104085899822,2167.5444162818626,2247.218994140625
2022-01-31 00:00:00+05:30,2252.6623755013343,2309.6223182532594,2172.592003712451,2277.45556640625
2022-02-01 00:00:00+05:30,2288.1453942073704,2349.6085028867715,2209.658453522744,2263.649169921875
2022-02-02 00:00:00+05:30,2263.648970660302,2352.8249716916057,2240.6866620617075,2273.150390625
2022-02-03 00:00:00+05:30,2274.437156554828,2309.028743832935,2249.3469894392197,2282.1572265625
2022-02-04 00:00:00+05:30,2281.36517883819,2340.7499557276874,2256.6215218008997,2311.453369140625
2022-02-07 00:00:00+05:30,2319.9653506283216,2320.4602237833187,2200.9978924943766,2234.84716796875
2022-02-08 00:00:00+05:30,2247.3179514707845,2261.520665299577,2173.4827839230447,2198.473876953125
2022-02-09 00:00:00+05:30,2218.021240234375,2226.9289560586094,2189.0216281680273,2218.021240234375
2022-02-10 00:00:00+05:30,2188.3290956717074,2296.1123723856995,2188.3290956717074,2215.05224609375
2022-02-11 00:00:00+05:30,2201.195686230928,2226.8300177564965,2147.79892373457,2156.904541015625
2022-02-14 00:00:00+05:30,2073.5183110139064,2114.4937074740274,1985.9753070219404,2069.559326171875
2022-02-15 00:00:00+05:30,2088.3646856074097,2114.0485536740352,2004.7806591957442,2024.8724365234375
2022-02-16 00:00:00+05:30,2037.8877267137964,2062.6313853674365,1990.6768743301093,2012.4512939453125
2022-02-17 00:00:00+05:30,2012.4512143813272,2046.795362907296,2002.5537513111758,2034.8193359375
2022-02-18 00:00:00+05:30,2009.185121160841,2057.7322286966446,2009.185121160841,2044.469482421875
2022-02-21 00:00:00+05:30,2025.0207940734172,2097.173197852506,2004.2361231665052,2079.555908203125
2022-02-22 00:00:00+05:30,2009.1850742489573,2101.47892063995,2009.1850742489573,2046.1026611328125
2022-02-23 00:00:00+05:30,2054.7132284711374,2098.262063756653,2054.7132284711374,2075.69580078125
2022-02-24 00:00:00+05:30,2019.082421314465,2077.427916485288,1979.492569916142,2024.5755615234375
2022-02-25 00:00:00+05:30,2047.3892916195157,2127.9050080943507,2044.1726161464253,2110.0400390625
2022-02-28 00:00:00+05:30,2074.5082622516607,2149.3331798160325,2067.7779390275864,2137.3076171875
2022-03-02 00:00:00+05:30,2130.923677036631,2189.8135789333705,2130.923677036631,2156.85498046875
2022-03-03 00:00:00+05:30,2177.441878317583,2216.0419843423037,2123.9955776679694,2137.3076171875
2022-03-04 00:00:00+05:30,2123.0055644673316,2176.451858397978,2103.3097120626057,2133.298828125
2022-03-07 00:00:00+05:30,2116.0776181867204,2126.7669266995917,2058.8702329410257,2087.325439453125
2022-03-08 00:00:00+05:30,2082.4262869825784,2135.872589024907,2082.4262869825784,2113.157958984375
2022-03-09 00:00:00+05:30,2127.9542240458377,2141.563233618224,2079.456662660607,2120.778564453125
2022-03-10 00:00:00+05:30,2137.852026306706,2155.5190945679037,2120.03659275415,2135.822998046875
2022-03-11 00:00:00+05:30,2132.9033030587975,2152.64869366221,2088.364719004205,2098.212646484375
2022-03-14 00:00:00+05:30,2103.7556068991307,2103.7556068991307,2042.29225593953,2057.18798828125
2022-03-15 00:00:00+05:30,2057.187837601719,2073.6177240589905,2020.1218842365233,2070.25244140625
2022-03-16 00:00:00+05:30,2080.446733616882,2180.0153085790535,2080.446733616882,2168.484619140625
2022-03-17 00:00:00+05:30,2182.3905732805247,2185.359812155736,2068.5697497307465,2079.803466796875
2022-03-21 00:00:00+05:30,2098.558913155523,2103.0623066864678,2058.078148651655,2070.004638671875
2022-03-22 00:00:00+05:30,2078.467116736871,2079.6052282649393,2036.8977744021336,2055.851318359375
2022-03-23 00:00:00+05:30,2068.5203232983017,2074.8053092375662,2008.541719016125,2029.7718505859375
2022-03-24 00:00:00+05:30,1970.8324578918352,2032.9390425661418,1961.6773039757024,2017.7464599609375
2022-03-25 00:00:00+05:30,2028.3859508185533,2033.7802614108632,1962.6668937932468,1968.90234375
2022-03-28 00:00:00+05:30,1964.6465528469248,1998.2979295707512,1924.6607751642955,1982.363037109375
2022-03-29 00:00:00+05:30,1989.291083573314,2033.9286168897456,1979.4925711822343,2017.894775390625
2022-03-30 00:00:00+05:30,2030.9099296301654,2073.963894902787,2014.7771369732195,2062.136474609375
2022-03-31 00:00:00+05:30,2043.82612700155,2156.657206167737,2011.164498821864,2135.822998046875
2022-04-01 00:00:00+05:30,2132.9032306860386,2132.9032306860386,2079.456931634045,2092.62060546875
2022-04-04 00:00:00+05:30,2074.5083173737526,2121.917070147369,2074.5083173737526,2108.7041015625
2022-04-05 00:00:00+05:30,2118.0571381174227,2241.725893251541,2106.130646558977,2184.91455078125
2022-04-06 00:00:00+05:30,2196.2470474005977,2220.9411693447255,2151.560098453826,2186.794921875
2022-04-07 00:00:00+05:30,2187.3394322737627,2214.903964760727,2159.280026612076,2169.67236328125
2022-04-08 00:00:00+05:30,2186.1023825342754,2223.6136748088597,2165.515608884024,2215.99267578125
2022-04-11 00:00:00+05:30,2217.0316455758993,2234.7480071601904,2180.015231719854,2192.090087890625
2022-04-12 00:00:00+05:30,2191.10044056789,2208.866338595441,2127.9545773407403,2183.875244140625
2022-04-13 00:00:00+05:30,2178.431731023622,2209.064332435001,2177.4419846669552,2203.8681640625
2022-04-18 00:00:00+05:30,2201.1955611689946,2201.1955611689946,2119.640570485622,2161.11083984375
2022-04-19 00:00:00+05:30,2177.5410759807833,2226.929322977681,2103.2110272566983,2130.132080078125
2022-04-20 00:00:00+05:30,2142.8005150202825,2155.5188502978226,2105.8829335703113,2115.532958984375
2022-04-21 00:00:00+05:30,2123.10468668089,2147.4522984066793,2101.4290997510416,2121.52099609375
2022-04-22 00:00:00+05:30,2118.255316202456,2181.2528230913645,2113.15821861043,2138.941162109375
2022-04-25 00:00:00+05:30,2127.954351515997,2136.812531768112,2073.56784560354,2078.467041015625
2022-04-26 00:00:00+05:30,2089.453742703244,2107.1205711384914,2041.351970524685,2066.442138671875
2022-04-27 00:00:00+05:30,2065.7967460251098,2078.596254327588,2022.1391779054627,2068.426025390625
2022-04-28 00:00:00+05:30,2083.656608083471,2093.578782407678,2037.2207837980652,2081.5234375
2022-04-29 00:00:00+05:30,2075.7190045169305,2112.083678899632,2043.9680446008015,2080.233642578125
2022-05-02 00:00:00+05:30,2073.7346081384567,2080.184021991519,2025.5623992955407,2035.385498046875
2022-05-04 00:00:00+05:30,2050.6159496803893,2056.7676500048983,1984.4350879455283,1998.7725830078125
2022-05-05 00:00:00+05:30,2082.61493647212,2276.147014177105,2071.7998622896666,2203.814453125
2022-05-06 00:00:00+05:30,2169.9795309385054,2257.2946652423866,2161.049574021063,2236.656494140625
2022-05-09 00:00:00+05:30,2236.3591826765887,2341.3358546567283,2208.9741218821796,2287.756103515625
2022-05-10 00:00:00+05:30,2277.1390398095164,2288.0534317214574,2061.232426546157,2213.190673828125
2022-05-11 00:00:00+05:30,2217.6061274994836,2272.1780903685985,2167.9952521639248,2252.333740234375
2022-05-12 00:00:00+05:30,2237.4502041983947,2255.359776453951,2202.7722550248977,2216.06787109375
2022-05-13 00:00:00+05:30,2231.4970937823546,2289.5914751966616,2227.726618941896,2272.7734375
2022-05-16 00:00:00+05:30,2290.038215303664,2330.7191368060253,2207.2873645585246,2234.275634765625
2022-05-17 00:00:00+05:30,2257.9893825037175,2301.2005043437416,2242.4116157451144,2276.494384765625
2022-05-18 00:00:00+05:30,2294.6516936968796,2326.7500265672993,2238.8891189070114,2261.263671875
2022-05-19 00:00:00+05:30,2231.497409322533,2280.1160723091066,2210.7601581285926,2257.3447265625
2022-05-20 00:00:00+05:30,2274.460102959688,2304.9211301445616,2257.294692672784,2271.33447265625
2022-05-23 00:00:00+05:30,2283.290945722497,2319.8045995006546,2250.349371970695,2279.17333984375
2022-05-24 00:00:00+05:30,2272.2276500304397,2296.338582834118,2219.6401244812755,2265.331787109375
2022-05-25 00:00:00+05:30,2266.1254217027677,2281.108002652969,2181.935913273701,2197.265625
2022-05-26 00:00:00+05:30,2188.781935233503,2193.395891509249,2155.294597828188,2174.146728515625
2022-05-27 00:00:00+05:30,2180.8940933175913,2288.3512984109784,2166.903729489695,2266.37353515625
2022-05-30 00:00:00+05:30,2288.99607517796,2373.384220600178,2276.146907214385,2367.182861328125
2022-05-31 00:00:00+05:30,2373.383956734731,2448.792477099212,2326.7497401935384,2408.359619140625
2022-06-01 00:00:00+05:30,2408.359774122596,2468.488247705133,2381.3218489625006,2437.2333984375
2022-06-02 00:00:00+05:30,2440.8552049382147,2445.81629275313,2373.4837293079145,2399.578857421875
2022-06-03 00:00:00+05:30,2408.1119852462416,2430.883329489261,2289.8893614823755,2297.727783203125
2022-06-06 00:00:00+05:30,2297.7276702923373,2358.4513327032873,2273.2199465473363,2345.056396484375
2022-06-07 00:00:00+05:30,2327.742313090094,2354.4825269342905,2293.0643590478066,2333.298828125
2022-06-08 00:00:00+05:30,2350.8113937460903,2350.8113937460903,2252.829912208715,2287.359130859375
2022-06-09 00:00:00+05:30,2288.7978938407523,2337.565290813486,2271.9798543727165,2334.092529296875
2022-06-10 00:00:00+05:30,2301.9444740317504,2344.510505556189,2279.3218678215967,2315.190673828125
2022-06-13 00:00:00+05:30,2277.1389641635665,2335.977505236911,2234.473615379674,2319.258544921875
2022-06-14 00:00:00+05:30,2311.8667641258908,2345.6021589672127,2285.3746054486196,2303.2841796875
2022-06-15 00:00:00+05:30,2321.5409444292195,2321.5409444292195,2277.1392103707913,2286.763671875
2022-06-16 00:00:00+05:30,2304.0776853000093,2339.648778252373,2168.5409251696933,2226.486328125
2022-06-17 00:00:00+05:30,2212.7445341094763,2261.3135364669606,2115.4078920849297,2156.237548828125
2022-06-20 00:00:00+05:30,2131.2833201831363,2186.946822229417,2103.5012284861496,2170.92236328125
2022-06-21 00:00:00+05:30,2172.9559517884068,2246.776824213214,2161.099003147993,2210.511474609375
2022-06-22 00:00:00+05:30,2213.686681215634,2228.0241742136946,2170.971673649327,2198.7041015625
2022-06-23 00:00:00+05:30,2215.6220374868694,2292.02279740021,2196.4225288461575,2272.922607421875
2022-06-24 00:00:00+05:30,2275.105010715487,2292.0223671113326,2232.5389779368,2272.525390625
2022-06-27 00:00:00+05:30,2286.069093749551,2341.633273111519,2255.360010925297,2274.708251953125
2022-06-28 00:00:00+05:30,2274.112812798094,2284.332701325987,2255.211021289812,2267.0185546875
2022-06-29 00:00:00+05:30,2262.2063662248747,2306.905815528726,2212.645147797445,2292.220947265625
2022-06-30 00:00:00+05:30,2295.9910647646993,2310.8246664541084,2259.0309665959503,2282.992919921875
2022-07-01 00:00:00+05:30,2242.758872370225,2293.5106994527932,2242.758872370225,2257.7412109375
2022-07-04 00:00:00+05:30,2260.668212441047,2354.2343693734124,2248.4641312138397,2343.12158203125
2022-07-05 00:00:00+05:30,2362.4697248073926,2386.28294336908,2326.0057338848087,2346.34619140625
2022-07-06 00:00:00+05:30,2356.318331234551,2510.3104494903405,2351.5556384553784,2497.41162109375
2022-07-07 00:00:00+05:30,2520.232818952733,2569.2979330625635,2506.887540072154,2542.508056640625
2022-07-08 00:00:00+05:30,2549.949328885341,2591.969837124243,2534.123508126485,2568.950439453125
2022-07-11 00:00:00+05:30,2579.7655928413224,2609.5321189125684,2556.05169063414,2590.53125
2022-07-12 00:00:00+05:30,2586.7111197077925,2588.695554782367,2509.417470449361,2521.0263671875
2022-07-13 00:00:00+05:30,2522.2168132274774,2552.231391748379,2495.4269414898135,2524.895751953125
2022-07-14 00:00:00+05:30,2524.201335077977,2550.991207738003,2483.222703635077,2528.517578125
2022-07-15 00:00:00+05:30,2510.4093265366546,2555.108526363143,2501.380051351137,2539.53076171875
2022-07-18 00:00:00+05:30,2558.9288756090536,2577.2848989509566,2534.2227573045684,2566.420166015625
2022-07-19 00:00:00+05:30,2549.99907843012,2618.164374996842,2536.108032866687,2570.736328125
2022-07-20 00:00:00+05:30,2565.9736015578346,2606.3568026513935,2555.1086268690196,2578.32666015625
2022-07-21 00:00:00+05:30,2579.7653361960147,2812.9364338906544,2573.812031574024,2751.1708984375
2022-07-22 00:00:00+05:30,2778.6056540082454,2778.6056540082454,2665.9395561940873,2675.4150390625
2022-07-25 00:00:00+05:30,2691.8859729658416,2691.8859729658416,2615.9813371634505,2642.17578125
2022-07-26 00:00:00+05:30,2655.7196473876975,2741.4471376272827,2614.8897542350232,2692.28271484375
2022-07-27 00:00:00+05:30,2692.2830040240465,2728.5982632604123,2669.462000367687,2706.918212890625
2022-07-28 00:00:00+05:30,2723.5872526072044,2726.613564290798,2665.046422806201,2701.06396484375
2022-07-29 00:00:00+05:30,2737.0815293930764,2789.123286848626,2680.326738991055,2714.855712890625
2022-08-01 00:00:00+05:30,2722.6446763888403,2786.3449880807243,2702.8003274355688,2724.28173828125
2022-08-02 00:00:00+05:30,2723.5375993870107,2802.3694700965666,2708.108811731268,2738.07373046875
2022-08-03 00:00:00+05:30,2738.4207081866025,2746.457766031118,2645.995754177559,2650.80810546875
2022-08-04 00:00:00+05:30,2668.0726892806865,2694.862560091612,2621.4384697209275,2647.58349609375
2022-08-05 00:00:00+05:30,2662.7149975484786,2720.6604030363824,2654.5292031192116,2667.279052734375
2022-08-08 00:00:00+05:30,2673.9764631224284,2775.232305928801,2655.27330887195,2699.923095703125
2022-08-10 00:00:00+05:30,2827.8197168060296,2827.8197168060296,2723.6368851342286,2748.839111328125
2022-08-11 00:00:00+05:30,2773.1979475014,2814.8710779079834,2758.3643459595523,2776.52197265625
2022-08-12 00:00:00+05:30,2789.917282170974,2815.615619143933,2764.417340254675,2775.48046875
2022-08-16 00:00:00+05:30,2798.0034278726025,2882.3915667695123,2785.154260902589,2875.446044921875
2022-08-17 00:00:00+05:30,2886.459943072658,2901.3432051443115,2847.664143042978,2869.244873046875
2022-08-18 00:00:00+05:30,2856.544478278881,2912.1583167278854,2851.6330501791967,2868.004638671875
2022-08-19 00:00:00+05:30,2881.3500300596097,2901.9882030046956,2791.604003471651,2865.87158203125
2022-08-22 00:00:00+05:30,2852.625310360324,2894.397763975232,2829.9036265236073,2847.2177734375
2022-08-23 00:00:00+05:30,2822.8584898641766,2888.2455193236756,2822.8584898641766,2845.77880859375
2022-08-24 00:00:00+05:30,2847.6640716844654,3065.8525912911623,2845.7789554321985,3036.6318359375
2022-08-25 00:00:00+05:30,3026.2632359954164,3149.2982003440825,3017.333278905594,3119.928466796875
2022-08-26 00:00:00+05:30,3126.4773879720474,3184.7205076210257,3081.827599822653,3145.974365234375
2022-08-29 00:00:00+05:30,3115.562858545388,3196.87503183542,3061.536665704399,3171.573486328125
2022-08-30 00:00:00+05:30,3176.038575728637,3247.7759498232,3131.3391286584942,3237.357666015625
2022-09-01 00:00:00+05:30,3229.568679291207,3402.6612178579994,3219.547427775606,3377.210693359375
2022-09-02 00:00:00+05:30,3363.6172823652473,3419.479175355303,3333.850757742546,3342.681396484375
2022-09-05 00:00:00+05:30,3323.928431435058,3361.632694239396,3228.3281839809824,3263.6015625
2022-09-06 00:00:00+05:30,3292.0784602802837,3349.726395921504,3280.816936609925,3335.885009765625
2022-09-07 00:00:00+05:30,3324.9208009535223,3353.6951080939734,3239.5900970197704,3284.53759765625
2022-09-08 00:00:00+05:30,3310.6824866968605,3352.702995507798,3286.224421758457,3292.42578125
2022-09-09 00:00:00+05:30,3307.0610484527806,3330.8246099987914,3279.2789574366757,3288.853759765625
2022-09-12 00:00:00+05:30,3304.0845342755215,3323.928885832732,3284.488237112776,3303.687744140625
2022-09-13 00:00:00+05:30,3333.850669981138,3406.927389109934,3315.2465925816896,3332.709716796875
2022-09-14 00:00:00+05:30,3284.140529585261,3329.8321928403147,3245.5433666337303,3263.055908203125
2022-09-15 00:00:00+05:30,3290.887799924994,3320.9023799030706,3241.624296956393,3271.29150390625
2022-09-16 00:00:00+05:30,3278.286625086923,3289.9948400532107,3075.8742547728393,3155.400390625
2022-09-19 00:00:00+05:30,3163.1890378093244,3198.214360107712,3081.8768711857724,3133.22412109375
2022-09-20 00:00:00+05:30,3159.4190290427646,3193.749852677651,3106.732423236208,3126.031005859375
2022-09-21 00:00:00+05:30,3138.0368818266597,3175.096305918553,3100.6799862485864,3105.293701171875
2022-09-22 00:00:00+05:30,3111.891758654659,3194.890654698756,3075.8742153621374,3119.631103515625
2022-09-23 00:00:00+05:30,3147.7106604182914,3147.7106604182914,3086.242835516381,3100.332275390625
2022-09-26 00:00:00+05:30,3099.687339956027,3101.126006822549,2942.966640854191,2978.835205078125
2022-09-27 00:00:00+05:30,2977.644798595154,3026.2634574192666,2944.9016202034045,3009.147705078125
2022-09-28 00:00:00+05:30,3003.4425116025,3045.6117573055412,2968.318107371976,2986.277099609375
2022-09-29 00:00:00+05:30,3026.2634310143017,3026.2634310143017,2949.86268210017,2972.882080078125
2022-09-30 00:00:00+05:30,2991.3868585830724,3130.446036493349,2968.714593086561,3064.3642578125
2022-10-03 00:00:00+05:30,3050.820657995169,3100.7789043767484,2960.231154770253,2971.492919921875
2022-10-04 00:00:00+05:30,3035.6397898919263,3090.7575206096667,3016.34120791441,3056.82373046875
2022-10-06 00:00:00+05:30,3084.5560001393405,3212.105601886344,3056.8235708379143,3164.03271484375
2022-10-07 00:00:00+05:30,3179.0649123246235,3284.1406500773137,3152.969543279082,3270.4482421875
2022-10-10 00:00:00+05:30,3256.4080842976336,3256.4080842976336,3184.075527473624,3205.408203125
2022-10-11 00:00:00+05:30,3213.792667526376,3265.3879804968524,3160.212919441651,3172.169189453125
2022-10-12 00:00:00+05:30,3191.963684730442,3234.4803013315927,3148.3061149050955,3222.226318359375
2022-10-13 00:00:00+05:30,3233.63680703229,3280.965532961415,3212.998634746714,3240.43359375
2022-10-14 00:00:00+05:30,3286.2243817627727,3309.045384413903,3150.2905833625614,3169.4404296875
2022-10-17 00:00:00+05:30,3165.2234379070765,3206.5988586022117,3128.7594453167985,3171.6728515625
2022-10-18 00:00:00+05:30,3204.8626629206838,3248.4209161489653,3160.8083009210527,3186.60595703125
2022-10-19 00:00:00+05:30,3201.886037754455,3223.417110167588,3178.221552261853,3213.09814453125
2022-10-20 00:00:00+05:30,3209.8235225217927,3209.8235225217927,3046.603748347192,3108.4189453125
2022-10-21 00:00:00+05:30,3121.069879105039,3150.63800974978,2996.4969205969996,3017.58154296875
2022-10-24 00:00:00+05:30,3036.1856658713914,3052.954045365091,3023.088442819676,3029.041748046875
2022-10-25 00:00:00+05:30,3051.0190477357364,3062.2311535463737,2997.0921738187726,3031.472412109375
2022-10-27 00:00:00+05:30,3050.0764259623493,3054.0452957423913,2982.75437542215,3015.74560546875
2022-10-28 00:00:00+05:30,3011.3801675991003,3011.3801675991003,2922.08059096519,2939.047607421875
2022-10-31 00:00:00+05:30,2938.9482935012607,3038.0213097445994,2938.551503389602,3026.015380859375
2022-11-01 00:00:00+05:30,3048.5384810897112,3169.3409566291766,3036.18542218287,3127.6181640625
2022-11-02 00:00:00+05:30,3136.3996560002993,3160.2128770518675,3112.5367756234177,3146.173095703125
2022-11-03 00:00:00+05:30,3134.5635028739243,3262.6092068149214,3110.700868192121,3200.149169921875
2022-11-04 00:00:00+05:30,3209.8236457545886,3242.0707148386764,3176.0882504050815,3194.841064453125
2022-11-07 00:00:00+05:30,3214.7847789342572,3257.4501324818416,3183.0338181546595,3236.9609375
2022-11-09 00:00:00+05:30,3266.37959302396,3266.37959302396,3065.9516836099747,3079.743408203125
2022-11-10 00:00:00+05:30,3079.7437171772835,3214.784612132546,3030.7282709132287,3142.25341796875
2022-11-11 00:00:00+05:30,3175.0958545026047,3196.9246385023102,3080.934514963748,3131.28955078125
2022-11-14 00:00:00+05:30,3131.4385985753297,3188.540767222442,2987.6663719818525,3001.656494140625
2022-11-15 00:00:00+05:30,3003.442406890976,3056.029934993131,2990.9403693515815,3004.285888671875
2022-11-16 00:00:00+05:30,3020.2603558924875,3065.952019386808,2988.559055790636,3012.02490234375
2022-11-17 00:00:00+05:30,3006.4189639920332,3110.6017993778955,2990.444165669963,3097.9013671875
2022-11-18 00:00:00+05:30,3100.6798779616556,3133.6711118631674,3038.9143347926592,3068.58154296875
2022-11-21 00:00:00+05:30,3073.889953747152,3095.718739732445,3031.2245993213523,3058.95703125
2022-11-22 00:00:00+05:30,3064.9599692199827,3091.2537339284095,3019.3676218812293,3035.639892578125
2022-11-23 00:00:00+05:30,3047.099884337859,3084.6554128922503,3032.613412218132,3075.1796875
2022-11-24 00:00:00+05:30,3089.7653934301293,3145.3295752002277,3076.9162248439156,3100.630126953125
2022-11-25 00:00:00+05:30,3115.6623677258613,3134.4151821759697,3056.0299971832815,3066.795654296875
2022-11-28 00:00:00+05:30,3075.873972825171,3107.5256113267214,3063.123882202874,3079.197998046875
2022-11-29 00:00:00+05:30,3080.835310012527,3089.2691586872793,2986.5746483535286,2991.734130859375
2022-11-30 00:00:00+05:30,2998.3818858149903,3050.076513072674,2955.8158531045856,2977.346923828125
2022-12-01 00:00:00+05:30,2986.5248484800745,3006.4188566894536,2941.37895475751,2970.55029296875
2022-12-02 00:00:00+05:30,2972.038847937576,2985.582520200769,2899.4579909439317,2954.923095703125
2022-12-05 00:00:00+05:30,2951.8471995292443,2978.5874139474454,2924.065108239557,2952.442626953125
2022-12-06 00:00:00+05:30,2951.797509776691,2971.5922011684274,2913.8451890310994,2921.187744140625
2022-12-07 00:00:00+05:30,2902.236130904204,2971.6913545497746,2898.2672609816,2945.943359375
2022-12-08 00:00:00+05:30,2966.631005050594,2971.145643121731,2937.2615124078557,2965.09326171875
2022-12-09 00:00:00+05:30,2986.57443457615,3012.1736924634906,2917.1192151674027,2953.48388671875
2022-12-12 00:00:00+05:30,2955.766325121652,2976.206102877102,2922.0805888527775,2968.119384765625
2022-12-13 00:00:00+05:30,2958.8422439862393,2992.131189555569,2955.815932163464,2969.855712890625
2022-12-14 00:00:00+05:30,2981.6135716758217,3005.426791549439,2975.0648393143374,2983.30029296875
2022-12-15 00:00:00+05:30,2981.5640121674423,2990.493969918999,2893.306311504346,2907.395751953125
2022-12-16 00:00:00+05:30,2897.2751515159857,2905.1632323331223,2803.0144873399518,2816.409423828125
2022-12-19 00:00:00+05:30,2813.9288266351714,2880.9035078050847,2809.2654528388675,2874.7021484375
2022-12-20 00:00:00+05:30,2870.584497255298,2913.150530384086,2857.884065023488,2902.08740234375
2022-12-21 00:00:00+05:30,2907.1972492973973,2928.2322116633068,2809.166112715973,2818.889892578125
2022-12-22 00:00:00+05:30,2830.2008997180446,2830.2008997180446,2756.5784148788316,2780.987060546875
2022-12-23 00:00:00+05:30,2758.3645460546254,2762.283756583815,2645.4998096827862,2659.886962890625
2022-12-26 00:00:00+05:30,2664.1042261378548,2723.289908418188,2619.4544346383377,2703.445556640625
2022-12-27 00:00:00+05:30,2728.747051692657,2736.089607050866,2687.5206054750174,2721.305419921875
2022-12-28 00:00:00+05:30,2713.764628437723,2741.2490058193707,2686.9250955601688,2703.14794921875
2022-12-29 00:00:00+05:30,2703.7925794236985,2715.699188947766,2658.1009169269705,2663.31005859375
2022-12-30 00:00:00+05:30,2673.529885296674,2706.7195101323478,2655.9676851013505,2662.119384765625
2023-01-02 00:00:00+05:30,2664.104008581521,2691.8860988013657,2641.77911465486,2659.09326171875
2023-01-03 00:00:00+05:30,2672.388690597517,2673.132853608368,2655.173622716935,2668.46923828125
2023-01-04 00:00:00+05:30,2669.065070986424,2714.70707591779,2669.065070986424,2684.146728515625
2023-01-05 00:00:00+05:30,2704.3385026977685,2792.1994123019153,2698.98038276004,2784.162353515625
2023-01-06 00:00:00+05:30,2799.045514590141,2835.7575613961794,2788.428835988946,2821.4697265625
2023-01-09 00:00:00+05:30,2838.783806814675,2859.9180871193516,2808.6202507454664,2839.82568359375
2023-01-10 00:00:00+05:30,2837.7422011000913,2842.703288864252,2779.747133585172,2819.534912109375
2023-01-11 00:00:00+05:30,2825.8354452426547,2886.3607128549443,2803.0144427003156,2877.629150390625
2023-01-12 00:00:00+05:30,2885.3684184070216,2912.1582902422997,2859.471445403348,2891.470458984375
2023-01-13 00:00:00+05:30,2898.8627578308356,2900.3510840874765,2861.5056234447893,2877.381103515625
2023-01-16 00:00:00+05:30,2878.373267832314,2894.0503525606973,2838.932622760132,2850.04541015625
2023-01-17 00:00:00+05:30,2856.2962547993498,2874.3051464194286,2812.936401746124,2852.575439453125
2023-01-18 00:00:00+05:30,2865.5239831884187,2902.236028679406,2854.6095912856927,2897.622314453125
2023-01-19 00:00:00+05:30,2897.969641224387,2955.8159706694973,2887.849071041817,2895.935546875
2023-01-20 00:00:00+05:30,2912.05892193099,2922.9238968935733,2888.4443402121715,2910.91796875
2023-01-23 00:00:00+05:30,2917.11949506447,2929.075764572294,2894.9433367006463,2924.759521484375
2023-01-24 00:00:00+05:30,2934.4335267627025,2934.4335267627025,2897.2750307243064,2922.130126953125
2023-01-25 00:00:00+05:30,2920.0961339736236,2924.0650040164014,2840.1233057154136,2850.98828125
2023-01-27 00:00:00+05:30,2865.4742143725116,2875.2973120539573,2738.520045494185,2781.3837890625
2023-01-30 00:00:00+05:30,2791.1079041939433,2845.6798681934697,2764.4667666906594,2792.943603515625
2023-01-31 00:00:00+05:30,2793.0922824048853,2842.7031577584357,2780.689563566498,2817.401611328125
2023-02-01 00:00:00+05:30,2837.7419194454137,2939.4938678372823,2732.418133562233,2767.393798828125
2023-02-02 00:00:00+05:30,2753.8500732126417,2830.7469311739487,2730.6322800921803,2809.563232421875
2023-02-03 00:00:00+05:30,2822.8591390824936,2826.82800957681,2754.396123055537,2784.013916015625
2023-02-06 00:00:00+05:30,2782.1780371360205,2917.119625242475,2760.448569476889,2909.181884765625
2023-02-07 00:00:00+05:30,2926.9918399826443,3011.3799831818724,2878.42284389147,2999.969482421875
2023-02-08 00:00:00+05:30,3008.353799625841,3065.9520739288378,2985.63211578002,3055.484130859375
2023-02-09 00:00:00+05:30,3059.0063664425024,3115.562760502581,3044.9169272475824,3103.705810546875
2023-02-10 00:00:00+05:30,3110.5520887480698,3146.321576755327,3072.9471437776942,3141.658203125
2023-02-13 00:00:00+05:30,3170.1350060875616,3185.01826902694,2982.159443611336,3055.6826171875
2023-02-14 00:00:00+05:30,3069.9208131684404,3146.3215573875646,2999.1260006873404,3053.350830078125
2023-02-15 00:00:00+05:30,3055.930624389834,3165.1738695745257,3050.523087386801,3125.08837890625
2023-02-16 00:00:00+05:30,3140.7155196713284,3180.056843633147,3110.601623959412,3163.5859375
2023-02-17 00:00:00+05:30,3167.1581175602364,3212.800120507533,3096.9090732714967,3111.74267578125
2023-02-20 00:00:00+05:30,3129.503838048531,3199.8023067062195,3114.570915348736,3149.447265625
2023-02-21 00:00:00+05:30,3170.779594761248,3182.2894140686444,3120.5238778535777,3144.73388671875
2023-02-22 00:00:00+05:30,3145.2797493040607,3164.0822220841637,3104.9462056764337,3148.107666015625
2023-02-23 00:00:00+05:30,3153.267106879812,3155.2515418117696,3097.8022474278487,3113.92578125
2023-02-24 00:00:00+05:30,3129.4539731983014,3149.2983230600535,3107.724506995922,3117.54736328125
2023-02-27 00:00:00+05:30,3125.1873332117643,3154.259353683452,3029.3392704511125,3083.861572265625
2023-02-28 00:00:00+05:30,3099.2904085351074,3221.729940418565,3080.6366727202317,3192.310791015625
2023-03-01 00:00:00+05:30,3206.8468378721764,3293.8642608601317,3181.7436876300712,3285.678466796875
2023-03-02 00:00:00+05:30,3292.177766761877,3313.857816703252,3260.4268057804484,3297.53564453125
2023-03-03 00:00:00+05:30,3309.987667004381,3337.819414194518,3285.281550044061,3302.84375
2023-03-06 00:00:00+05:30,3313.9070397762384,3338.563740866108,3275.6572500007255,3292.6240234375
2023-03-08 00:00:00+05:30,3292.6240873749225,3372.4479361459757,3274.3177230984465,3353.54638671875
2023-03-09 00:00:00+05:30,3367.2884036714945,3407.274816447757,3353.695072682999,3361.6328125
2023-03-10 00:00:00+05:30,3353.5461166861232,3360.2930012949414,3301.107329568167,3351.114990234375
2023-03-13 00:00:00+05:30,3366.593733128633,3374.581131871971,3239.639561666992,3248.96630859375
2023-03-14 00:00:00+05:30,3261.41890378375,3297.039414933095,3208.4840035662864,3285.380859375
2023-03-15 00:00:00+05:30,3317.975127044061,3321.8943374930204,3260.426515390785,3276.550048828125
2023-03-16 00:00:00+05:30,3256.5076050662333,3318.6202773341206,3226.6914197291626,3302.05029296875
2023-03-17 00:00:00+05:30,3321.0017688341277,3337.8198077048514,3261.0222669327377,3286.770263671875
2023-03-20 00:00:00+05:30,3274.3177110276797,3303.0920181851957,3241.0287658507787,3273.1767578125
2023-03-21 00:00:00+05:30,3273.3257434041934,3406.233237644458,3273.3257434041934,3385.793701171875
2023-03-22 00:00:00+05:30,3386.4877543013995,3400.527534066165,3275.3594019316515,3284.140380859375
2023-03-23 00:00:00+05:30,3284.239796669714,3357.6638888006983,3275.657212526315,3334.297119140625
2023-03-24 00:00:00+05:30,3351.0659089430465,3365.601798588468,3304.084312883136,3320.654296875
2023-03-27 00:00:00+05:30,3327.897415264201,3342.6813587637403,3288.0103211680084,3298.726318359375
2023-03-28 00:00:00+05:30,3330.874035455656,3358.656124521119,3277.294292257978,3312.666748046875
2023-03-29 00:00:00+05:30,3313.9072893322927,3389.0677685402966,3307.061085152165,3365.05615234375
2023-03-31 00:00:00+05:30,3364.6093671532963,3393.3836731537226,3324.0277704144473,3338.96044921875
2023-04-03 00:00:00+05:30,3361.6329963065027,3391.3995222478234,3312.0221197376345,3347.493896484375
2023-04-05 00:00:00+05:30,3362.5757378538074,3363.6176147666824,3321.001917918574,3347.890869140625
2023-04-06 00:00:00+05:30,3353.7447528368148,3440.96057272162,3339.8040487484946,3370.662109375
2023-04-10 00:00:00+05:30,3393.2846035163675,3393.2846035163675,3343.475332405229,3371.207763671875
2023-04-11 00:00:00+05:30,3356.6717181765935,3356.6717181765935,3241.673809711712,3251.943115234375
2023-04-12 00:00:00+05:30,3268.265113634893,3275.6076684506793,3171.6728857301546,3178.618408203125
2023-04-13 00:00:00+05:30,3191.7653261788673,3231.305048503484,3148.3061509076283,3204.862548828125
2023-04-17 00:00:00+05:30,3224.7069291781995,3244.5512795116038,3187.9948810614014,3203.870361328125
2023-04-18 00:00:00+05:30,3214.784758263331,3234.480372891526,3177.973391449938,3182.736083984375
2023-04-19 00:00:00+05:30,3187.9946453117764,3217.7611686106725,3161.254433663052,3176.1376953125
2023-04-20 00:00:00+05:30,3187.0024412528724,3206.598735840277,3153.267048039112,3159.51806640625
2023-04-21 00:00:00+05:30,3173.111595715581,3187.5484089284487,3116.703933398317,3128.759521484375
2023-04-24 00:00:00+05:30,3140.0707801306135,3206.8470685899047,3136.0522506714183,3192.360595703125
2023-04-25 00:00:00+05:30,3202.878152162665,3328.889777108346,3185.067896140117,3310.136962890625
2023-04-26 00:00:00+05:30,3318.9675342467526,3380.485019186453,3304.084271761341,3373.688232421875
2023-04-27 00:00:00+05:30,3383.9743489189927,3400.7698954771386,3355.203161791803,3390.53369140625
2023-04-28 00:00:00+05:30,3387.94955272254,3418.012760105895,3365.0915768608156,3396.84423828125
2023-05-02 00:00:00+05:30,3398.881647737017,3442.8584058985266,3369.4643294051307,3420.894775390625
2023-05-03 00:00:00+05:30,3421.73977109767,3458.5112992796667,3386.1110447113424,3432.2744140625
2023-05-04 00:00:00+05:30,3462.486559222961,3640.132791272647,3433.66563206525,3622.84033203125
2023-05-05 00:00:00+05:30,3630.4427565959686,3730.4711466632994,3627.4115417929765,3695.88623046875
2023-05-08 00:00:00+05:30,3705.4268693730305,3794.8213819281204,3697.0290964306005,3779.119140625
2023-05-09 00:00:00+05:30,3791.392868977705,3793.281282173967,3741.8010954733995,3783.541748046875
2023-05-10 00:00:00+05:30,3785.8772022546873,3815.7914345284703,3767.5909176448577,3791.889892578125
2023-05-11 00:00:00+05:30,3791.4427582575527,3846.252115494727,3781.6039868162243,3836.612060546875
2023-05-12 00:00:00+05:30,3827.3693211501723,3931.571976789441,3826.2265193729395,3918.205078125
2023-05-15 00:00:00+05:30,3910.701406028892,3914.6767060604334,3821.2571553192097,3831.642578125
2023-05-16 00:00:00+05:30,3827.2201938665735,3909.4592151707693,3821.85363575312,3886.352783203125
2023-05-17 00:00:00+05:30,3880.3899439340626,3921.683423673498,3853.0597548040364,3894.700927734375
2023-05-18 00:00:00+05:30,3896.291327041323,3910.701791074507,3866.5263136511203,3873.433349609375
2023-05-19 00:00:00+05:30,3866.0790057855374,3900.7634037105236,3821.8537901256345,3870.7001953125
2023-05-22 00:00:00+05:30,3846.1032178314213,3903.59609812795,3785.9767980177776,3869.159912109375
2023-05-23 00:00:00+05:30,3870.898976243043,3943.4482076345075,3848.388935063169,3888.589111328125
2023-05-24 00:00:00+05:30,3887.843577350796,3930.2301184811095,3859.0723908149594,3867.619140625
2023-05-25 00:00:00+05:30,3861.0103539978722,3932.565758241848,3857.9791390414784,3917.608642578125
2023-05-26 00:00:00+05:30,3930.5779571695134,3987.5241793865966,3925.6088320656327,3980.020751953125
2023-05-29 00:00:00+05:30,4001.08997069019,4033.0415921000417,3987.5243556103055,4006.2578125
2023-05-30 00:00:00+05:30,4003.127312159373,4034.8799740656023,3983.3997878106234,4004.717529296875
2023-05-31 00:00:00+05:30,3987.971164523412,4272.453563338396,3964.9144736526155,4100.42236328125
2023-06-01 00:00:00+05:30,4106.037801990162,4114.435817995671,3912.4906109143826,3920.2919921875
2023-06-02 00:00:00+05:30,3952.4423294690005,4003.326124862127,3914.1800640215383,3996.71728515625
2023-06-05 00:00:00+05:30,4010.0840856512873,4043.874137426292,3953.436057675544,4008.096435546875
2023-06-06 00:00:00+05:30,4020.022448074125,4066.682487047406,4008.046807335076,4032.59423828125
2023-06-07 00:00:00+05:30,4043.476718073188,4136.299881208542,4033.8364209278748,4125.46728515625
2023-06-08 00:00:00+05:30,4144.25039272191,4146.188545645103,4059.7752648127107,4086.906494140625
2023-06-09 00:00:00+05:30,4112.348729716794,4138.387141098052,4081.639631587156,4125.56689453125
2023-06-12 00:00:00+05:30,4131.777891335503,4147.927547393898,4071.8499533868426,4125.81494140625
2023-06-13 00:00:00+05:30,4129.989194583998,4303.113721731794,4115.230794742799,4293.12548828125
2023-06-14 00:00:00+05:30,4300.280747933461,4342.369333471772,4262.067982817532,4322.98974609375
2023-06-15 00:00:00+05:30,4313.201061084822,4321.4001184014005,4253.571553327889,4287.013671875
2023-06-16 00:00:00+05:30,4273.44758274937,4323.138833711571,4261.521682518441,4310.11962890625
2023-06-19 00:00:00+05:30,4342.022012456918,4384.060621538116,4285.1255235090675,4300.92724609375
2023-06-20 00:00:00+05:30,4285.1747518880275,4356.929116202011,4285.1747518880275,4348.978515625
2023-06-21 00:00:00+05:30,4366.817491805406,4416.4587587017195,4296.851824570682,4339.4873046875
2023-06-22 00:00:00+05:30,4324.232279023833,4345.996950600413,4234.688544822401,4244.1298828125
2023-06-23 00:00:00+05:30,4253.471493114863,4277.223813409012,4190.5125827162,4213.52001953125
2023-06-26 00:00:00+05:30,4210.837129177269,4273.448113160788,4190.264754619069,4258.888671875
2023-06-27 00:00:00+05:30,4288.603313979454,4320.157257602384,4243.632732910554,4267.9814453125
2023-06-28 00:00:00+05:30,4298.044925477087,4416.558563806041,4274.441580317233,4383.86181640625
2023-06-30 00:00:00+05:30,4393.700338275245,4416.558313344309,4348.2823415315725,4395.68798828125
2023-07-03 00:00:00+05:30,4422.521955360938,4460.983183101677,4361.948117843394,4384.01123046875
2023-07-04 00:00:00+05:30,4384.010609761996,4414.670208614293,4323.138827421862,4333.77294921875
2023-07-05 00:00:00+05:30,4343.015388543685,4401.6015682690495,4333.773009855296,4363.48828125
2023-07-06 00:00:00+05:30,4392.707017816221,4417.801102024334,4356.929313598714,4372.9794921875
2023-07-07 00:00:00+05:30,4372.829999218706,4402.644749213378,4326.120224227051,4372.58154296875
2023-07-10 00:00:00+05:30,4387.588566295133,4399.266010492239,4323.138915524263,4342.66748046875
2023-07-11 00:00:00+05:30,4354.89180275021,4494.822173460117,4353.152608940348,4471.46728515625
2023-07-12 00:00:00+05:30,4489.10781359948,4526.873166027371,4449.851723575753,4500.4873046875
2023-07-13 00:00:00+05:30,4516.686408546279,4529.8545904953935,4367.861106894966,4380.0849609375
2023-07-14 00:00:00+05:30,4398.669590918801,4435.73907049994,4328.455949472612,4356.72998046875
2023-07-17 00:00:00+05:30,4366.76796456217,4429.180471354775,4350.121394309761,4391.66357421875
2023-07-18 00:00:00+05:30,4393.700847350097,4516.935162000948,4393.700847350097,4463.11962890625
2023-07-19 00:00:00+05:30,4467.740579817549,4585.856785848937,4457.305416634792,4465.7529296875
2023-07-20 00:00:00+05:30,4472.212743350827,4477.281348179852,4115.529028495474,4178.04052734375
2023-07-21 00:00:00+05:30,4178.040860885479,4290.988990245096,4173.270694351548,4199.7060546875
2023-07-24 00:00:00+05:30,4223.756427964433,4323.138932151832,4223.756427964433,4295.361328125
2023-07-25 00:00:00+05:30,4308.231920685936,4342.46939037894,4244.77608934532,4306.34375
2023-07-26 00:00:00+05:30,4308.579402437207,4393.154008789145,4304.703581907999,4371.33935546875
2023-07-27 00:00:00+05:30,4374.817858036566,4463.814696912204,4341.027806429741,4372.9296875
2023-07-28 00:00:00+05:30,4397.625971964752,4513.903492842824,4383.016550876197,4488.3125
2023-07-31 00:00:00+05:30,4477.728772728406,4579.546354867916,4477.728772728406,4524.68701171875
2023-08-01 00:00:00+05:30,4550.476367409542,4560.96102739562,4470.224996037809,4491.7412109375
2023-08-02 00:00:00+05:30,4480.163265387506,4528.860692185196,4352.953660691498,4380.78076171875
2023-08-03 00:00:00+05:30,4380.781130266168,4410.595883875057,4298.293645281573,4345.94775390625
2023-08-04 00:00:00+05:30,4284.379268149655,4421.527108327027,4284.379268149655,4410.64453125
2023-08-07 00:00:00+05:30,4432.70794496602,4513.108290208128,4390.321405877142,4498.00244140625
2023-08-08 00:00:00+05:30,4519.866853527045,4519.866853527045,4417.552369996266,4449.0068359375
2023-08-09 00:00:00+05:30,4460.18748133886,4528.86089144873,4388.284139717643,4493.03369140625
2023-08-10 00:00:00+05:30,4491.940169226203,4521.903896896367,4451.441799160592,4477.28125
2023-08-11 00:00:00+05:30,4488.660024543332,4530.848089099936,4459.292690456551,4498.69775390625
2023-08-14 00:00:00+05:30,4472.213146131391,4472.213146131391,4227.931119944732,4327.810546875
2023-08-16 00:00:00+05:30,4327.809735806712,4372.829812267483,4228.824673003075,4273.29833984375
2023-08-17 00:00:00+05:30,4283.237152920156,4315.089052886698,4249.1486612392755,4287.0634765625
2023-08-18 00:00:00+05:30,4288.156048226181,4316.6295235677635,4243.63288095864,4253.07421875
2023-08-21 00:00:00+05:30,4272.255221809111,4304.455543835127,4224.750575290111,4290.5419921875
2023-08-22 00:00:00+05:30,4312.951958019983,4312.951958019983,4259.533865331792,4297.59716796875
2023-08-23 00:00:00+05:30,4317.175998116147,4320.256952810755,4267.285786720228,4276.03173828125
2023-08-24 00:00:00+05:30,4307.237943750525,4362.89214883821,4289.59754838791,4310.169921875
2023-08-25 00:00:00+05:30,4318.627726421071,4323.65272107654,4199.466066271723,4223.646484375
2023-08-28 00:00:00+05:30,4238.971318852862,4288.825278313207,4224.144618663471,4243.15087890625
2023-08-29 00:00:00+05:30,4253.897082090257,4308.67690991724,4223.248598550964,4297.63134765625
2023-08-30 00:00:00+05:30,4313.701748529803,4343.554355786065,4302.258249081569,4324.59814453125
2023-08-31 00:00:00+05:30,4338.579020203459,4368.431628140639,4324.647803166108,4360.02294921875
2023-09-01 00:00:00+05:30,4359.8244331847645,4377.387621189934,4250.01648786138,4270.3662109375
2023-09-04 00:00:00+05:30,4278.87381555561,4306.736249703415,4224.392805927316,4288.1279296875
2023-09-05 00:00:00+05:30,4318.1302599082655,4428.136927887471,4293.899795497185,4418.98193359375
2023-09-06 00:00:00+05:30,4447.938908059088,4517.694598037848,4421.220727191593,4478.189453125
2023-09-07 00:00:00+05:30,4484.807564451472,4484.857124448713,4420.723572724866,4426.744140625
2023-09-08 00:00:00+05:30,4442.963430280775,4492.8173814574575,4413.210428962087,4436.64453125
2023-09-11 00:00:00+05:30,4462.915187790658,4655.016519537962,4438.137135267716,4596.1572265625
2023-09-12 00:00:00+05:30,4619.094321282538,4619.094321282538,4362.461477094352,4380.2734375
2023-09-13 00:00:00+05:30,4397.289644435741,4401.469204370628,4239.070804547693,4319.7724609375
2023-09-14 00:00:00+05:30,4338.628849724344,4365.944182036681,4295.093793778109,4344.7490234375
2023-09-15 00:00:00+05:30,4368.431808144733,4375.297811076744,4319.274608892414,4357.8837890625
2023-09-18 00:00:00+05:30,4355.4953519302835,4364.251922278536,4284.545850465824,4299.07373046875
2023-09-20 00:00:00+05:30,4280.863855354011,4406.14519922569,4264.046983875079,4307.78076171875
2023-09-21 00:00:00+05:30,4323.652704296057,4334.797872248079,4239.070315374271,4255.19091796875
2023-09-22 00:00:00+05:30,4295.790507052148,4295.790507052148,4144.537285585406,4166.42919921875
2023-09-25 00:00:00+05:30,4198.570499021887,4198.9188766578345,4102.743812666649,4156.37890625
2023-09-26 00:00:00+05:30,4139.661518268514,4202.252393277018,4130.9044611552135,4184.5400390625
2023-09-27 00:00:00+05:30,4204.24268397067,4219.417761113997,4148.318598768233,4212.5517578125
2023-09-28 00:00:00+05:30,4229.119793240275,4229.119793240275,4067.617122900772,4081.548583984375
2023-09-29 00:00:00+05:30,4099.75837628866,4127.57125185937,4069.507829135226,4078.115234375
2023-10-03 00:00:00+05:30,4083.7872334624926,4129.5612326094215,4038.2119601737822,4071.845947265625
2023-10-04 00:00:00+05:30,4035.2765762065637,4069.7564850036915,3958.8042893870465,3977.860107421875
2023-10-05 00:00:00+05:30,4012.1907782689036,4086.971469035621,3977.860276817942,4047.81494140625
2023-10-06 00:00:00+05:30,4060.0045343464867,4124.635382769323,4048.013688083379,4112.7939453125
2023-10-09 00:00:00+05:30,4101.847955656487,4101.847955656487,4040.052959760539,4079.55810546875
2023-10-10 00:00:00+05:30,4099.658935577866,4185.186859697357,4067.965559608247,4172.1015625
2023-10-11 00:00:00+05:30,4192.599743395706,4205.535874027452,4149.512671875203,4164.8369140625
2023-10-12 00:00:00+05:30,4181.405207536239,4216.134133152883,4169.514209206504,4195.33642578125
2023-10-13 00:00:00+05:30,4179.365626950464,4214.193673841717,4169.414756410105,4208.42236328125
2023-10-16 00:00:00+05:30,4219.118932356723,4278.276557542016,4205.137669761906,4260.4150390625
2023-10-17 00:00:00+05:30,4266.883413042302,4286.6855467808255,4233.348787441383,4262.5546875
2023-10-18 00:00:00+05:30,4276.883860113486,4318.080364102378,4062.9899613468097,4078.164794921875
2023-10-19 00:00:00+05:30,4078.164669933357,4101.350487494964,4012.439370963166,4074.03515625
2023-10-20 00:00:00+05:30,4069.8558989413264,4073.8860497526885,3981.342961665976,3995.57275390625
2023-10-23 00:00:00+05:30,4001.941216286486,4021.3454121899736,3910.6917897798535,3923.329345703125
2023-10-25 00:00:00+05:30,3929.5983173334935,4000.498261651045,3876.162197362389,3911.189208984375
2023-10-26 00:00:00+05:30,3910.69177175934,3975.7208020870667,3831.084814573399,3938.802978515625
2023-10-27 00:00:00+05:30,3970.3472403088485,4065.42784966955,3949.5500196397375,3988.80615234375
2023-10-30 00:00:00+05:30,4016.7681048930845,4080.8516077010045,3970.944301968197,4050.202880859375
2023-10-31 00:00:00+05:30,4078.8616380337758,4104.733900192565,4009.056381731815,4089.11083984375
2023-11-01 00:00:00+05:30,4099.758289341862,4126.625637354539,4025.0271612116203,4035.07763671875
2023-11-02 00:00:00+05:30,4069.6072812057264,4092.494525292515,4047.5662011919494,4056.919921875
2023-11-03 00:00:00+05:30,4085.329510875169,4159.463489333383,4058.0144224341648,4147.02490234375
2023-11-06 00:00:00+05:30,4174.389912137954,4202.799451275262,4120.953546561711,4183.04736328125
2023-11-07 00:00:00+05:30,4193.296228303283,4212.352045405899,4152.4976650948265,4188.12158203125
2023-11-08 00:00:00+05:30,4218.173710526538,4266.9329725732005,4197.326443931212,4254.5439453125
2023-11-09 00:00:00+05:30,4263.84842810201,4351.466134892167,4195.287027135773,4289.32275390625
2023-11-10 00:00:00+05:30,4306.736081628309,4361.416300862335,4202.2519576516515,4218.4716796875
2023-11-13 00:00:00+05:30,4215.088460450298,4286.68515654339,4181.902215490173,4241.806640625
2023-11-15 00:00:00+05:30,4271.609811824643,4283.799626583193,4231.10957986577,4237.8759765625
2023-11-16 00:00:00+05:30,4263.947886712059,4265.838454876258,4189.365920104967,4211.95458984375
2023-11-17 00:00:00+05:30,4221.158772175517,4276.883640455062,4195.0377401694805,4263.9970703125
2023-11-20 00:00:00+05:30,4294.79537028051,4343.903009515207,4273.8985438727495,4325.64306640625
2023-11-21 00:00:00+05:30,4372.362541172975,4408.135625846822,4313.751530537501,4323.951171875
2023-11-22 00:00:00+05:30,4338.6788185654395,4354.152226679797,4199.565367876818,4213.59619140625
2023-11-23 00:00:00+05:30,4229.1192153301445,4258.9222615652,4199.266609104285,4239.6171875
2023-11-24 00:00:00+05:30,4244.0455744812325,4255.439513694119,4203.247012100522,4241.40869140625
2023-11-28 00:00:00+05:30,4267.927934610188,4267.927934610188,4174.936864647726,4234.34375
2023-11-29 00:00:00+05:30,4242.30459496142,4253.200991815919,4210.859749013296,4223.19873046875
2023-11-30 00:00:00+05:30,4235.090152864981,4443.063330014601,4213.297845354474,4398.03564453125
2023-12-01 00:00:00+05:30,4427.141932944897,4427.141932944897,4354.301372331787,4365.6953125
2023-12-04 00:00:00+05:30,4398.035671076584,4659.992318038722,4397.388961717337,4607.9990234375
2023-12-05 00:00:00+05:30,4639.792648571161,4841.148127304969,4569.091421130751,4822.7890625
2023-12-06 00:00:00+05:30,4831.14735791344,4861.447951246485,4698.5520159068565,4715.1201171875
2023-12-07 00:00:00+05:30,4726.712487643718,4766.715176668536,4676.460597570807,4721.48828125
2023-12-08 00:00:00+05:30,4766.366860125983,4819.5544516829805,4661.435233317287,4723.478515625
2023-12-11 00:00:00+05:30,4754.525902004689,4809.753233013743,4736.663895190263,4763.33251953125
2023-12-12 00:00:00+05:30,4774.526976143562,4796.07051226562,4667.007535519238,4698.10400390625
2023-12-13 00:00:00+05:30,4707.707152146799,4753.829047019016,4652.081398780412,4743.92822265625
2023-12-14 00:00:00+05:30,4777.810274531268,4811.195732464356,4711.438268024047,4768.8544921875
2023-12-15 00:00:00+05:30,4782.437160833294,4905.330391941064,4740.196013815897,4811.3447265625
2023-12-18 00:00:00+05:30,4810.250181117747,4932.645872528066,4758.356495310073,4864.3828125
2023-12-19 00:00:00+05:30,4897.818047722693,4901.400457977537,4776.466997839542,4815.17626953125
2023-12-20 00:00:00+05:30,4830.152184257902,4870.950750297164,4539.73595297026,4591.6796875
2023-12-21 00:00:00+05:30,4576.604139961445,4682.33212944242,4506.848446901535,4661.48486328125
2023-12-22 00:00:00+05:30,4699.796007810859,4741.589662760691,4663.07739385283,4735.619140625
2023-12-26 00:00:00+05:30,4747.90869140625,4800.299927392553,4723.92699633381,4747.90869140625
2023-12-27 00:00:00+05:30,4776.367867238326,4799.204821532902,4700.790817969071,4710.34375
2023-12-28 00:00:00+05:30,4723.379431471275,4741.98726595241,4599.291894149837,4620.13916015625
2023-12-29 00:00:00+05:30,4646.0614560564645,4664.968110086251,4595.9091657012905,4651.8828125
2024-01-01 00:00:00+05:30,4651.882302838986,4691.8349465114,4630.935431113624,4659.1962890625
2024-01-02 00:00:00+05:30,4676.859180245047,4689.844870798536,4577.4000436395645,4678.5009765625
2024-01-03 00:00:00+05:30,4690.83999347261,4806.170476534476,4676.013294742678,4752.08740234375
2024-01-04 00:00:00+05:30,4795.224542438123,4842.093236291388,4746.614446372873,4801.0458984375
2024-01-05 00:00:00+05:30,4832.092547040233,4875.925931726615,4778.407413092083,4808.6083984375
2024-01-08 00:00:00+05:30,4832.142645778598,4832.142645778598,4716.712549627379,4729.59912109375
2024-01-09 00:00:00+05:30,4760.496301917469,4949.214458014131,4756.5159538389435,4896.22607421875
2024-01-10 00:00:00+05:30,4905.72893382915,4933.242989868551,4849.506523098736,4911.45068359375
2024-01-11 00:00:00+05:30,4923.640766356128,4965.533539077,4836.122673013182,4847.91455078125
2024-01-12 00:00:00+05:30,4885.777696869583,4885.777696869583,4748.2069153818,4760.44677734375
2024-01-15 00:00:00+05:30,4785.373305092625,4785.373305092625,4701.7859984534525,4729.548828125
2024-01-16 00:00:00+05:30,4746.564664652205,4818.509255467916,4726.71248601002,4785.67138671875
2024-01-17 00:00:00+05:30,4774.42722332399,4839.804630801626,4708.15433476083,4749.599609375
2024-01-18 00:00:00+05:30,4741.589413563901,4773.830134225734,4642.08071653213,4687.2080078125
2024-01-19 00:00:00+05:30,4715.169959818493,4820.300799070916,4715.169959818493,4796.76708984375
2024-01-23 00:00:00+05:30,4727.608501050526,4872.940754564494,4712.632151045306,4747.11181640625
2024-01-24 00:00:00+05:30,4741.539997363374,4791.244301508723,4591.132208532638,4708.00537109375
2024-01-25 00:00:00+05:30,4744.574816254461,4771.3926052588295,4642.080855248964,4716.015625
2024-01-29 00:00:00+05:30,4727.658206677731,4783.532243011046,4692.233013277794,4768.0087890625
2024-01-30 00:00:00+05:30,4801.294731197804,4836.122775880068,4692.780689190707,4706.5126953125
2024-01-31 00:00:00+05:30,4725.668072651014,4739.350518639422,4608.247808895945,4648.6484375
2024-02-01 00:00:00+05:30,4668.947978746142,4674.918500458094,4318.9757033776605,4523.71484375
2024-02-02 00:00:00+05:30,4523.715310359263,4572.375456036674,4441.073524824972,4458.43798828125
2024-02-05 00:00:00+05:30,4477.891027952597,4516.201873413969,4322.4087005931315,4346.73876953125
2024-02-06 00:00:00+05:30,4356.490988477317,4401.867053921158,4340.6191561010355,4381.3681640625
2024-02-07 00:00:00+05:30,4412.762791434931,4606.555981608046,4412.713231438648,4552.62255859375
2024-02-08 00:00:00+05:30,4587.351141087545,4587.351141087545,4418.285954344104,4428.53515625
2024-02-09 00:00:00+05:30,4442.068396024795,4479.334598762835,4391.020626955667,4467.3935546875
2024-02-12 00:00:00+05:30,4462.865480538312,4529.934245530008,4378.382693470313,4406.64306640625
2024-02-13 00:00:00+05:30,4426.146750228811,4463.3133449594625,4354.301278140612,4442.9140625
2024-02-14 00:00:00+05:30,4420.027201312103,4598.396542558727,4406.095983585728,4536.00439453125
2024-02-15 00:00:00+05:30,4552.523158829737,4565.359684330626,4438.734859858258,4446.64599609375
2024-02-16 00:00:00+05:30,4487.841980629346,4517.39625631811,4447.491400633141,4501.92236328125
2024-02-19 00:00:00+05:30,4517.694495856433,4533.46672029265,4427.290754418181,4466.7958984375
2024-02-20 00:00:00+05:30,4492.5688981355415,4524.660452920385,4439.680122852642,4502.27099609375
2024-02-21 00:00:00+05:30,4617.203760021142,5108.776746540635,4617.203760021142,4960.21044921875
2024-02-22 00:00:00+05:30,5174.452116935484,5423.223853326613,5056.633919757105,5398.3466796875
2024-02-23 00:00:00+05:30,5393.370978576496,5490.989100291392,5294.508998241079,5365.55810546875
2024-02-26 00:00:00+05:30,5332.721007541515,5405.611133224009,5110.816597613923,5270.18017578125
2024-02-27 00:00:00+05:30,5244.1084766449185,5447.8525393760465,5219.728845207005,5423.7216796875
2024-02-28 00:00:00+05:30,5413.273093451359,5524.722833610652,5353.816647250308,5401.92919921875
2024-02-29 00:00:00+05:30,5418.19921875,5458.052259215956,5324.163496143636,5418.19921875
2024-03-01 00:00:00+05:30,5470.988279773762,5497.457690926578,5428.199539135298,5462.87841796875
2024-03-04 00:00:00+05:30,5463.027469576658,5637.167689462982,5461.8832167367245,5603.8818359375
2024-03-05 00:00:00+05:30,5592.38880177639,5667.020324931769,5544.0775234734,5652.93994140625
2024-03-06 00:00:00+05:30,5632.192149504661,5691.897366637219,5560.993872427006,5672.6923828125
2024-03-07 00:00:00+05:30,5669.060329558061,5763.544036736993,5647.118855055669,5742.3984375
2024-03-11 00:00:00+05:30,5772.549070782282,5904.746471873244,5742.398129955609,5812.6513671875
2024-03-12 00:00:00+05:30,5821.258705035087,5826.234139825715,5662.044791734982,5689.9072265625
2024-03-13 00:00:00+05:30,5721.65041558755,5780.808529727567,5545.321297759938,5569.75048828125
2024-03-14 00:00:00+05:30,5587.313793728342,5630.500471537233,5492.880136386138,5597.76220703125
2024-03-15 00:00:00+05:30,5622.24142014036,5761.354385174271,5558.0583101228285,5588.95556640625
2024-03-18 00:00:00+05:30,5617.266126257207,5756.578306536394,5588.955706697543,5738.41796875
2024-03-19 00:00:00+05:30,5759.065502174693,5759.065502174693,5583.930205693873,5600.9462890625
2024-03-20 00:00:00+05:30,5652.093909552367,5741.502569717081,5532.683474843515,5705.5302734375
2024-03-21 00:00:00+05:30,5731.700923670723,5848.126098682784,5721.750054011572,5836.08544921875
2024-03-22 00:00:00+05:30,5846.135609453545,6004.403988493584,5806.381692956349,5938.08154296875
2024-03-26 00:00:00+05:30,5852.1064542585245,5957.187735174095,5846.43426419241,5900.66650390625
2024-03-27 00:00:00+05:30,6079.981434838538,6310.742007832134,6056.099347369451,6248.49951171875
2024-03-28 00:00:00+05:30,6249.145759418059,6440.152885064011,6192.226594135416,6329.5986328125
2024-04-01 00:00:00+05:30,6390.896525147834,6536.029571477904,6365.620927323628,6472.6923828125
2024-04-02 00:00:00+05:30,6512.8444249549275,6512.8444249549275,6341.341083066319,6398.26025390625
2024-04-03 00:00:00+05:30,6426.271654214239,6487.967046373,6400.250227117287,6472.09521484375
2024-04-04 00:00:00+05:30,6560.60857382789,6589.914080254114,6458.164173093104,6469.8564453125
2024-04-05 00:00:00+05:30,6489.061864986118,6650.8631066697735,6482.99173717316,6637.0810546875
2024-04-08 00:00:00+05:30,6637.230146763872,6714.747325214532,6597.924211112122,6666.833984375
2024-04-09 00:00:00+05:30,6685.989400457488,6688.576723774922,6463.736626901775,6497.71875
2024-04-10 00:00:00+05:30,6546.329046264882,6633.249993567073,6527.7707707470745,6608.919921875
2024-04-12 00:00:00+05:30,6617.328067405725,6739.823365348746,6609.367371986289,6719.7724609375
2024-04-15 00:00:00+05:30,6627.2789879906495,6695.989546508717,6514.883724314377,6528.81494140625
2024-04-16 00:00:00+05:30,6537.423408964991,6633.250094921224,6492.942824686617,6612.2041015625
2024-04-18 00:00:00+05:30,6610.81030723676,6611.357410682746,6278.998383715853,6338.2060546875
2024-04-19 00:00:00+05:30,6338.2066636430045,6338.2066636430045,6214.318331807923,6261.6845703125
2024-04-22 00:00:00+05:30,6343.679824487231,6511.949138655195,6277.008993390659,6493.2412109375
2024-04-23 00:00:00+05:30,6537.5221004314735,6537.5221004314735,6264.470336411423,6276.46142578125
2024-04-24 00:00:00+05:30,6335.5195717837705,6350.147544700842,6269.097516058818,6312.6826171875
2024-04-25 00:00:00+05:30,6342.684361563004,6429.456139902168,6314.324382851904,6400.10107421875
2024-04-26 00:00:00+05:30,6438.212802094236,6458.06498182611,6346.465587594001,6378.95556640625
2024-04-29 00:00:00+05:30,6428.85862239133,6432.192260734159,6318.0060371994405,6420.201171875
2024-04-30 00:00:00+05:30,6468.065439504262,6609.865335678009,6422.291437932386,6508.615234375
2024-05-02 00:00:00+05:30,6552.6479618230915,6714.797584479603,6512.844481417181,6649.6689453125
2024-05-03 00:00:00+05:30,6700.74932150243,6780.790514067367,6629.096638235223,6689.46435546875
2024-05-06 00:00:00+05:30,6700.899334219184,7018.468035900511,6700.899334219184,6930.93701171875
2024-05-07 00:00:00+05:30,6967.537126868132,7030.451680256793,6817.2909864661815,6879.107421875
2024-05-08 00:00:00+05:30,6896.233869308679,7208.210056293918,6793.573006802817,7177.00244140625
2024-05-09 00:00:00+05:30,7195.227621433317,7195.227621433317,6951.608303797432,6975.6259765625
2024-05-10 00:00:00+05:30,7030.451801379488,7200.221234083254,7020.465364161619,7168.6142578125
2024-05-13 00:00:00+05:30,7539.759875154601,8177.843457252533,7389.963321343583,7973.4208984375
2024-05-14 00:00:00+05:30,8024.102225004972,8108.886978620303,7905.163661395534,8069.89013671875
2024-05-15 00:00:00+05:30,8069.0409881324995,8113.979954031753,7954.396887952668,8073.3349609375
2024-05-16 00:00:00+05:30,8073.334705817532,8366.287407181713,8016.711903145166,8293.8857421875
2024-05-17 00:00:00+05:30,8288.742282958687,8378.719685597798,8223.830445802987,8359.9951171875
2024-05-21 00:00:00+05:30,8338.67461390924,8588.13560671249,8338.67461390924,8537.7041015625
2024-05-22 00:00:00+05:30,8543.396538897847,8578.349067110754,8373.177531453395,8401.7890625
2024-05-23 00:00:00+05:30,8448.525758154541,8478.485069353672,8345.215871655277,8412.125
2024-05-24 00:00:00+05:30,8466.301544553595,8497.20976277238,8364.439884991052,8410.77734375
2024-05-27 00:00:00+05:30,8448.476021852763,8458.512196057865,8249.89513562542,8386.958984375
2024-05-28 00:00:00+05:30,8353.754337526694,8363.34190254843,8166.059539656082,8222.4833984375
2024-05-29 00:00:00+05:30,8121.969006421595,8237.26261371453,8113.930119887767,8187.22998046875
2024-05-30 00:00:00+05:30,8131.256759068675,8280.404787329197,8098.151816489687,8253.44140625
2024-05-31 00:00:00+05:30,8316.705119916089,8339.673926083004,8155.82351484924,8306.6689453125
2024-06-03 00:00:00+05:30,8488.97067034168,8753.111925833166,8383.86342217352,8716.162109375
2024-06-04 00:00:00+05:30,8738.13234706688,8738.13234706688,6972.9296510658905,7656.3515625
2024-06-05 00:00:00+05:30,7839.353219698744,7889.2356686729645,7228.3329607134565,7802.10400390625
2024-06-06 00:00:00+05:30,7790.469192157142,8133.653487612884,7790.469192157142,7976.66650390625
2024-06-07 00:00:00+05:30,8039.032089685295,8090.21257957656,7909.258145147555,8062.30029296875
2024-06-10 00:00:00+05:30,8166.957766354086,8188.8781902157325,7983.456989835532,8051.015625
2024-06-11 00:00:00+05:30,8133.953032473712,8323.096541580639,8061.152003408521,8084.2705078125
2024-06-12 00:00:00+05:30,8109.136616562144,8313.708877885936,8108.986917529585,8269.7685546875
2024-06-13 00:00:00+05:30,8338.674962580864,8478.385607438346,8293.785732854461,8435.1435546875
2024-06-14 00:00:00+05:30,8495.113223929098,9132.597069987702,8441.585333925552,9007.7666015625
2024-06-18 00:00:00+05:30,9137.54006101723,9137.54006101723,8789.162623296721,8854.9736328125
2024-06-19 00:00:00+05:30,8891.923855556532,8901.660632015615,8509.443303368958,8532.412109375
2024-06-20 00:00:00+05:30,8588.33563980324,8653.84627505353,8374.2260449204,8527.7177734375
2024-06-21 00:00:00+05:30,8578.348900928335,8628.780404944271,8343.667644616558,8388.0078125
2024-06-24 00:00:00+05:30,8377.671776882387,8553.73246699476,8239.559547553219,8453.818359375
2024-06-25 00:00:00+05:30,8483.428360561365,8586.188210527836,8373.677029567176,8388.2578125
2024-06-26 00:00:00+05:30,8414.57146468379,8423.559257608327,8224.529771560323,8379.46875
2024-06-27 00:00:00+05:30,8369.133442717193,8679.062121764331,8316.255064292487,8631.3271484375
2024-06-28 00:00:00+05:30,8708.172660023678,8708.322846666906,8425.556506034378,8479.3837890625
2024-07-01 00:00:00+05:30,8479.38381679295,8634.12287124519,8449.873116540066,8575.7529296875
2024-07-02 00:00:00+05:30,8578.299603652775,8658.240836396824,8402.63778759193,8502.65234375
2024-07-03 00:00:00+05:30,8524.422536890297,8630.978013649023,8518.430674750965,8606.1611328125
2024-07-04 00:00:00+05:30,8668.227266417098,8796.75290491952,8568.513083637665,8703.978515625
2024-07-05 00:00:00+05:30,8704.129140064464,8704.129140064464,8592.780362550897,8667.62890625
2024-07-08 00:00:00+05:30,8688.200131454965,8688.200131454965,8480.482243254663,8547.9404296875
2024-07-09 00:00:00+05:30,8603.315104015102,8703.129732567777,8555.530395128608,8579.34765625
2024-07-10 00:00:00+05:30,8613.251925850194,8613.251925850194,8370.231403352325,8531.2626953125
2024-07-11 00:00:00+05:30,8573.405737367833,8578.34921863571,8415.570298654615,8446.478515625
2024-07-12 00:00:00+05:30,8388.607506395225,8488.471881471358,8179.890962486105,8198.1162109375
2024-07-15 00:00:00+05:30,8199.163805923867,8253.78980890212,8103.743599732424,8239.958984375
2024-07-16 00:00:00+05:30,8277.758061418466,8288.693405551914,8173.8493740567865,8221.134765625
2024-07-18 00:00:00+05:30,8223.531380470873,8238.710959590559,7702.888395711302,7882.4443359375
2024-07-19 00:00:00+05:30,7889.284967357785,7898.972005972891,7589.6918673315395,7610.1640625
2024-07-22 00:00:00+05:30,7514.94372774125,7749.32560498651,7414.929656231837,7706.48388671875
2024-07-23 00:00:00+05:30,7756.416001793764,7801.454443271348,7043.634049796509,7492.87353515625
2024-07-24 00:00:00+05:30,7539.709974566145,7627.590617563467,7424.915689603301,7512.39697265625
2024-07-25 00:00:00+05:30,7439.895396573052,7755.466798629036,7399.999386613634,7613.45947265625
2024-07-26 00:00:00+05:30,7688.508317908215,7859.3261323833785,7638.975491519583,7840.6015625
2024-07-29 00:00:00+05:30,7888.286698369261,7983.657173074193,7801.454432373033,7963.484375
2024-07-30 00:00:00+05:30,7979.163048811751,8038.083026268559,7819.380059098374,7832.81201171875
2024-07-31 00:00:00+05:30,7787.623544349563,7937.220176483293,7779.434470911531,7886.1396484375
2024-08-01 00:00:00+05:30,7886.139694935905,7937.22022328288,7724.509112618656,7759.26171875
2024-08-02 00:00:00+05:30,7684.612835319162,7769.398073632116,7537.312892891355,7568.5205078125
2024-08-05 00:00:00+05:30,7392.060384013689,7587.59461893796,7226.984293309775,7455.57421875
2024-08-06 00:00:00+05:30,7436.649726215346,7639.624051505341,7417.925157461656,7455.57421875
2024-08-07 00:00:00+05:30,7545.751623142462,7904.264703172656,7460.217889734264,7859.72509765625
2024-08-08 00:00:00+05:30,7870.311166967809,8142.940902862012,7765.45357623927,7931.52783203125
2024-08-09 00:00:00+05:30,8138.946215687142,8252.541937409156,7910.256806681946,7961.28759765625
2024-08-12 00:00:00+05:30,7979.113442714922,7979.113442714922,7620.500391763713,7664.291015625
2024-08-13 00:00:00+05:30,7778.186223486013,7778.186223486013,7514.793944051645,7534.56689453125
2024-08-14 00:00:00+05:30,7589.691880404129,7804.400269126088,7440.893973801469,7746.42919921875
2024-08-16 00:00:00+05:30,7830.365232230462,7914.251302821887,7713.873542438908,7900.47021484375
2024-08-19 00:00:00+05:30,7944.160824396466,7973.570588523646,7798.358845517285,7811.990234375
2024-08-20 00:00:00+05:30,7858.277617954151,7870.311079613739,7725.058156926269,7790.169921875
2024-08-21 00:00:00+05:30,7814.386811613445,7919.244398222955,7755.2669105917275,7910.8056640625
2024-08-22 00:00:00+05:30,7939.217163286254,7939.217163286254,7819.979206810504,7848.8896484375
2024-08-23 00:00:00+05:30,7859.7998046875,7914.60009765625,7768.89990234375,7795.75
2024-08-26 00:00:00+05:30,7820.0,7832.60009765625,7700.0,7790.39990234375
2024-08-27 00:00:00+05:30,7828.7001953125,8024.25,7828.7001953125,7906.9501953125
2024-08-28 00:00:00+05:30,7929.9501953125,7955.9501953125,7845.0498046875,7938.39990234375
2024-08-29 00:00:00+05:30,7953.5,8014.4501953125,7789.2998046875,7876.5
2024-08-30 00:00:00+05:30,7931.64990234375,7960.0,7843.2998046875,7936.0498046875
2024-09-02 00:00:00+05:30,7945.0,7947.35009765625,7636.64990234375,7699.25
2024-09-03 00:00:00+05:30,7748.64990234375,7828.7998046875,7680.7001953125,7767.89990234375
2024-09-04 00:00:00+05:30,7754.89990234375,7765.0,7575.0,7639.0498046875
2024-09-05 00:00:00+05:30,7655.0,7678.0,7611.39990234375,7650.10009765625
2024-09-06 00:00:00+05:30,7650.0,7650.0,7500.0498046875,7516.39990234375
2024-09-09 00:00:00+05:30,7500.0,7630.0,7431.5498046875,7600.89990234375
2024-09-10 00:00:00+05:30,7600.89990234375,7640.85009765625,7510.0,7535.7001953125
2024-09-11 00:00:00+05:30,7559.89990234375,7654.89990234375,7532.5498046875,7568.9501953125
2024-09-12 00:00:00+05:30,7622.10009765625,7756.0,7615.0498046875,7720.2001953125
2024-09-13 00:00:00+05:30,7774.25,7869.89990234375,7652.2998046875,7684.39990234375
2024-09-16 00:00:00+05:30,7730.0,7897.0,7699.10009765625,7765.2001953125
2024-09-17 00:00:00+05:30,7819.5,7883.64990234375,7762.5498046875,7873.64990234375
2024-09-18 00:00:00+05:30,7873.64990234375,7917.5,7760.0,7785.25
2024-09-19 00:00:00+05:30,7830.0,7832.85009765625,7350.0498046875,7502.7001953125
2024-09-20 00:00:00+05:30,7560.0,7769.7998046875,7516.60009765625,7695.75
2024-09-23 00:00:00+05:30,7750.0,7959.0,7750.0,7939.64990234375
2024-09-24 00:00:00+05:30,7870.0,8100.0,7870.0,8078.2001953125
2024-09-25 00:00:00+05:30,8099.0,8194.599609375,7992.4501953125,8178.35009765625
2024-09-26 00:00:00+05:30,8214.0,8214.0,7962.5498046875,8070.39990234375
2024-09-27 00:00:00+05:30,8090.0,8187.25,8065.0,8133.4501953125
2024-09-30 00:00:00+05:30,7975.0,8196.0,7975.0,8055.0
2024-10-01 00:00:00+05:30,8100.0,8303.25,8085.0498046875,8268.099609375
2024-10-03 00:00:00+05:30,8201.0,8260.0,8045.7998046875,8110.2998046875
2024-10-04 00:00:00+05:30,8090.0498046875,8104.2001953125,7880.0,7930.39990234375
2024-10-07 00:00:00+05:30,7903.0,8060.0,7672.14990234375,7758.2998046875
2024-10-08 00:00:00+05:30,7769.9501953125,8177.0,7745.0498046875,8154.64990234375
2024-10-09 00:00:00+05:30,8152.75,8579.7998046875,8080.7998046875,8458.0498046875
2024-10-10 00:00:00+05:30,8499.0,8619.7001953125,8444.0,8510.2998046875
2024-10-11 00:00:00+05:30,8505.349609375,8608.0,8421.349609375,8553.7001953125
2024-10-14 00:00:00+05:30,8592.599609375,8689.0,8539.25,8570.5
2024-10-15 00:00:00+05:30,8620.0,8678.0,8545.0,8648.2998046875
2024-10-16 00:00:00+05:30,8680.0,8940.599609375,8617.5,8769.349609375
2024-10-17 00:00:00+05:30,8775.0,8815.0,8420.0498046875,8690.7001953125
2024-10-18 00:00:00+05:30,8669.0498046875,8850.0,8560.0498046875,8783.0
2024-10-21 00:00:00+05:30,8830.099609375,8871.2998046875,8260.0,8279.7001953125
2024-10-22 00:00:00+05:30,8271.25,8378.0,8155.0498046875,8177.5498046875
2024-10-23 00:00:00+05:30,8150.0498046875,8199.900390625,7620.25,7703.7998046875
2024-10-24 00:00:00+05:30,7775.0,7905.0,7581.25,7648.10009765625
2024-10-25 00:00:00+05:30,7716.7001953125,7737.35009765625,7415.10009765625,7521.64990234375
2024-10-28 00:00:00+05:30,7520.0,7587.7001953125,7317.0,7338.9501953125
2024-10-29 00:00:00+05:30,7339.5,7507.9501953125,7200.0498046875,7492.5
2024-10-30 00:00:00+05:30,7503.4501953125,7531.2998046875,7390.0,7426.89990234375
2024-10-31 00:00:00+05:30,7460.0,7479.85009765625,7318.0498046875,7429.4501953125
2024-11-01 00:00:00+05:30,7474.0,7500.0,7384.0,7430.39990234375
2024-11-04 00:00:00+05:30,7444.0,7452.0,7261.0,7360.85009765625
2024-11-05 00:00:00+05:30,7400.9501953125,7438.5,6935.0,7132.85009765625
2024-11-06 00:00:00+05:30,7150.0,7197.9501953125,7037.10009765625,7164.0498046875
2024-11-07 00:00:00+05:30,7190.0,7240.5498046875,6975.10009765625,6999.75
2024-11-08 00:00:00+05:30,7030.0498046875,7118.89990234375,6949.0,7045.4501953125
2024-11-11 00:00:00+05:30,7040.0,7268.14990234375,6995.35009765625,7237.7998046875
2024-11-12 00:00:00+05:30,7296.0498046875,7308.75,6935.25,6964.25
2024-11-13 00:00:00+05:30,6940.0,6999.0,6782.0,6802.0
2024-11-14 00:00:00+05:30,6808.0,6834.14990234375,6629.85009765625,6680.14990234375
2024-11-18 00:00:00+05:30,6700.35009765625,6745.4501953125,6605.0,6625.89990234375
2024-11-19 00:00:00+05:30,6672.25,6788.39990234375,6626.2998046875,6701.60009765625
2024-11-21 00:00:00+05:30,6701.60009765625,6830.0,6615.5,6760.7998046875
2024-11-22 00:00:00+05:30,6774.9501953125,6939.0,6761.10009765625,6904.64990234375
2024-11-25 00:00:00+05:30,7090.0,7299.9501953125,7051.0,7259.85009765625
2024-11-26 00:00:00+05:30,7300.0,7390.0,7250.4501953125,7329.7001953125
2024-11-27 00:00:00+05:30,7329.7001953125,7540.10009765625,7316.5,7496.2001953125
2024-11-28 00:00:00+05:30,7520.0,7520.0,7340.7001953125,7394.85009765625
2024-11-29 00:00:00+05:30,7435.0,7471.9501953125,7375.0,7421.25
2024-12-02 00:00:00+05:30,7378.0,7508.9501953125,7340.0498046875,7490.75
2024-12-03 00:00:00+05:30,7533.0,7635.0,7480.0498046875,7537.5498046875
2024-12-04 00:00:00+05:30,7575.0,7722.5,7575.0,7664.2001953125
2024-12-05 00:00:00+05:30,7650.0,7682.0,7420.0,7488.39990234375
2024-12-06 00:00:00+05:30,7540.0,7574.0,7490.0,7552.39990234375
2024-12-09 00:00:00+05:30,7575.9501953125,7640.0,7532.5498046875,7569.75
2024-12-10 00:00:00+05:30,7636.0,7710.0,7570.2001953125,7693.25
2024-12-11 00:00:00+05:30,7703.0,7787.0,7650.0,7728.75
2024-12-12 00:00:00+05:30,7744.0,7755.0,7634.25,7657.0498046875
2024-12-13 00:00:00+05:30,7615.0,7718.60009765625,7561.35009765625,7703.25
2024-12-16 00:00:00+05:30,7703.25,7943.75,7689.2998046875,7890.35009765625
2024-12-17 00:00:00+05:30,7890.35009765625,7960.0,7781.0,7817.4501953125
2024-12-18 00:00:00+05:30,7812.0498046875,7814.75,7620.5,7657.14990234375
2024-12-19 00:00:00+05:30,7620.0,7620.0,7335.10009765625,7351.89990234375
2024-12-20 00:00:00+05:30,7359.7998046875,7407.4501953125,6886.0,6921.25
2024-12-23 00:00:00+05:30,6966.0,7056.0,6893.0,6959.2001953125
2024-12-24 00:00:00+05:30,7007.89990234375,7015.9501953125,6841.85009765625,6878.2001953125
2024-12-26 00:00:00+05:30,6880.0,6955.4501953125,6843.0498046875,6945.2998046875
2024-12-27 00:00:00+05:30,6968.7998046875,7006.9501953125,6822.0498046875,6846.89990234375
2024-12-30 00:00:00+05:30,6812.0,6885.35009765625,6668.10009765625,6701.9501953125
2024-12-31 00:00:00+05:30,6701.9501953125,6948.39990234375,6701.9501953125,6912.25
2025-01-01 00:00:00+05:30,6912.0,6947.7001953125,6846.25,6928.4501953125
2025-01-02 00:00:00+05:30,6910.5,6937.89990234375,6795.0,6891.7001953125
2025-01-03 00:00:00+05:30,6900.0,6931.89990234375,6767.0,6800.14990234375
2025-01-06 00:00:00+05:30,6800.0498046875,6826.9501953125,6573.7998046875,6620.2998046875
2025-01-07 00:00:00+05:30,6627.64990234375,6741.89990234375,6627.64990234375,6706.2001953125
2025-01-08 00:00:00+05:30,6699.9501953125,6717.9501953125,6567.4501953125,6657.0
2025-01-09 00:00:00+05:30,6638.0,6692.0,6457.5,6482.4501953125
2025-01-10 00:00:00+05:30,6480.0,6545.9501953125,6363.0,6415.64990234375
2025-01-13 00:00:00+05:30,6352.0,6383.89990234375,6080.0,6109.25
2025-01-14 00:00:00+05:30,6134.9501953125,6255.39990234375,6061.0498046875,6146.60009765625
2025-01-15 00:00:00+05:30,6190.4501953125,6229.9501953125,6106.7001953125,6193.75
2025-01-16 00:00:00+05:30,6238.10009765625,6353.0498046875,6220.2001953125,6308.25
2025-01-17 00:00:00+05:30,6300.0,6553.7001953125,6251.64990234375,6527.5
2025-01-20 00:00:00+05:30,6547.5498046875,6579.64990234375,6455.0498046875,6525.25
2025-01-21 00:00:00+05:30,6525.25,6542.2001953125,6263.39990234375,6281.2001953125
2025-01-22 00:00:00+05:30,6323.64990234375,6340.0,6114.0,6279.64990234375
2025-01-23 00:00:00+05:30,6279.64990234375,6488.9501953125,6260.2001953125,6330.25
2025-01-24 00:00:00+05:30,6360.0,6379.89990234375,6152.2998046875,6178.89990234375
2025-01-27 00:00:00+05:30,6100.0,6177.7998046875,6009.0,6083.2998046875
2025-01-28 00:00:00+05:30,6100.0,6184.75,5909.39990234375,5998.9501953125
2025-01-29 00:00:00+05:30,6015.0,6139.2001953125,6015.0,6110.85009765625
2025-01-30 00:00:00+05:30,6125.0,6133.9501953125,5678.0,5719.35009765625
2025-01-31 00:00:00+05:30,5740.0,5947.85009765625,5710.10009765625,5874.64990234375
2025-02-01 00:00:00+05:30,5920.0,5943.39990234375,5405.0,5499.5
2025-02-03 00:00:00+05:30,5480.10009765625,5499.0,5105.5,5197.35009765625
2025-02-04 00:00:00+05:30,5271.35009765625,5650.0,5265.0,5629.5498046875
2025-02-05 00:00:00+05:30,5676.0,5805.5498046875,5640.0498046875,5744.9501953125
2025-02-06 00:00:00+05:30,5794.9501953125,5874.35009765625,5642.25,5681.39990234375
2025-02-07 00:00:00+05:30,5712.7998046875,5758.85009765625,5601.0498046875,5685.75
2025-02-10 00:00:00+05:30,5674.9501953125,5724.2998046875,5558.5,5580.5
2025-02-11 00:00:00+05:30,5596.0,5596.0,5408.64990234375,5436.85009765625
2025-02-12 00:00:00+05:30,5423.0,5510.0,5226.2998046875,5449.5498046875
2025-02-13 00:00:00+05:30,5450.10009765625,5569.0,5403.89990234375,5442.75
2025-02-14 00:00:00+05:30,5455.0,5495.9501953125,5223.0,5263.75
2025-02-17 00:00:00+05:30,5263.0,5275.9501953125,5142.0,5241.89990234375
2025-02-18 00:00:00+05:30,5440.0,5515.0,5093.0,5142.0498046875
2025-02-19 00:00:00+05:30,5089.9501953125,5193.9501953125,5019.75,5123.85009765625
2025-02-20 00:00:00+05:30,5100.0,5356.0,5072.0,5344.64990234375
2025-02-21 00:00:00+05:30,5327.0,5365.9501953125,5185.0498046875,5291.39990234375
2025-02-24 00:00:00+05:30,5248.2001953125,5409.0,5194.89990234375,5389.9501953125
2025-02-25 00:00:00+05:30,5389.0,5391.89990234375,5241.4501953125,5301.7998046875
2025-02-27 00:00:00+05:30,5301.7998046875,5317.7001953125,5105.2001953125,5144.7001953125
2025-02-28 00:00:00+05:30,5110.0,5119.0,4918.0,4935.39990234375
2025-03-03 00:00:00+05:30,4954.7998046875,5145.0,4890.0,5088.2998046875
2025-03-04 00:00:00+05:30,5000.0,5212.0,5000.0,5191.39990234375
2025-03-05 00:00:00+05:30,5100.0,5356.0,5100.0,5312.2998046875
2025-03-06 00:00:00+05:30,5342.0,5432.0,5283.60009765625,5370.0
2025-03-07 00:00:00+05:30,5370.0,5370.0498046875,5280.0,5326.5498046875
2025-03-10 00:00:00+05:30,5328.0,5410.75,5139.64990234375,5160.2998046875
2025-03-11 00:00:00+05:30,5100.0,5182.0,5080.0,5129.2998046875
2025-03-12 00:00:00+05:30,5154.35009765625,5178.60009765625,5035.0,5139.7001953125
2025-03-13 00:00:00+05:30,5152.0,5304.7001953125,5111.0,5118.5498046875
2025-03-17 00:00:00+05:30,5160.0,5218.4501953125,5101.0,5187.64990234375
2025-03-18 00:00:00+05:30,5187.64990234375,5187.64990234375,5187.64990234375,5187.64990234375
2025-03-19 00:00:00+05:30,5432.60009765625,5512.7998046875,5346.75,5475.60009765625
2025-03-20 00:00:00+05:30,5500.0,5505.60009765625,5340.64990234375,5460.7001953125
2025-03-21 00:00:00+05:30,5469.9501953125,5572.64990234375,5433.39990234375,5457.5
2025-03-24 00:00:00+05:30,5471.14990234375,5598.0,5471.14990234375,5532.2001953125
2025-03-25 00:00:00+05:30,5593.0,5594.9501953125,5397.5,5414.14990234375
2025-03-26 00:00:00+05:30,5454.2001953125,5622.85009765625,5407.5498046875,5523.7001953125
2025-03-27 00:00:00+05:30,5485.0,5578.4501953125,5445.0498046875,5540.35009765625
2025-03-28 00:00:00+05:30,5559.9501953125,5625.0,5503.75,5546.25
2025-04-01 00:00:00+05:30,5539.5,5548.0,5373.0,5399.14990234375
