Date,Open,High,Low,Close
2020-04-01 00:00:00+05:30,248.6976410077519,253.67159382790695,239.65409042565184,241.14627075195312
2020-04-03 00:00:00+05:30,245.91669349537017,245.91669349537017,236.46620141292124,239.4505615234375
2020-04-07 00:00:00+05:30,248.4941682612208,248.4941682612208,237.3932148758208,241.7793426513672
2020-04-08 00:00:00+05:30,242.36714099702382,281.25440615699404,239.6540759858631,246.888916015625
2020-04-09 00:00:00+05:30,249.3758418426305,256.3845917040281,247.11495479056674,247.90626525878906
2020-04-13 00:00:00+05:30,264.63686408798816,269.0455944166646,253.21938298039018,254.71156311035156
2020-04-15 00:00:00+05:30,260.27335225312845,260.27335225312845,249.44372344458452,251.2071990966797
2020-04-16 00:00:00+05:30,248.69765444650517,259.5499157314436,247.34112178588788,254.3272705078125
2020-04-17 00:00:00+05:30,259.05247805700765,263.1672819064339,251.72719768007386,253.12893676757812
2020-04-20 00:00:00+05:30,254.57591544632362,258.50986495253886,254.12373797661434,255.4802703857422
2020-04-21 00:00:00+05:30,254.07854485004108,254.07854485004108,242.38974007403723,247.13760375976562
2020-04-22 00:00:00+05:30,244.67323521702065,247.2506524973682,241.96017020585992,244.51498413085938
2020-04-23 00:00:00+05:30,247.5219287389749,250.3480375910425,244.67318893711538,245.82626342773438
2020-04-24 00:00:00+05:30,244.17580094614797,249.60192985606238,239.65402685455265,241.01055908203125
2020-04-27 00:00:00+05:30,244.04019511123735,244.04019511123735,237.50622490815547,238.8175506591797
2020-04-28 00:00:00+05:30,240.96540699874433,240.98801035458192,234.47664314730568,234.9966583251953
2020-04-29 00:00:00+05:30,236.98618365889394,239.65404157630707,232.2157172189587,237.86793518066406
2020-04-30 00:00:00+05:30,240.60362817067883,241.0105989457238,237.84535655806891,238.36537170410156
2020-05-04 00:00:00+05:30,235.13228095376235,235.13228095376235,227.8974415398004,230.5200653076172
2020-05-05 00:00:00+05:30,231.67310321734553,234.68009427012163,226.76698897199614,227.80699157714844
2020-05-06 00:00:00+05:30,228.96005168468645,231.04007068837043,226.08872215346534,228.349609375
2020-05-07 00:00:00+05:30,226.08874169498884,240.0158026636555,226.08874169498884,231.31138610839844
2020-05-08 00:00:00+05:30,232.4870378900917,234.63488069382674,226.08871618263504,226.9252471923828
2020-05-11 00:00:00+05:30,226.99309271776997,229.7287609250025,223.87307089646174,224.5965576171875
2020-05-12 00:00:00+05:30,224.28003434742945,226.04352379311146,221.13739528188907,223.1043701171875
2020-05-13 00:00:00+05:30,229.57049480206854,236.82793728898437,226.0887229489111,228.96005249023438
2020-05-14 00:00:00+05:30,227.44526582672768,230.38441936126787,224.2800235587613,225.22959899902344
2020-05-15 00:00:00+05:30,230.6104834390646,238.74967697220808,228.34959634652478,236.53399658203125
2020-05-18 00:00:00+05:30,249.14977500601992,257.28896910785,242.36711325449488,247.56715393066406
2020-05-19 00:00:00+05:30,249.12718575833802,252.74460556396238,235.13228736558415,238.6140594482422
2020-05-20 00:00:00+05:30,235.58446633667455,241.55321457358633,230.67833793428224,239.9027557373047
2020-05-21 00:00:00+05:30,244.42451592187308,246.32366673817603,239.65404932764258,241.66624450683594
2020-05-22 00:00:00+05:30,241.46276204883634,247.20542127273842,239.6992589269685,241.80189514160156
2020-05-26 00:00:00+05:30,244.17584952184336,244.17584952184336,239.42798578114085,240.15145874023438
2020-05-27 00:00:00+05:30,241.9149003278888,242.34447436223317,236.3305206775637,239.31488037109375
2020-05-28 00:00:00+05:30,240.33233597989306,262.3759886215107,240.33233597989306,251.2071990966797
2020-05-29 00:00:00+05:30,251.11669061598568,253.55845944594589,247.7931979962164,251.47845458984375
2020-06-01 00:00:00+05:30,253.21934156029315,260.00200249494384,252.31498676900637,253.62631225585938
2020-06-02 00:00:00+05:30,251.0263611912196,259.052512168781,251.0263611912196,255.57073974609375
2020-06-03 00:00:00+05:30,257.74114345184057,272.52735141171667,253.5585020888063,264.207275390625
2020-06-04 00:00:00+05:30,266.49074959847985,275.37604687965086,264.97596629142106,270.6507873535156
2020-06-05 00:00:00+05:30,273.56735100641765,287.58485163649857,271.3516705124972,285.3691711425781
2020-06-08 00:00:00+05:30,287.4492070600439,306.5763074474173,286.45441116215176,298.459716796875
2020-06-09 00:00:00+05:30,299.3414798246559,299.7936572866267,293.73446825672943,296.4927673339844
2020-06-10 00:00:00+05:30,294.81972254004575,299.3188940709461,294.81972254004575,296.40234375
2020-06-11 00:00:00+05:30,297.53274715139327,305.2197634151831,294.84228593932284,299.59014892578125
2020-06-12 00:00:00+05:30,280.3500429061785,298.4145390938294,279.8978654176201,296.40234375
2020-06-15 00:00:00+05:30,300.1101680978572,304.1797649988712,296.17621890713286,297.7362365722656
2020-06-16 00:00:00+05:30,302.9589153232355,337.32440422557266,294.39014645218435,322.37994384765625
2020-06-17 00:00:00+05:30,329.18521537706806,334.1365644522784,316.5242455548732,320.2773132324219
2020-06-18 00:00:00+05:30,321.4303748477059,329.14002354183225,318.0164401361105,322.4251708984375
2020-06-19 00:00:00+05:30,323.0807957474257,326.33647898498884,318.7851098697483,320.16424560546875
2020-06-22 00:00:00+05:30,321.49819946925055,326.4721519223613,319.32775300945616,322.334716796875
2020-06-23 00:00:00+05:30,323.3068700509109,324.4147103002001,319.68945052586577,321.99554443359375
2020-06-24 00:00:00+05:30,321.9503146850764,323.3068469098731,314.26329874456195,315.91375732421875
2020-06-25 00:00:00+05:30,316.4338051511557,369.8359838141817,312.45464871905153,358.1924133300781
2020-06-26 00:00:00+05:30,359.4810988122923,359.9106729406806,340.9418220181993,344.4461975097656
2020-06-29 00:00:00+05:30,345.9157509656619,368.072446125554,336.7139508520117,344.3331298828125
2020-06-30 00:00:00+05:30,357.22019079107855,361.0184924668268,344.15225125303016,349.1488342285156
2020-07-01 00:00:00+05:30,345.91579765962905,351.7715019763574,344.15229431834484,345.3279724121094
2020-07-02 00:00:00+05:30,346.36790611937874,356.7227801485974,341.25830675772715,350.5731506347656
2020-07-03 00:00:00+05:30,368.04986651153587,391.1335214176539,364.0480792418438,385.43609619140625
2020-07-06 00:00:00+05:30,387.063907690839,449.7356929199837,373.04640636091375,431.33209228515625
2020-07-07 00:00:00+05:30,431.829484536442,464.8384398989135,418.78417554569404,443.1565246582031
2020-07-08 00:00:00+05:30,444.96520467157103,458.9601019706162,424.1424390625005,427.4433288574219
2020-07-09 00:00:00+05:30,437.2556186018436,437.2556186018436,407.4571119409879,420.45721435546875
2020-07-10 00:00:00+05:30,411.48148880959553,441.09911245468186,411.41365115107226,426.1320495605469
2020-07-13 00:00:00+05:30,429.5685881501311,436.35125006829105,417.76676745202155,420.2989501953125
2020-07-14 00:00:00+05:30,425.49899750840837,429.0938138997701,406.9597213151621,409.15277099609375
2020-07-15 00:00:00+05:30,411.4589309507256,412.8380668371727,386.634374599778,392.4222412109375
2020-07-16 00:00:00+05:30,392.6256504896104,396.8308949996799,373.0463736124811,381.1629638671875
2020-07-17 00:00:00+05:30,384.59955154312837,427.3077202097642,376.21166477727394,423.8033447265625
2020-07-20 00:00:00+05:30,426.8555246200902,431.377299245303,413.742378206973,417.5406799316406
2020-07-21 00:00:00+05:30,417.81195742172446,425.0467965112781,412.2275770389636,413.7875671386719
2020-07-22 00:00:00+05:30,413.78762383759306,423.01205598023284,406.0327961851111,410.82586669921875
2020-07-23 00:00:00+05:30,413.3128086935424,430.8346855610714,410.84843597565515,421.2711486816406
2020-07-24 00:00:00+05:30,418.2415932556842,423.39640030874153,409.672823924278,411.34588623046875
2020-07-27 00:00:00+05:30,412.38584746543376,414.82761681228374,399.29530435344776,402.6640319824219
2020-07-28 00:00:00+05:30,403.81708521614837,413.7423862307172,398.36835220684355,408.451904296875
2020-07-29 00:00:00+05:30,412.137170655503,420.47985070128277,408.4519131451635,411.09716796875
2020-07-30 00:00:00+05:30,412.4310010411586,412.83797174611317,395.9265257194356,397.87091064453125
2020-07-31 00:00:00+05:30,400.0866083363028,400.0866083363028,391.4274265960972,394.5022277832031
2020-08-03 00:00:00+05:30,389.573498798044,409.19801228938394,388.9178359383182,404.2918701171875
2020-08-04 00:00:00+05:30,408.9040706901819,433.05035804240987,406.959713136054,429.6590270996094
2020-08-05 00:00:00+05:30,431.82945532777234,445.39477853178613,423.7128647576266,436.48687744140625
2020-08-06 00:00:00+05:30,436.80347405455444,446.29920175139256,429.7268849933732,437.4591369628906
2020-08-07 00:00:00+05:30,436.80341652872767,441.34779437970155,425.9511577329829,429.31988525390625
2020-08-10 00:00:00+05:30,467.09933759725203,483.8299043843753,455.11663435782594,466.3306579589844
2020-08-11 00:00:00+05:30,466.64717015234504,472.07330003783744,452.6296679481564,460.8367004394531
2020-08-12 00:00:00+05:30,474.7863700208077,509.53619949188857,470.2645950682286,496.9656982421875
2020-08-13 00:00:00+05:30,506.4388008119648,596.3542857916351,501.9396567587309,582.8341674804688
2020-08-14 00:00:00+05:30,597.3715857432761,643.448476437721,543.6981474194708,584.9367065429688
2020-08-17 00:00:00+05:30,601.4186558765407,612.2482840208265,557.0826336142233,565.4027099609375
2020-08-18 00:00:00+05:30,565.4027081192112,593.2568286697024,562.9609387909904,577.2045288085938
2020-08-19 00:00:00+05:30,592.2168249820941,596.42209763576,565.6061912559545,571.1001586914062
2020-08-20 00:00:00+05:30,567.4826967972112,567.4826967972112,542.6129371766164,545.4842529296875
2020-08-21 00:00:00+05:30,549.3956093782243,568.387062541916,542.6129475340487,547.81298828125
2020-08-24 00:00:00+05:30,553.1939044338632,553.9173773157667,538.7468017601007,541.2564086914062
2020-08-25 00:00:00+05:30,545.5068999495156,546.6599193565139,524.6841057930292,530.3815307617188
2020-08-26 00:00:00+05:30,529.0475934287277,546.6825132096853,519.5518673928275,532.484130859375
2020-08-27 00:00:00+05:30,470.761977163842,481.9760010749628,456.02100192398416,457.0610046386719
2020-08-28 00:00:00+05:30,443.85743325067887,467.55154583948104,443.85743325067887,456.9705810546875
2020-08-31 00:00:00+05:30,444.03828063742014,446.70613878053535,416.45545465077794,418.7841796875
2020-09-01 00:00:00+05:30,418.71635315242145,418.71635315242145,393.84659135611133,403.41015625
2020-09-02 00:00:00+05:30,403.31968771821937,415.09890493659964,400.7422706972347,404.3822937011719
2020-09-03 00:00:00+05:30,405.60319663066934,424.14247317677575,403.4327502620893,418.53546142578125
2020-09-04 00:00:00+05:30,411.48150782161173,419.1459216463853,409.24322377031,411.9336853027344
2020-09-07 00:00:00+05:30,413.31277155629806,417.789339122292,401.64659946151124,403.3648681640625
2020-09-08 00:00:00+05:30,404.698811825114,411.9336509191942,391.17869522856313,393.25872802734375
2020-09-09 00:00:00+05:30,391.1334716704752,391.9926198153664,377.590752305031,379.30902099609375
2020-09-10 00:00:00+05:30,382.74561212871157,397.3961451047501,382.74561212871157,390.90740966796875
2020-09-11 00:00:00+05:30,392.03785568667286,395.65527534698816,384.37344226163543,385.45867919921875
2020-09-14 00:00:00+05:30,385.5038731836908,390.99784015098015,375.7594548150308,377.16119384765625
2020-09-15 00:00:00+05:30,380.28126745931473,388.87263973247406,371.8029395581707,380.95953369140625
2020-09-16 00:00:00+05:30,382.9265049421619,384.80305260717427,378.92474510553706,380.21343994140625
2020-09-17 00:00:00+05:30,379.9195278718484,382.0899742769908,374.4255603974887,375.30731201171875
2020-09-18 00:00:00+05:30,377.6586377784078,384.2830213180597,375.8499278537974,380.688232421875
2020-09-21 00:00:00+05:30,381.1177473630982,384.2603861163928,358.576712835322,361.3802185058594
2020-09-22 00:00:00+05:30,357.35581198175083,360.83758365961387,341.506998820706,350.5731506347656
2020-09-23 00:00:00+05:30,350.8897019521117,355.8636539127731,343.202685285635,348.6288146972656
2020-09-24 00:00:00+05:30,342.75055914282166,367.93685245182155,336.5331182612731,352.2010803222656
2020-09-25 00:00:00+05:30,354.50717630160034,359.93330655111464,344.64971186806116,347.1366882324219
2020-09-28 00:00:00+05:30,350.48272433703517,353.9644961609971,347.2722755375694,351.8844909667969
2020-09-29 00:00:00+05:30,354.95926904790537,361.13150177211133,352.81142633710596,354.1453552246094
2020-09-30 00:00:00+05:30,355.41154763081977,366.7159861686957,345.91581925900397,364.50030517578125
2020-10-01 00:00:00+05:30,367.62029274885373,371.6672867312087,359.8202311868393,361.44805908203125
2020-10-05 00:00:00+05:30,364.00285906605575,372.79771627379375,357.74021221974976,371.10205078125
2020-10-06 00:00:00+05:30,373.0464069286715,374.71946906130813,368.2533368609556,371.4185791015625
2020-10-07 00:00:00+05:30,369.88117743004256,371.079458787612,364.90722516631337,366.0602722167969
2020-10-08 00:00:00+05:30,368.3889984843599,370.92118133292985,359.0967567898872,360.9958801269531
2020-10-09 00:00:00+05:30,361.28979295514563,364.2063431113865,353.1505986207368,355.25323486328125
2020-10-12 00:00:00+05:30,356.6776168944563,358.5541646137371,346.8201526263849,347.701904296875
2020-10-13 00:00:00+05:30,347.7018585977686,348.56097920070255,340.48962269035997,341.6426696777344
2020-10-14 00:00:00+05:30,342.7505449822499,355.8636924815708,341.39401248232014,347.6792907714844
2020-10-15 00:00:00+05:30,348.83226867469216,350.00791890191385,335.1312986631702,337.2113037109375
2020-10-16 00:00:00+05:30,338.68089472412913,342.77309494170606,334.6112978582851,336.1487121582031
2020-10-19 00:00:00+05:30,338.6357260390238,339.58528770817253,334.61133542483043,335.2669982910156
2020-10-20 00:00:00+05:30,335.28961762671184,337.46006411587894,323.7590913293671,324.4599609375
2020-10-21 00:00:00+05:30,328.2808195438283,328.2808195438283,313.3589641100179,315.958984375
2020-10-22 00:00:00+05:30,316.5241839971199,331.44603838555554,316.0720065914097,328.0321044921875
2020-10-23 00:00:00+05:30,330.8808203368848,330.8808203368848,323.7590261171295,324.6407775878906
2020-10-26 00:00:00+05:30,326.92433384230753,326.9469371976554,314.6024969167157,317.3381652832031
2020-10-27 00:00:00+05:30,318.78508323141926,320.50335191916383,312.02502523747717,316.705078125
2020-10-28 00:00:00+05:30,317.4285801199031,322.58341425535616,313.76595369647,317.0894470214844
2020-10-29 00:00:00+05:30,315.57464436543796,319.8929333696412,312.4546090102182,314.353759765625
2020-10-30 00:00:00+05:30,314.3537856933292,318.35554530190717,309.4702744900089,310.6911315917969
2020-11-02 00:00:00+05:30,312.4546478367855,313.3590028232885,303.0041271883396,305.19720458984375
2020-11-03 00:00:00+05:30,307.4807203681654,308.4529130970553,303.0493860943694,304.1572265625
2020-11-04 00:00:00+05:30,302.95892035840535,305.2198078237666,297.5327904415384,298.8441162109375
2020-11-05 00:00:00+05:30,302.05455046393075,323.30689158938696,300.5171360238768,316.84075927734375
2020-11-06 00:00:00+05:30,318.24248533519284,325.1155881283032,315.1676841800102,317.5868225097656
2020-11-09 00:00:00+05:30,320.1416526989074,327.37649230792226,315.8007599729877,324.9347229003906
2020-11-10 00:00:00+05:30,325.5677582080275,332.6443462141209,319.53120039740867,329.1173400878906
2020-11-11 00:00:00+05:30,330.40608289314713,332.01130739211834,324.2112460335701,330.6999816894531
2020-11-12 00:00:00+05:30,330.1573887409773,343.56443408525564,326.9243088107595,341.665283203125
2020-11-13 00:00:00+05:30,343.2026673691773,347.27226421545214,335.71913646604924,344.0391845703125
2020-11-14 00:00:00+05:30,352.0653831630945,355.59238966896817,348.24450544627103,351.0027770996094
2020-11-17 00:00:00+05:30,352.2462521625752,355.8636719537185,344.6270727669688,352.5175476074219
2020-11-18 00:00:00+05:30,351.7940140341533,351.95226508324185,346.25484093400115,347.3852844238281
2020-11-19 00:00:00+05:30,345.91577743614033,357.220214607256,344.22011186047297,350.0984191894531
2020-11-20 00:00:00+05:30,351.2966873820431,354.5071363786361,347.36273787442343,349.17144775390625
2020-11-23 00:00:00+05:30,350.43752894061504,352.427120789573,331.4460757593172,349.1488342285156
2020-11-24 00:00:00+05:30,349.8497415534982,360.76981175297493,349.8497415534982,357.7628479003906
2020-11-25 00:00:00+05:30,359.4811182710148,369.881200937975,357.67240824197825,365.3368225097656
2020-11-26 00:00:00+05:30,368.0724690030438,370.3333564047824,363.23416444357855,366.44464111328125
2020-11-27 00:00:00+05:30,366.7159079316919,373.40812859861734,364.04804996643657,370.10723876953125
2020-12-01 00:00:00+05:30,373.40820877676555,377.4778066559961,369.88122946784443,375.2169189453125
2020-12-02 00:00:00+05:30,376.21163629412916,377.5455652839067,370.83071362976074,374.53857421875
2020-12-03 00:00:00+05:30,377.56819258395143,385.7978281695977,375.30730520320924,383.31085205078125
2020-12-04 00:00:00+05:30,385.70740026530535,388.5787162969585,377.8847351817796,381.0273742675781
2020-12-07 00:00:00+05:30,382.9491288462462,394.29877285097626,381.1856255887305,392.1961364746094
2020-12-08 00:00:00+05:30,394.1630605403043,394.8639300180158,386.2951624326076,390.4552001953125
2020-12-09 00:00:00+05:30,397.41876069149293,404.4727176740451,394.9769914905292,397.0343933105469
2020-12-10 00:00:00+05:30,399.272708975689,399.63444543463135,383.7404238053084,391.9022216796875
2020-12-11 00:00:00+05:30,393.84655388934925,396.67266291553574,385.25518244974234,387.4256286621094
2020-12-14 00:00:00+05:30,389.7769965657022,397.37357288157665,389.2343780576989,394.81878662109375
2020-12-15 00:00:00+05:30,397.91616055008893,400.06400346214906,391.7891615522722,394.050048828125
2020-12-16 00:00:00+05:30,395.4292022693524,400.17706576143723,392.6256964019006,397.93878173828125
2020-12-17 00:00:00+05:30,400.2158670412899,402.8379766132243,396.99573937544045,398.5137939453125
2020-12-18 00:00:00+05:30,400.21588837420165,404.35605273669336,393.8216232945498,397.36376953125
2020-12-21 00:00:00+05:30,395.6616847763499,400.9979133116927,361.804352877239,367.5315856933594
2020-12-22 00:00:00+05:30,367.1865821247214,372.8218058308583,350.0738971730769,365.18548583984375
2020-12-23 00:00:00+05:30,366.88755623107267,371.60274337786836,365.1854830601867,370.2687072753906
2020-12-24 00:00:00+05:30,373.3738178590686,380.1820822344902,372.1317629885188,378.25
2020-12-28 00:00:00+05:30,379.5150626815824,381.81515397056165,376.34092547187646,377.9049987792969
2020-12-29 00:00:00+05:30,379.0550079080048,388.71539039109723,376.2948986271213,384.7132263183594
2020-12-30 00:00:00+05:30,386.4153256448351,386.4153256448351,378.5950154829753,382.29815673828125
2020-12-31 00:00:00+05:30,386.87534002983057,393.08558627287783,386.39232649305063,389.2904357910156
2021-01-01 00:00:00+05:30,390.55544888729446,396.995703639264,389.9114121811845,394.1435852050781
2021-01-04 00:00:00+05:30,396.51271305687334,409.87623682383213,394.1436079767535,407.99017333984375
2021-01-05 00:00:00+05:30,404.7240477733336,426.4139193330515,397.6857742152871,423.9298095703125
2021-01-06 00:00:00+05:30,429.6570488977748,441.82453732195376,427.8169758832233,434.16522216796875
2021-01-07 00:00:00+05:30,441.6174729648038,443.43455047423015,425.7468450301312,428.04693603515625
2021-01-08 00:00:00+05:30,428.78294692405285,432.62411568609,418.61655607876713,419.7666015625
2021-01-11 00:00:00+05:30,430.5770590768812,430.5770590768812,416.0864849733323,417.6735534667969
2021-01-12 00:00:00+05:30,419.53664241913685,420.8476831957824,412.6363686951379,414.75244140625
2021-01-13 00:00:00+05:30,417.9035363496652,432.41710483808265,414.03937226700765,423.9527587890625
2021-01-14 00:00:00+05:30,462.31829908067175,482.0990820264119,452.3358983507369,464.27337646484375
2021-01-15 00:00:00+05:30,468.75856262487406,468.75856262487406,437.0173056856039,444.88360595703125
2021-01-18 00:00:00+05:30,446.2176654765621,448.37975668762687,432.9921418864063,442.2845153808594
2021-01-19 00:00:00+05:30,450.3578628932054,455.16505917999444,444.3776256944192,446.2867126464844
2021-01-20 00:00:00+05:30,447.5977515744214,451.27789752775686,437.84535918262543,446.2406921386719
2021-01-21 00:00:00+05:30,448.2878190656038,450.219901479497,444.3776636401983,445.5736999511719
2021-01-22 00:00:00+05:30,446.21759760731885,448.5176883166349,434.02711684794366,436.0971984863281
2021-01-25 00:00:00+05:30,443.4575487443189,445.5046353679832,428.3689572655705,433.8661804199219
2021-01-27 00:00:00+05:30,435.17724077384275,435.31524062586175,419.5366211265799,421.35369873046875
2021-01-28 00:00:00+05:30,419.0996112003035,427.5639580323481,414.7984518947735,424.96484375
2021-01-29 00:00:00+05:30,429.61108126567393,433.56722722749794,424.136852523876,425.6549072265625
2021-02-01 00:00:00+05:30,432.4171197637342,435.6372472513365,416.7765005382374,418.15655517578125
2021-02-02 00:00:00+05:30,421.3767326867144,432.8771893648452,420.91671441958914,430.0020751953125
2021-02-03 00:00:00+05:30,449.4377898845634,449.8518175032926,437.1093075072808,443.7795715332031
2021-02-04 00:00:00+05:30,447.3217747672043,450.35788410327797,443.91762835512077,449.1388244628906
2021-02-05 00:00:00+05:30,450.8178873758442,468.7585992203931,446.2177048516009,466.15948486328125
2021-02-08 00:00:00+05:30,469.6786980805926,489.82752267359956,469.24167506731237,475.9809265136719
2021-02-09 00:00:00+05:30,479.2470020085617,480.1900056627887,464.15838199525365,467.3785095214844
2021-02-10 00:00:00+05:30,467.9075955282226,471.0587094533187,456.3381247829025,464.45745849609375
2021-02-11 00:00:00+05:30,464.4574002250867,466.6424867379598,455.51004036218126,457.3271179199219
2021-02-12 00:00:00+05:30,459.09819025559017,482.55911981774955,459.052199663833,472.2087097167969
2021-02-15 00:00:00+05:30,479.4770716347236,481.68512566723047,472.0247418692541,476.73992919921875
2021-02-16 00:00:00+05:30,473.81875261914666,476.09582027913063,462.75532037004945,467.86151123046875
2021-02-17 00:00:00+05:30,471.47268206390396,484.6291918456,464.1353858837227,478.3729553222656
2021-02-18 00:00:00+05:30,478.8789379019531,494.42757525435144,471.31166110490557,484.4681701660156
2021-02-19 00:00:00+05:30,489.32138809755565,498.19976274871965,483.24916968377653,488.2403564453125
2021-02-22 00:00:00+05:30,490.3794538713877,502.3399283560557,478.4189793867197,484.51422119140625
2021-02-23 00:00:00+05:30,489.0453148871352,492.219451553298,465.0783789910133,473.91070556640625
2021-02-24 00:00:00+05:30,476.53293872708764,492.1735599597065,476.53293872708764,489.5514221191406
2021-02-25 00:00:00+05:30,494.05960604169303,506.0200806758495,487.61935046945496,504.3869934082031
2021-02-26 00:00:00+05:30,496.81971505361975,512.9203539673945,492.5875695723992,500.0628662109375
2021-03-01 00:00:00+05:30,507.6991802515336,507.8371520412391,496.819736820793,499.2348327636719
2021-03-02 00:00:00+05:30,501.4198605109195,515.1284259481828,501.4198605109195,509.1021423339844
2021-03-03 00:00:00+05:30,512.8973158161245,516.9914893957304,508.48115192934875,511.8162841796875
2021-03-04 00:00:00+05:30,506.02010305390473,514.3004320129686,499.62583779349046,504.778076171875
2021-03-05 00:00:00+05:30,510.7011889882982,516.9042490340753,488.7107108795411,491.6023864746094
2021-03-08 00:00:00+05:30,499.06464044238106,504.6846508066913,493.09477784291755,496.825927734375
2021-03-09 00:00:00+05:30,497.1291923880522,507.8795359580452,491.57909445122834,496.9192810058594
2021-03-10 00:00:00+05:30,496.7093449581192,503.68190876444584,494.37737620244724,497.80535888671875
2021-03-12 00:00:00+05:30,499.3911597873072,505.1044838194291,493.1414715002963,494.9604187011719
2021-03-15 00:00:00+05:30,494.9370551231046,496.70937425508276,471.6873366443044,473.8560791015625
2021-03-16 00:00:00+05:30,475.95482165190504,503.70524976389754,475.95482165190504,499.69427490234375
2021-03-17 00:00:00+05:30,492.045478759965,498.9947580456072,483.1839962040983,487.87127685546875
2021-03-18 00:00:00+05:30,489.7134651426696,492.2320029213987,478.0536207345108,480.7820129394531
2021-03-19 00:00:00+05:30,475.7216678727228,491.43911589106955,458.2319006715197,481.34173583984375
2021-03-22 00:00:00+05:30,481.34174279297196,492.4885090372884,473.389705750821,483.7669677734375
2021-03-23 00:00:00+05:30,482.25116555084753,491.9288364262635,472.037130445167,476.14141845703125
2021-03-24 00:00:00+05:30,475.58170736423335,479.3827993052907,465.92735115159303,467.62969970703125
2021-03-25 00:00:00+05:30,467.30327746955925,470.5680340965705,453.80117115456466,458.3485107421875
2021-03-26 00:00:00+05:30,464.76142820594123,468.7257755614359,457.1825288498483,460.307373046875
2021-03-30 00:00:00+05:30,464.80805628080634,468.7257756428966,462.7559406115743,466.4870910644531
2021-03-31 00:00:00+05:30,466.393765488449,468.72573431589126,459.5144574474944,464.0384826660156
2021-04-01 00:00:00+05:30,474.3225561038396,490.6463412204909,471.64079140610403,483.02081298828125
2021-04-05 00:00:00+05:30,485.04951605879546,485.5159098242366,462.75589976399175,466.3471374511719
2021-04-06 00:00:00+05:30,473.3430562039758,474.78886552775873,464.6214868708406,466.5103759765625
2021-04-07 00:00:00+05:30,468.7257420300854,475.79161908009075,467.46647314925855,469.1455078125
2021-04-08 00:00:00+05:30,473.8561449026053,475.72172027623765,469.28549093049037,471.22100830078125
2021-04-09 00:00:00+05:30,470.59139094083207,475.7217232503952,464.9946647849451,466.6037292480469
2021-04-12 00:00:00+05:30,463.12906015424414,463.12906015424414,442.1646523925481,446.52545166015625
2021-04-13 00:00:00+05:30,444.4732531346176,454.5940034165904,443.7270345054281,452.7983703613281
2021-04-15 00:00:00+05:30,452.402001726369,455.2703350826452,441.3484625888429,451.93560791015625
2021-04-16 00:00:00+05:30,451.935533301085,457.9986519109035,444.93962721283293,449.8367614746094
2021-04-19 00:00:00+05:30,442.1413143669498,442.1413143669498,433.27983232794975,438.5034484863281
2021-04-20 00:00:00+05:30,441.25513752420574,446.75860682217495,439.7160437656282,443.7037048339844
2021-04-22 00:00:00+05:30,436.07820602311756,444.33338203363036,436.07820602311756,442.5144348144531
2021-04-23 00:00:00+05:30,440.74213530879257,449.67358785003,439.2496694747808,446.2688903808594
2021-04-26 00:00:00+05:30,446.2688577204918,450.06997824978953,443.5404656119688,445.0795593261719
2021-04-27 00:00:00+05:30,444.0535122436755,446.9451594100265,442.60770289370885,443.0740966796875
2021-04-28 00:00:00+05:30,445.26619680500124,454.68735789836563,443.7737308503183,451.3526306152344
2021-04-29 00:00:00+05:30,449.25383181281285,454.68733101730845,440.27575108361833,441.37176513671875
2021-04-30 00:00:00+05:30,440.7421506780593,447.69142983722276,438.9465458951978,446.4554748535156
2021-05-03 00:00:00+05:30,445.7325276726339,446.31551987988956,439.34292738782915,444.3799743652344
2021-05-04 00:00:00+05:30,446.7119496016957,456.10979550402124,442.1412963245355,444.84637451171875
2021-05-05 00:00:00+05:30,456.9726044679404,456.9726044679404,449.6502166767482,451.6790466308594
2021-05-06 00:00:00+05:30,453.33471225572714,454.29081372306587,445.91904045263243,446.7352294921875
2021-05-07 00:00:00+05:30,448.9739784915126,450.06999247522225,444.0068734056079,447.9479064941406
2021-05-10 00:00:00+05:30,446.5720923952104,455.43357516858794,446.5720923952104,451.7257385253906
2021-05-11 00:00:00+05:30,450.0467415845863,470.0783627051273,448.4843051407918,466.53375244140625
2021-05-12 00:00:00+05:30,468.72577598205334,482.3677948352624,464.6681441683279,469.96173095703125
2021-05-14 00:00:00+05:30,469.70520735672795,473.7395253088103,456.64618032384914,458.58172607421875
2021-05-17 00:00:00+05:30,460.0275483798795,468.25941096518835,460.0275483798795,467.25665283203125
2021-05-18 00:00:00+05:30,473.3897262149387,476.18808912852455,464.0618498363192,470.1249694824219
2021-05-19 00:00:00+05:30,467.3266110755035,476.63117354618896,467.3266110755035,473.27313232421875
2021-05-20 00:00:00+05:30,475.62838061933047,481.9713532334541,462.28952963235304,471.2909240722656
2021-05-21 00:00:00+05:30,471.3142089174876,480.6421125926666,471.3142089174876,478.24017333984375
2021-05-24 00:00:00+05:30,478.520062837791,481.3184257783629,471.99054930978997,473.27313232421875
2021-05-25 00:00:00+05:30,473.3897181154678,482.69425187080896,473.3897181154678,478.9164733886719
2021-05-26 00:00:00+05:30,478.9864707374211,487.84795364298196,474.5324152860681,483.09075927734375
2021-05-27 00:00:00+05:30,483.0906819882459,484.9095721157963,477.7038112580416,482.1345520019531
2021-05-28 00:00:00+05:30,481.31839500233656,485.0495453511919,478.24020735109815,480.24566650390625
2021-05-31 00:00:00+05:30,480.38563777059215,480.82868912938056,471.1043893047671,475.97821044921875
2021-06-01 00:00:00+05:30,489.2470713831536,498.97137023332533,478.1468767330714,481.1784362792969
2021-06-02 00:00:00+05:30,482.62435047125985,488.31433233468863,480.2224108979454,483.6737365722656
2021-06-03 00:00:00+05:30,489.71352804621057,491.11270955491403,485.04958968386575,489.29376220703125
2021-06-04 00:00:00+05:30,492.5584912600414,507.38983718833447,481.5749511963491,495.52008056640625
2021-06-07 00:00:00+05:30,498.5284628564154,501.2335133805157,491.5791821959182,496.87274169921875
2021-06-08 00:00:00+05:30,499.01801172282353,503.2388982860306,488.3376395019464,499.0879821777344
2021-06-09 00:00:00+05:30,499.0180305697701,507.902855358123,485.67917908834653,488.524169921875
2021-06-10 00:00:00+05:30,494.37740624993404,494.9837409363932,483.65034932186944,485.42266845703125
2021-06-11 00:00:00+05:30,490.1798907175591,495.28688012649565,486.448740264904,488.12774658203125
2021-06-14 00:00:00+05:30,491.11269222534327,493.44466132422906,479.49947472632425,490.59967041015625
2021-06-15 00:00:00+05:30,490.5996402406854,493.7477983305849,485.3759956207062,485.9823303222656
2021-06-16 00:00:00+05:30,486.4487640713938,489.4569814979321,479.2196597155869,480.315673828125
2021-06-17 00:00:00+05:30,479.68605301049155,491.90554855420015,478.07701707396683,479.1496887207031
2021-06-18 00:00:00+05:30,479.91918454822485,483.9767875336628,464.248365418931,474.0659484863281
2021-06-21 00:00:00+05:30,469.7518126289441,477.96036009210195,465.5309546876288,469.9150390625
2021-06-22 00:00:00+05:30,472.9466029762148,476.58446873662905,465.92738233896625,466.88348388671875
2021-06-23 00:00:00+05:30,468.72578512493516,488.314325398813,462.289556156802,476.258056640625
2021-06-24 00:00:00+05:30,479.9191945623138,484.58313231316237,472.5268646137857,475.3485412597656
2021-06-25 00:00:00+05:30,476.6544532591949,484.58314768718543,475.06870298702967,483.6503601074219
2021-06-28 00:00:00+05:30,485.5158997262637,489.6668155389239,478.9863871458913,486.3087463378906
2021-06-29 00:00:00+05:30,493.4446361744158,497.6421803384704,479.45282229423384,483.32391357421875
2021-06-30 00:00:00+05:30,484.55985550837664,486.8918246997791,474.55573045039677,476.56121826171875
2021-07-01 00:00:00+05:30,478.28685952973274,479.849267430756,471.0577553632668,472.8067321777344
2021-07-02 00:00:00+05:30,472.9466449715822,500.69710558095284,472.9466449715822,497.89874267578125
2021-07-05 00:00:00+05:30,501.886358750517,510.09487827595837,492.11543137555043,495.38018798828125
2021-07-06 00:00:00+05:30,496.7094138262801,533.0881314586273,495.77662619468146,513.3363647460938
2021-07-07 00:00:00+05:30,517.697095447201,526.09218348148,508.3692198535578,512.8233032226562
2021-07-08 00:00:00+05:30,515.132029857713,539.6177080537562,513.9660451817108,534.9771118164062
2021-07-09 00:00:00+05:30,536.8192706840717,538.6848459079955,517.9769495358738,521.684814453125
2021-07-12 00:00:00+05:30,524.6463552901016,526.9316961149535,515.0619406890571,518.3966674804688
2021-07-13 00:00:00+05:30,519.795902995819,524.1800162111535,508.36925461233085,511.3774719238281
2021-07-14 00:00:00+05:30,514.7587776838667,529.1237284755516,511.86715910261603,516.157958984375
2021-07-15 00:00:00+05:30,519.4693166197313,521.6380017400074,508.3691239834764,510.86431884765625
2021-07-16 00:00:00+05:30,515.3652198083403,521.4283400413796,499.97422229370204,501.2568054199219
2021-07-19 00:00:00+05:30,501.28011260948807,508.8356699027352,498.10861178379577,504.68475341796875
2021-07-20 00:00:00+05:30,504.68473795190096,507.87952421154745,491.55574061775167,497.5256042480469
2021-07-22 00:00:00+05:30,501.37332402748893,537.7520396313439,500.3705659928668,516.4378662109375
2021-07-23 00:00:00+05:30,522.3611643230894,536.3529812246007,512.1004985953144,514.455810546875
2021-07-26 00:00:00+05:30,515.5983333648218,525.7657407307676,511.9604390401312,515.295166015625
2021-07-27 00:00:00+05:30,518.1635996883717,522.3611446003388,506.5037527106856,513.0798950195312
2021-07-28 00:00:00+05:30,517.2307003485924,517.3472987932156,505.12780456983614,510.88775634765625
2021-07-29 00:00:00+05:30,516.2746145257754,522.1745077153436,510.70123116880404,512.986572265625
2021-07-30 00:00:00+05:30,513.4529903790145,524.6930705481896,513.4529903790145,520.6587524414062
2021-08-02 00:00:00+05:30,522.3844713655271,524.1101058932168,510.70128227192197,512.1004638671875
2021-08-03 00:00:00+05:30,513.9659850108551,517.627165078312,511.8672128397581,513.3363647460938
2021-08-04 00:00:00+05:30,516.764326652911,521.3582941630324,502.32946142071376,503.4487609863281
2021-08-05 00:00:00+05:30,504.6381376463899,510.1648932941188,499.111381998661,503.2622985839844
2021-08-06 00:00:00+05:30,508.1128041429717,508.1128041429717,499.55448758983727,503.58880615234375
2021-08-09 00:00:00+05:30,508.5091753259485,517.2307164826843,504.17169027753096,506.45703125
2021-08-10 00:00:00+05:30,513.9660102728468,535.886520692832,508.36928420816963,515.2019653320312
2021-08-11 00:00:00+05:30,520.0291591807322,524.2033614969822,499.50782913234457,510.5380554199219
2021-08-12 00:00:00+05:30,504.68466558410955,519.5392951378594,501.373281345048,515.1318969726562
2021-08-13 00:00:00+05:30,518.6299166946727,535.7465467477016,506.1072542833519,507.8795166015625
2021-08-16 00:00:00+05:30,499.50773585899,505.5708549683895,493.9576385184344,498.5283203125
2021-08-17 00:00:00+05:30,501.0235028109123,507.6229859822351,494.0742243153091,497.59552001953125
2021-08-18 00:00:00+05:30,512.5667300620764,527.0249362785681,505.2443709771791,522.4309692382812
2021-08-20 00:00:00+05:30,518.5831802744457,548.0126121443111,516.7642334092737,525.3925170898438
2021-08-23 00:00:00+05:30,531.6889493688891,540.0374100481788,513.779415477264,518.7465209960938
2021-08-24 00:00:00+05:30,524.2032069916098,545.2142671782394,522.3609745420258,541.0167236328125
2021-08-25 00:00:00+05:30,545.8905671875773,587.6561522068396,545.680712763494,582.176025390625
2021-08-26 00:00:00+05:30,586.2337164996834,611.4423264144694,583.4586959149514,601.4614868164062
2021-08-27 00:00:00+05:30,603.2570579830818,652.4849479902185,590.0814326930721,644.2764282226562
2021-08-30 00:00:00+05:30,648.7538374174579,679.5358311410756,629.6316898012711,652.9280395507812
2021-08-31 00:00:00+05:30,648.2639768669916,660.9965491492255,637.0938692099785,641.66455078125
2021-09-01 00:00:00+05:30,636.1611017019579,644.626160006333,624.7577968089528,629.5849609375
2021-09-02 00:00:00+05:30,630.0980171944998,666.896499015298,630.0980171944998,643.553466796875
2021-09-03 00:00:00+05:30,666.9431220027321,666.9431220027321,646.1885982760737,650.4094848632812
2021-09-06 00:00:00+05:30,657.6152973205515,664.0981829147477,631.2873885094713,634.8319702148438
2021-09-07 00:00:00+05:30,634.2956101325072,650.0130594633897,625.0609895059712,644.5562744140625
2021-09-08 00:00:00+05:30,644.5562124015481,649.4300046932449,630.3078594628082,638.0033569335938
2021-09-09 00:00:00+05:30,638.0034414104236,646.8182965215942,613.7743037871019,640.965087890625
2021-09-13 00:00:00+05:30,640.8484979062355,658.8745748183096,634.7853778038154,655.3999633789062
2021-09-14 00:00:00+05:30,658.6879899272632,672.4232646353215,638.9361668486155,657.5919189453125
2021-09-15 00:00:00+05:30,659.4808296413383,664.6111614136543,650.642689952165,654.3738403320312
2021-09-16 00:00:00+05:30,653.8841281223856,693.5042599027427,652.9513404931097,667.8526000976562
2021-09-17 00:00:00+05:30,673.4725881492132,691.0089821050362,659.9471691351362,667.222900390625
2021-09-20 00:00:00+05:30,664.1214776746557,675.8046659987014,637.1872337399247,642.3175659179688
2021-09-21 00:00:00+05:30,647.7510464872884,664.7044504830258,624.967719732849,633.94580078125
2021-09-22 00:00:00+05:30,632.0101659093539,641.1981570410323,624.9909740574642,632.8263549804688
2021-09-23 00:00:00+05:30,639.0995553464086,648.0309525854909,632.1269326936916,634.1790771484375
2021-09-24 00:00:00+05:30,637.4670184429767,641.9443871840299,618.7412974601677,625.62060546875
2021-09-27 00:00:00+05:30,630.0047540832846,633.362766596968,621.5163529485724,623.358642578125
2021-09-28 00:00:00+05:30,624.9677106521987,637.2805187262426,623.008879406872,628.0458984375
2021-09-29 00:00:00+05:30,629.1651639098452,640.731751593996,618.927843949233,624.594482421875
2021-09-30 00:00:00+05:30,641.244818191105,643.1336788365236,625.9237939361495,631.70703125
2021-10-01 00:00:00+05:30,631.1708218437607,637.7702492944929,618.7414143179531,624.0349731445312
2021-10-04 00:00:00+05:30,624.9911379847091,635.3684017535666,623.1022200086999,627.57958984375
2021-10-05 00:00:00+05:30,627.5794544515013,658.0816188299005,624.9676606889204,641.2914428710938
2021-10-06 00:00:00+05:30,639.4259318068426,647.261370812185,624.9677232831285,628.1858520507812
2021-10-07 00:00:00+05:30,634.4355215146547,648.2174244186966,631.030823933894,632.9663696289062
2021-10-08 00:00:00+05:30,637.0938619672119,640.3586182144817,627.5327901002076,630.401123046875
2021-10-11 00:00:00+05:30,635.6947701173174,650.4095177600063,630.1913003248243,636.5343017578125
2021-10-12 00:00:00+05:30,636.5342279452959,654.3271043856348,632.8963338354523,651.4354858398438
2021-10-13 00:00:00+05:30,652.9513111322013,666.336790237277,646.8881918145452,650.4561157226562
2021-10-14 00:00:00+05:30,652.9512902462121,683.9664765329072,650.456094916481,673.3560180664062
2021-10-18 00:00:00+05:30,687.9308639162587,730.3727002663464,680.9349568255848,690.4494018554688
2021-10-19 00:00:00+05:30,700.9898974133097,710.3177736263942,655.3765599581906,666.9664916992188
2021-10-20 00:00:00+05:30,664.1447444441299,680.0254754674903,643.7633589783533,657.568603515625
2021-10-21 00:00:00+05:30,662.2791495937666,666.4300655094772,634.2955235545934,639.5657958984375
2021-10-22 00:00:00+05:30,645.4890247095915,651.4588881736822,604.0033186186238,618.9745483398438
2021-10-25 00:00:00+05:30,617.971700872433,624.6877820647067,598.9428136497954,617.062255859375
2021-10-26 00:00:00+05:30,614.7070422195219,622.6357369977707,612.5616420778575,617.9251708984375
2021-10-27 00:00:00+05:30,618.4382703365799,630.8210503325205,610.9759684320661,614.287353515625
2021-10-28 00:00:00+05:30,614.2872648523831,614.66040266689,587.6561901610187,590.781005859375
2021-10-29 00:00:00+05:30,582.9922002431504,617.8317913565481,575.4832720905849,609.3900756835938
2021-11-01 00:00:00+05:30,615.4765073403516,626.8098410067269,608.2706899332127,619.7906494140625
2021-11-02 00:00:00+05:30,619.8374063137396,634.2722727245085,617.2256122259986,621.4231567382812
2021-11-03 00:00:00+05:30,626.5534435196233,634.7619630289483,613.937468432063,617.3887939453125
2021-11-04 00:00:00+05:30,620.7236035312562,627.2997456116947,617.9718683535282,625.014404296875
2021-11-08 00:00:00+05:30,630.0746218351966,640.4518829052105,625.550625175559,630.1445922851562
2021-11-09 00:00:00+05:30,631.8702735335527,648.7537044639392,630.5876907245837,638.4930419921875
2021-11-10 00:00:00+05:30,637.560289806228,648.0541497335433,637.0938960316806,641.2448120117188
2021-11-11 00:00:00+05:30,641.7112474463316,659.7373793894149,634.3422025569496,650.6427001953125
2021-11-12 00:00:00+05:30,659.9472541092726,663.4452077529613,642.6906828004082,660.9500122070312
2021-11-15 00:00:00+05:30,664.611113804715,671.6070202658173,656.6824198154658,663.4451293945312
2021-11-16 00:00:00+05:30,661.8128230189728,679.0693941618214,659.2942850331785,666.663330078125
2021-11-17 00:00:00+05:30,664.5878376266418,666.8498931542723,650.9925035942229,655.7963256835938
2021-11-18 00:00:00+05:30,657.6152365032942,661.4863276898874,637.2571364122103,645.3024291992188
2021-11-22 00:00:00+05:30,651.5520960279905,658.8278274460313,626.600029358343,635.3915405273438
2021-11-23 00:00:00+05:30,636.1690234418253,667.2706201434257,630.9854239915586,662.3697509765625
2021-11-24 00:00:00+05:30,669.014234713814,669.014234713814,643.3318531924183,648.3976440429688
2021-11-25 00:00:00+05:30,643.2376584937488,649.033888975479,636.1691127960152,637.3707885742188
2021-11-26 00:00:00+05:30,629.6895681360512,635.2265952085291,600.826341907177,605.9628295898438
2021-11-29 00:00:00+05:30,605.5388812041989,620.3592455983965,582.0477540101404,611.9005737304688
2021-11-30 00:00:00+05:30,607.8950490733354,617.7910149884827,598.5174317727563,601.7218627929688
2021-12-01 00:00:00+05:30,601.9573560074754,619.6522473472303,599.271274159708,616.8248291015625
2021-12-02 00:00:00+05:30,617.3196981991285,618.0265528153872,609.4029034874425,613.0078735351562
2021-12-03 00:00:00+05:30,615.9059901357019,625.8019547821057,608.436904514521,610.9580078125
2021-12-06 00:00:00+05:30,611.9710961670443,620.4768777525775,599.1299056560935,602.4520874023438
2021-12-07 00:00:00+05:30,607.8479613811421,618.1680520411388,603.1827086144053,606.175048828125
2021-12-08 00:00:00+05:30,610.722373199275,619.2046283825982,607.305909305992,608.8138427734375
2021-12-09 00:00:00+05:30,611.8768856707859,616.3065193725046,606.4105548900155,609.0259399414062
2021-12-10 00:00:00+05:30,609.0260012297886,622.786082599622,609.0260012297886,615.0106811523438
2021-12-13 00:00:00+05:30,620.100001996993,624.8358933922107,612.607331590438,618.0265502929688
2021-12-14 00:00:00+05:30,616.3772111142385,616.3772111142385,603.6538283160089,606.7639770507812
2021-12-15 00:00:00+05:30,606.4813205055535,616.8014104245469,604.9026898784978,606.269287109375
2021-12-16 00:00:00+05:30,612.2774503327724,614.0210019257356,600.8263833118287,603.606689453125
2021-12-17 00:00:00+05:30,604.1251024590364,605.8686542381334,583.9797451032456,587.961669921875
2021-12-20 00:00:00+05:30,582.0711273212432,582.3539151556703,556.6243639486195,573.0469970703125
2021-12-21 00:00:00+05:30,574.9085261498999,580.7518702155651,567.9577878214483,572.4109497070312
2021-12-22 00:00:00+05:30,575.2854706994001,593.7579161936095,572.6936702715709,586.9249877929688
2021-12-23 00:00:00+05:30,590.3650499682191,591.2839380398602,582.024130254942,585.5112915039062
2021-12-24 00:00:00+05:30,584.8043777723183,586.3830082220255,575.3796496857378,579.7385864257812
2021-12-27 00:00:00+05:30,579.7385364799702,582.7779880164467,571.6568213371909,575.1439819335938
2021-12-28 00:00:00+05:30,577.2644716733435,586.4299947650209,577.240886848588,583.084228515625
2021-12-29 00:00:00+05:30,581.9769341414576,586.5479040558946,577.7358066861758,578.8432006835938
2021-12-30 00:00:00+05:30,577.2646213270309,577.7594425834737,568.6409717294524,570.7615356445312
2021-12-31 00:00:00+05:30,570.7850496514042,580.5632042687553,569.4891496418757,570.5023193359375
2022-01-03 00:00:00+05:30,572.0810449147922,586.9956899216913,571.1621568555342,581.3643798828125
2022-01-04 00:00:00+05:30,582.7780176689794,597.0093910921469,581.1522751409758,588.3857421875
2022-01-05 00:00:00+05:30,591.3545929440695,602.640682154951,584.3802709422871,598.328857421875
2022-01-06 00:00:00+05:30,598.9415223689317,601.2977045969762,586.642262643335,588.2680053710938
2022-01-07 00:00:00+05:30,588.3622818451911,599.8839898263728,588.3622818451911,592.1557006835938
2022-01-10 00:00:00+05:30,592.1792592173603,612.607346537488,592.1792592173603,610.8402099609375
2022-01-11 00:00:00+05:30,610.533908005077,615.3169692806547,598.9415033166473,603.27685546875
2022-01-12 00:00:00+05:30,606.4812808622557,621.7022404467116,605.6095049780885,618.544921875
2022-01-13 00:00:00+05:30,619.6522270383246,625.8018845306876,612.9842785800084,621.9141845703125
2022-01-14 00:00:00+05:30,621.9612970560386,646.536284688004,618.2385183143384,643.5439453125
2022-01-17 00:00:00+05:30,647.4552565042078,667.9540407822749,640.2689010963796,658.24658203125
2022-01-18 00:00:00+05:30,659.7073922576009,673.8680694539687,651.0602155984238,654.8065795898438
2022-01-19 00:00:00+05:30,655.0185717858184,679.5228636799641,646.1828896124485,674.9047241210938
2022-01-20 00:00:00+05:30,677.8265237168176,681.6435274712799,665.8806911694901,674.386474609375
2022-01-21 00:00:00+05:30,671.6297025991425,686.5207618553596,655.4898553344377,668.283935546875
2022-01-24 00:00:00+05:30,673.820977477506,680.4418147526966,633.8129933794639,641.3056640625
2022-01-25 00:00:00+05:30,631.9515898863057,677.63793532584,627.6161805422984,669.768310546875
2022-01-27 00:00:00+05:30,668.9200947712435,673.5146498427614,659.0005451713502,670.5458374023438
2022-01-28 00:00:00+05:30,674.7635072778179,693.1888415965601,662.2757409268262,667.7891845703125
2022-01-31 00:00:00+05:30,682.3503141596325,692.9531332677759,672.7606648266178,680.323974609375
2022-02-01 00:00:00+05:30,686.8976990058101,694.9794141710455,667.9775474446474,679.405029296875
2022-02-02 00:00:00+05:30,682.8215700825615,686.9448887424803,664.9145861880568,669.4149169921875
2022-02-03 00:00:00+05:30,671.935962863483,685.1776935798677,663.0295838149063,667.5770263671875
2022-02-04 00:00:00+05:30,667.5534221565883,675.5409130457838,657.1862221420815,659.8251342773438
2022-02-07 00:00:00+05:30,659.8252030731057,668.6137736883439,651.248723358296,653.5106811523438
2022-02-08 00:00:00+05:30,655.0185809425222,661.6158903908641,643.3318954815843,649.3873291015625
2022-02-09 00:00:00+05:30,652.6623699124857,670.5693519028644,651.7670093081725,666.5638427734375
2022-02-10 00:00:00+05:30,668.6844345481389,677.6379259198195,651.7199245807443,658.7177734375
2022-02-11 00:00:00+05:30,645.5938745903198,659.2597303298229,645.5938745903198,650.2826538085938
2022-02-14 00:00:00+05:30,638.525423843684,643.1906764525786,624.9066782067231,628.0875244140625
2022-02-15 00:00:00+05:30,636.1690673797939,646.9839185156632,620.1470316087473,644.3685913085938
2022-02-16 00:00:00+05:30,647.9264975600878,655.9611015913254,638.4782417821567,642.2245483398438
2022-02-17 00:00:00+05:30,644.6985434580316,660.8880437822601,643.7377408597335,655.5316162109375
2022-02-18 00:00:00+05:30,660.5518744656958,660.5518744656958,643.9780274336474,646.59619140625
2022-02-21 00:00:00+05:30,638.9337169627672,642.7769272903629,621.9035146557036,625.026123046875
2022-02-22 00:00:00+05:30,607.70760596182,619.693594179626,603.8643958055397,615.706298828125
2022-02-23 00:00:00+05:30,615.3941163629187,636.0513739769746,615.3941163629187,629.3978271484375
2022-02-24 00:00:00+05:30,619.7177624380204,624.1855186010669,595.6976941264692,613.1122436523438
2022-02-25 00:00:00+05:30,617.7000005306065,639.9905734143734,617.7000005306065,631.5355224609375
2022-02-28 00:00:00+05:30,631.2474008765313,669.2711810825366,617.3878330652874,666.677001953125
2022-03-02 00:00:00+05:30,666.268668455581,686.9499121451944,654.2345907400561,667.9500732421875
2022-03-03 00:00:00+05:30,672.0814573447643,684.3316911991543,658.6061766478393,661.89697265625
2022-03-04 00:00:00+05:30,661.0322684304956,681.4733696650043,653.8502915874218,659.15869140625
2022-03-07 00:00:00+05:30,650.847725259338,655.3394658276983,626.7075591716773,636.5557861328125
2022-03-08 00:00:00+05:30,644.6026123662233,648.5418803303901,627.9086639651262,636.8681030273438
2022-03-09 00:00:00+05:30,643.2573366032875,652.3609177232148,638.9337249308234,641.5999755859375
2022-03-10 00:00:00+05:30,642.5607812717986,667.2774046612268,642.5607812717986,657.2850341796875
2022-03-11 00:00:00+05:30,658.1498212834542,675.4442691419976,656.7326608188087,665.4038696289062
2022-03-14 00:00:00+05:30,672.5619078761313,674.9158862822466,661.5607049401799,663.5543823242188
2022-03-15 00:00:00+05:30,669.151076261787,673.5227169758057,652.7453578394264,661.4166259765625
2022-03-16 00:00:00+05:30,670.1598618893594,711.4984201963334,663.4822716086519,702.4188232421875
2022-03-17 00:00:00+05:30,713.8763173976616,717.7195277201255,689.3758515919545,694.564208984375
2022-03-21 00:00:00+05:30,700.4251065435328,706.1899222352491,691.2254097736213,694.75634765625
2022-03-22 00:00:00+05:30,695.1406462258681,695.1406462258681,671.6250272277051,679.647705078125
2022-03-23 00:00:00+05:30,691.7299047758323,698.5275955005743,674.1472273693502,675.9727172851562
2022-03-24 00:00:00+05:30,675.444207599235,692.2342090749953,663.914576744056,675.3961791992188
2022-03-25 00:00:00+05:30,676.3329837519277,682.0497711641191,666.3166280011503,670.0637817382812
2022-03-28 00:00:00+05:30,671.6011373289077,676.7894957524961,663.4343137705448,672.4898681640625
2022-03-29 00:00:00+05:30,674.96386897432,681.4252434088286,670.6402570022425,672.8020629882812
2022-03-30 00:00:00+05:30,677.077617222772,679.7918963495333,666.7729739501056,674.7716674804688
2022-03-31 00:00:00+05:30,689.3278944280968,718.8245484298017,677.3658893347016,713.3479614257812
2022-04-01 00:00:00+05:30,716.7587707152344,739.7459621895847,711.2101120022668,732.2757568359375
2022-04-04 00:00:00+05:30,736.4552523276607,765.2313042482683,733.596887819102,749.8824462890625
2022-04-05 00:00:00+05:30,753.6295976640329,762.3969220671364,742.2200659065694,745.9431762695312
2022-04-06 00:00:00+05:30,742.2200993203402,756.3919394044502,733.9572194063634,743.5652465820312
2022-04-07 00:00:00+05:30,746.9279679683937,780.5560591156736,746.9279679683937,758.1693115234375
2022-04-08 00:00:00+05:30,763.8380950701885,784.0149504116653,761.7003326637229,778.34619140625
2022-04-11 00:00:00+05:30,787.2095968592146,813.3193956160375,783.0541139126645,806.7859497070312
2022-04-12 00:00:00+05:30,808.9717796623581,808.9717796623581,787.4257921807706,802.7265625
2022-04-13 00:00:00+05:30,806.3056745641878,826.9629335620027,801.7418615297869,805.9453735351562
2022-04-18 00:00:00+05:30,802.2221774488966,842.6959887321706,797.4661926437384,834.9134521484375
2022-04-19 00:00:00+05:30,839.7414942665258,844.5455073916204,801.6937337728724,812.1904907226562
2022-04-20 00:00:00+05:30,816.6581775470288,826.2902471996783,796.1450652160854,803.4231567382812
2022-04-21 00:00:00+05:30,807.07425440402,820.9098365080429,801.8619115728758,805.5850219726562
2022-04-22 00:00:00+05:30,801.3093673462888,833.9045837798791,798.4990314735317,806.3776245117188
2022-04-25 00:00:00+05:30,799.868237735034,804.624222769034,767.4891754218962,781.68505859375
2022-04-26 00:00:00+05:30,786.3449103960968,806.4977815063091,782.2375141835278,790.6925659179688
2022-04-27 00:00:00+05:30,788.7709307298737,798.0426409225882,784.0389895062544,788.7468872070312
2022-04-28 00:00:00+05:30,792.301899738196,796.9137408139446,777.8418313199381,784.18310546875
2022-04-29 00:00:00+05:30,788.2425228596013,792.1817902942047,761.9165066140744,766.2881469726562
2022-05-02 00:00:00+05:30,758.0733577349973,772.0530257973788,753.5816166784879,756.7282104492188
2022-05-04 00:00:00+05:30,761.9165943934393,775.367833134307,753.8939147443776,759.9469604492188
2022-05-05 00:00:00+05:30,766.2881849984691,780.0997238712055,760.3552400286424,766.5524291992188
2022-05-06 00:00:00+05:30,758.5537258226009,765.5675737501701,749.474128648804,760.4032592773438
2022-05-09 00:00:00+05:30,747.024101104278,761.4361416400518,739.818080836391,752.6207885742188
2022-05-10 00:00:00+05:30,754.9506202114868,763.814000472434,741.2832270952325,744.9342651367188
2022-05-11 00:00:00+05:30,745.5829174945809,755.0228160329034,729.3213430393724,747.9849243164062
2022-05-12 00:00:00+05:30,744.5980567267528,761.2199905239834,720.6020325015486,728.7448120117188
2022-05-13 00:00:00+05:30,731.6512168103405,754.1820506455234,705.2291439773998,725.3579711914062
2022-05-16 00:00:00+05:30,735.4944843730706,773.4461919272655,731.0988001872953,768.8343505859375
2022-05-17 00:00:00+05:30,776.3285804303251,806.5217935037853,774.4310185577814,803.0629272460938
2022-05-18 00:00:00+05:30,810.8453025251698,816.201788616918,800.3965745072663,807.5545654296875
2022-05-19 00:00:00+05:30,789.2993908468736,815.2410628527964,780.6521668448994,809.8365478515625
2022-05-20 00:00:00+05:30,828.6923543912733,858.4772390128727,826.0501468845184,844.1612548828125
2022-05-23 00:00:00+05:30,851.751544097311,888.7424458996195,845.5063269099082,872.312744140625
2022-05-24 00:00:00+05:30,874.2104042102886,880.5757224439944,847.8363569322711,857.3483276367188
2022-05-25 00:00:00+05:30,857.3482448685044,876.2520254656545,835.4419559604111,838.4924926757812
2022-05-26 00:00:00+05:30,845.5063667665202,852.7123869378257,819.4686373379662,846.9475708007812
2022-05-27 00:00:00+05:30,859.9184320079969,880.5516469055046,850.790806193387,861.912109375
2022-05-30 00:00:00+05:30,873.3696481173707,886.9409861587985,865.7792833840062,875.2432250976562
2022-05-31 00:00:00+05:30,875.2912002068614,899.3112660742287,869.7906285803299,883.1217651367188
2022-06-01 00:00:00+05:30,887.781681915973,926.5500468412458,883.938471171748,909.56787109375
2022-06-02 00:00:00+05:30,912.7625330336383,924.604437624965,905.5565130360044,911.6095581054688
2022-06-03 00:00:00+05:30,916.6056886298034,922.3224758796792,897.918066163468,911.6575317382812
2022-06-06 00:00:00+05:30,912.7625471968897,919.8484669711813,900.248068816383,906.9256591796875
2022-06-07 00:00:00+05:30,918.4312371887387,932.7231759943231,908.1986659481497,912.0899047851562
2022-06-08 00:00:00+05:30,915.1645444848228,917.5665511632607,875.2912336227545,885.1154174804688
2022-06-09 00:00:00+05:30,885.3796596178621,903.1545089970596,874.5465860661467,900.3201293945312
2022-06-10 00:00:00+05:30,888.2620564548529,912.1139941449928,885.1874762237028,909.3756713867188
2022-06-13 00:00:00+05:30,893.5224882703455,901.8334552758638,884.0345613870331,891.0964965820312
2022-06-14 00:00:00+05:30,888.718351666403,908.7751057199753,886.8207900094469,905.0039672851562
2022-06-15 00:00:00+05:30,912.5222372374275,912.5222372374275,890.207621094796,893.114013671875
2022-06-16 00:00:00+05:30,906.9736729985717,907.9344756643792,855.5947739016101,863.3292236328125
2022-06-17 00:00:00+05:30,852.7123211490181,947.6156229401912,847.692150940757,912.137939453125
2022-06-20 00:00:00+05:30,912.762543523996,932.4589984105664,816.682275784628,828.5962524414062
2022-06-21 00:00:00+05:30,845.0259348529581,870.4631616803783,832.055099013828,867.1724243164062
2022-06-22 00:00:00+05:30,856.9880286021819,873.3456603118462,844.9299657617934,855.1865234375
2022-06-23 00:00:00+05:30,866.1395364871843,877.8373555440547,840.8464539019074,850.550537109375
2022-06-24 00:00:00+05:30,859.9184552258229,869.5264826585137,853.6732373945739,862.9450073242188
2022-06-27 00:00:00+05:30,874.7866976469022,876.6122459894655,863.2811103126836,868.8057250976562
2022-06-28 00:00:00+05:30,868.3253715086817,872.9852407783549,861.4075808867868,864.79443359375
2022-06-29 00:00:00+05:30,854.6820112702466,865.5871568611934,853.1927788465289,856.891845703125
2022-06-30 00:00:00+05:30,859.389948077207,864.2419897653516,843.584732644779,850.2142944335938
2022-07-01 00:00:00+05:30,846.9474708481714,854.9701489016641,829.845196721815,834.0726928710938
2022-07-04 00:00:00+05:30,837.8199293987112,867.1244108742395,835.8983240560536,853.3609008789062
2022-07-05 00:00:00+05:30,857.5163169846118,867.1243429452237,840.702271553541,845.0499267578125
2022-07-06 00:00:00+05:30,847.908338511301,854.6819854643448,832.9678690343525,839.3091430664062
2022-07-07 00:00:00+05:30,843.1043498653268,862.2723750181636,828.4761525512557,833.8325805664062
2022-07-08 00:00:00+05:30,842.864111543038,851.3191630023827,830.6379214699139,836.1625366210938
2022-07-11 00:00:00+05:30,837.819965267182,849.613842019755,835.7061875712161,838.8287963867188
2022-07-12 00:00:00+05:30,838.3003728658722,846.9716408675138,831.0943524687444,836.6910400390625
2022-07-13 00:00:00+05:30,839.020950607084,843.2485059080644,826.3383433468854,828.2599487304688
2022-07-14 00:00:00+05:30,828.572253188646,844.0651971894192,828.2599805732597,831.0943603515625
2022-07-15 00:00:00+05:30,835.2738094828779,839.45333644202,826.7707289870003,829.2207641601562
2022-07-18 00:00:00+05:30,839.9337047526799,856.0751778591871,833.7605593344881,852.039794921875
2022-07-19 00:00:00+05:30,854.1536783678434,878.8703066272939,852.7124741861204,876.3001708984375
2022-07-20 00:00:00+05:30,884.2026694383183,892.0091908570218,872.5048504290236,879.662841796875
2022-07-21 00:00:00+05:30,882.4492216440291,893.4504239148303,875.2912300430106,887.6856079101562
2022-07-22 00:00:00+05:30,891.6248953818304,912.7385110152676,891.6248953818304,897.8460693359375
2022-07-25 00:00:00+05:30,898.302431885025,916.9660112699481,897.413701179598,914.4198608398438
2022-07-26 00:00:00+05:30,914.4198699435382,923.5715385551072,899.7436447895935,904.907958984375
2022-07-27 00:00:00+05:30,905.5564483674028,932.8432656002368,905.5564483674028,931.5701904296875
2022-07-28 00:00:00+05:30,940.5778025920471,977.6167344640787,933.179610170257,972.6445922851562
2022-07-29 00:00:00+05:30,980.0187029803241,992.7974251392594,966.6154942845452,972.8126831054688
2022-08-01 00:00:00+05:30,975.2147278328862,989.3384804252377,969.1856675116007,974.8303833007812
2022-08-02 00:00:00+05:30,974.7342778796578,996.8086950674957,972.8126726004471,984.0300903320312
2022-08-03 00:00:00+05:30,985.9516999092125,992.6532748925779,962.2438477594109,972.7646484375
2022-08-04 00:00:00+05:30,977.6407725549736,979.394190535602,951.9393008089544,963.0365600585938
2022-08-05 00:00:00+05:30,965.606627342747,967.5282325712898,949.1528825733494,959.5055541992188
2022-08-08 00:00:00+05:30,964.1655332797847,1044.3925607126316,961.763526470418,1037.306640625
2022-08-10 00:00:00+05:30,1037.6669421125623,1058.9247023850073,1025.8971087413781,1041.654296875
2022-08-11 00:00:00+05:30,1047.803465190291,1103.96233790219,1044.5367124478428,1087.8448486328125
2022-08-12 00:00:00+05:30,1088.0129354444093,1101.872443186348,1065.5301301606594,1090.6070556640625
2022-08-16 00:00:00+05:30,1098.5335541461586,1109.6308703316245,1072.1114844526358,1103.6258544921875
2022-08-17 00:00:00+05:30,1108.790447142411,1119.143120511955,1096.0357668326246,1100.3834228515625
2022-08-18 00:00:00+05:30,1102.52114844943,1128.9191803767746,1098.2456231539534,1112.29736328125
2022-08-19 00:00:00+05:30,1119.1967235706445,1122.5500898756488,1074.036180475096,1081.8524169921875
2022-08-22 00:00:00+05:30,1080.7184663349797,1094.6140625477105,1062.432325828288,1075.8212890625
2022-08-23 00:00:00+05:30,1070.3933870828068,1087.5216112168794,1064.5794170221127,1080.0430908203125
2022-08-24 00:00:00+05:30,1080.7668435611697,1088.4383110919669,1062.3600803744637,1069.814453125
2022-08-25 00:00:00+05:30,1075.3631114604723,1085.567627026334,1068.99432994022,1071.4307861328125
2022-08-26 00:00:00+05:30,1075.941844215674,1104.3843191844146,1072.1542888122935,1096.809326171875
2022-08-29 00:00:00+05:30,1075.9419069652708,1116.6877551746838,1068.7046295641592,1104.5050048828125
2022-08-30 00:00:00+05:30,1114.2272607749985,1116.4707698716081,1098.1604798104788,1107.4000244140625
2022-09-01 00:00:00+05:30,1095.723968828954,1123.4185742038937,1095.723968828954,1111.2117919921875
2022-09-02 00:00:00+05:30,1121.7780662805476,1170.0265852603561,1119.4139359682313,1143.2486572265625
2022-09-05 00:00:00+05:30,1149.1107868959475,1163.826584950832,1135.3117813636452,1147.1085205078125
2022-09-06 00:00:00+05:30,1152.8500253067532,1172.1977278627235,1150.7271376631386,1155.262451171875
2022-09-07 00:00:00+05:30,1157.964433198999,1182.0886922239781,1157.4819480184995,1164.4296875
2022-09-08 00:00:00+05:30,1170.5090802709317,1176.2506069600072,1161.8243467817,1168.482666015625
2022-09-09 00:00:00+05:30,1174.3689565204309,1190.77345303715,1170.0265897954168,1174.296630859375
2022-09-12 00:00:00+05:30,1182.0887360576464,1272.964870292263,1180.834227424135,1261.21630859375
2022-09-13 00:00:00+05:30,1270.528241943223,1272.7958987194718,1246.5004565359195,1253.2552490234375
2022-09-14 00:00:00+05:30,1239.9868796984479,1267.4643864115187,1224.2096382899244,1239.50439453125
2022-09-15 00:00:00+05:30,1245.704434327245,1246.8382038466648,1213.0642405627138,1227.5146484375
2022-09-16 00:00:00+05:30,1225.5124456277356,1232.2189429959544,1166.9869655119408,1198.2037353515625
2022-09-19 00:00:00+05:30,1201.3880650062888,1220.663323855877,1175.4061916634607,1197.093994140625
2022-09-20 00:00:00+05:30,1203.1009342364434,1217.9615012168656,1184.5011071418262,1187.420166015625
2022-09-21 00:00:00+05:30,1190.073797412698,1197.0456844302396,1162.306752838552,1184.3321533203125
2022-09-22 00:00:00+05:30,1186.9135641802118,1220.687527388592,1177.866966892253,1200.2060546875
2022-09-23 00:00:00+05:30,1203.8004564873002,1207.7568111822407,1161.3659108485272,1176.684814453125
2022-09-26 00:00:00+05:30,1154.321552490444,1161.800072178949,1095.9649982218893,1128.8463134765625
2022-09-27 00:00:00+05:30,1133.8402735153618,1140.788013605588,1096.6889113618797,1101.2001953125
2022-09-28 00:00:00+05:30,1090.416519777555,1117.918175364865,1081.2734490665857,1104.987548828125
2022-09-29 00:00:00+05:30,1114.5407370899363,1123.5390383474507,1091.091910828274,1116.856689453125
2022-09-30 00:00:00+05:30,1116.4706327425897,1137.4587366856765,1104.8909891877834,1131.3553466796875
2022-10-03 00:00:00+05:30,1136.1802735816582,1147.639296610097,1098.1362700095478,1105.6630859375
2022-10-04 00:00:00+05:30,1120.378879774966,1145.516286890702,1119.3656137827281,1142.52490234375
2022-10-06 00:00:00+05:30,1145.9264456188255,1203.1732648733841,1143.731114499981,1194.63330078125
2022-10-07 00:00:00+05:30,1191.2076390193124,1205.7304903626637,1178.0840654041442,1186.768798828125
2022-10-10 00:00:00+05:30,1177.2638553020715,1183.198446656089,1162.7892997040951,1167.4935302734375
2022-10-11 00:00:00+05:30,1171.956472205145,1182.5711458932935,1138.6649956377694,1142.910888671875
2022-10-12 00:00:00+05:30,1148.3147045336693,1154.6593374011104,1131.4277235846448,1138.761474609375
2022-10-13 00:00:00+05:30,1140.112540878869,1157.482008281171,1133.2371266987911,1138.8580322265625
2022-10-14 00:00:00+05:30,1153.13958575698,1160.7387273786005,1124.6729599997996,1127.56787109375
2022-10-17 00:00:00+05:30,1127.5678489320017,1151.6679597566185,1125.6620560581216,1140.57080078125
2022-10-18 00:00:00+05:30,1146.4813479677302,1200.3990709153336,1138.6651110187381,1195.57421875
2022-10-19 00:00:00+05:30,1201.5571247149692,1233.714717777109,1181.6546092248223,1191.71435546875
2022-10-20 00:00:00+05:30,1189.2777321261226,1209.1079211266212,1168.8445544149117,1181.123779296875
2022-10-21 00:00:00+05:30,1189.3260009684127,1201.3881307956785,1148.3147595557089,1159.19482421875
2022-10-24 00:00:00+05:30,1169.8095173508245,1169.9301386510442,1158.4469673112685,1165.1776123046875
2022-10-25 00:00:00+05:30,1166.528653687144,1213.9328270817307,1161.3419375141993,1208.0706787109375
2022-10-27 00:00:00+05:30,1213.353839643158,1220.5911178526635,1200.1096440786112,1216.079833984375
2022-10-28 00:00:00+05:30,1215.86269213147,1220.2050588890825,1197.3353077500187,1218.106201171875
2022-10-31 00:00:00+05:30,1218.757581357289,1231.2780483907704,1212.1957357018043,1220.711669921875
2022-11-01 00:00:00+05:30,1224.5474688018703,1230.0960487432499,1209.5181015566125,1221.3389892578125
2022-11-02 00:00:00+05:30,1220.6876437251403,1229.8548631839456,1194.150955818072,1203.245849609375
2022-11-03 00:00:00+05:30,1186.9136236258187,1238.5395414014133,1186.9136236258187,1227.9971923828125
2022-11-04 00:00:00+05:30,1234.5348916685505,1241.91693899063,1218.5647017854258,1235.6204833984375
2022-11-07 00:00:00+05:30,1241.820368421827,1258.2971900495963,1231.7846532112787,1250.89111328125
2022-11-09 00:00:00+05:30,1256.391332278745,1256.391332278745,1201.3880251052515,1207.4432373046875
2022-11-10 00:00:00+05:30,1204.28309184391,1206.2130326962238,1163.3683222160057,1172.9698486328125
2022-11-11 00:00:00+05:30,1188.843455158427,1222.6174169527005,1175.912829084059,1196.1290283203125
2022-11-14 00:00:00+05:30,1201.8465051492071,1212.364706241059,1168.6997949228555,1201.5087890625
2022-11-15 00:00:00+05:30,1202.3530560980525,1222.1832439082134,1187.1547730855773,1217.213623046875
2022-11-16 00:00:00+05:30,1219.4813104227921,1307.2453188405702,1217.479044013976,1293.6151123046875
2022-11-17 00:00:00+05:30,1300.9730366421916,1313.6382730495113,1279.1165514775212,1294.1942138671875
2022-11-18 00:00:00+05:30,1296.6732002832457,1300.3190227654452,1264.5414226809312,1274.846923828125
2022-11-21 00:00:00+05:30,1273.0241550655335,1297.2566533352149,1256.6422812811934,1290.32958984375
2022-11-22 00:00:00+05:30,1293.0518209886427,1330.482268438314,1290.6212724529498,1326.666259765625
2022-11-23 00:00:00+05:30,1331.9162944902403,1334.5898979319977,1315.4615517879927,1321.5621337890625
2022-11-24 00:00:00+05:30,1325.1350327982032,1342.8051677394844,1316.871167956835,1326.05859375
2022-11-25 00:00:00+05:30,1328.051611356697,1348.9299978360164,1323.6766243500317,1327.8328857421875
2022-11-28 00:00:00+05:30,1332.2806784794318,1347.5931322758272,1328.6348561469567,1342.9022216796875
2022-11-29 00:00:00+05:30,1344.579468767581,1348.1766331791107,1331.4788357126308,1337.8468017578125
2022-11-30 00:00:00+05:30,1337.8468281303217,1346.0134952213841,1322.9719417979063,1338.7705078125
2022-12-01 00:00:00+05:30,1341.6627878602721,1345.284281432258,1328.1975727469203,1339.4266357421875
2022-12-02 00:00:00+05:30,1337.9682992662063,1364.5099365256376,1334.3711349351177,1348.58984375
2022-12-05 00:00:00+05:30,1357.3396713070606,1360.6209114472065,1344.6521619601838,1352.989013671875
2022-12-06 00:00:00+05:30,1341.686965374221,1366.8431398021435,1338.3327375763631,1340.9334716796875
2022-12-07 00:00:00+05:30,1342.5135488247242,1348.6871186690819,1321.4406445262211,1325.4510498046875
2022-12-08 00:00:00+05:30,1327.0794866182914,1342.1245581611606,1318.3295119812478,1338.260009765625
2022-12-09 00:00:00+05:30,1344.9197870005626,1348.5412808090973,1302.5067124038408,1322.388671875
2022-12-12 00:00:00+05:30,1324.64892974555,1334.3467945045593,1315.8989551637444,1319.010009765625
2022-12-13 00:00:00+05:30,1322.704435587986,1328.3675658725301,1312.7878456153142,1316.385009765625
2022-12-14 00:00:00+05:30,1318.8154611939524,1324.1626672658779,1302.7738429781764,1304.548095703125
2022-12-15 00:00:00+05:30,1302.7738305033256,1307.4890702585042,1260.0205115552792,1265.7322998046875
2022-12-16 00:00:00+05:30,1263.8851496479315,1271.1767947420542,1236.7602061619712,1257.29833984375
2022-12-19 00:00:00+05:30,1254.2116264671706,1288.1906454548796,1242.1804119482997,1285.4683837890625
2022-12-20 00:00:00+05:30,1286.2461057389153,1296.9405178047718,1266.801720164631,1291.325927734375
2022-12-21 00:00:00+05:30,1294.9718819457432,1300.5378141475503,1244.4651327431627,1255.1595458984375
2022-12-22 00:00:00+05:30,1258.0519264721356,1264.3713526870265,1211.871504132548,1227.1839599609375
2022-12-23 00:00:00+05:30,1217.7046915050687,1227.1838298221742,1179.180501165038,1185.9373779296875
2022-12-26 00:00:00+05:30,1178.8159889292126,1236.6630415818215,1173.9548920676489,1228.4720458984375
2022-12-27 00:00:00+05:30,1238.9477809249652,1240.065856981864,1210.9479331351245,1226.017333984375
2022-12-28 00:00:00+05:30,1225.968513735176,1245.3885701435727,1214.496278744043,1227.451171875
2022-12-29 00:00:00+05:30,1220.1353066268075,1228.277643832385,1215.274209787657,1218.458251953125
2022-12-30 00:00:00+05:30,1224.5103659818674,1240.6491847036032,1223.197893493735,1230.4652099609375
2023-01-02 00:00:00+05:30,1234.7186150763876,1251.2220153491626,1228.0832652662289,1234.961669921875
2023-01-03 00:00:00+05:30,1236.6630551745975,1246.0206667359619,1225.7499163362597,1234.2568359375
2023-01-04 00:00:00+05:30,1240.4060275866789,1240.4060275866789,1202.1978785355193,1206.4998779296875
2023-01-05 00:00:00+05:30,1206.2811811966324,1224.2429102898288,1190.9687261461813,1220.961669921875
2023-01-06 00:00:00+05:30,1221.0588893946992,1234.986003295442,1206.5485862777737,1215.4686279296875
2023-01-09 00:00:00+05:30,1223.5379667591556,1235.6907077877527,1207.9824582425513,1213.281005859375
2023-01-10 00:00:00+05:30,1218.1908594998256,1218.1908594998256,1193.6423206312138,1205.236083984375
2023-01-11 00:00:00+05:30,1211.2639535537958,1221.0833466381898,1193.3994204774028,1198.09033203125
2023-01-12 00:00:00+05:30,1200.6909627545613,1205.2361359354245,1186.1076717089595,1190.4097900390625
2023-01-13 00:00:00+05:30,1190.3610903908668,1201.7846679811416,1183.9444662887497,1197.1666259765625
2023-01-16 00:00:00+05:30,1190.9687015002587,1217.7047335747543,1189.1457902224522,1204.3853759765625
2023-01-17 00:00:00+05:30,1207.3992580049176,1207.7395110482173,1183.0451153416745,1194.6632080078125
2023-01-18 00:00:00+05:30,1198.260397485854,1203.6076041277786,1178.6458238322348,1183.53125
2023-01-19 00:00:00+05:30,1183.1908641687264,1193.3991666122529,1169.5797942440245,1192.305419921875
2023-01-20 00:00:00+05:30,1192.42701567053,1225.9685827644014,1189.6318850793741,1219.8922119140625
2023-01-23 00:00:00+05:30,1228.8852589813278,1231.5831914146781,1215.1283314364962,1227.1595458984375
2023-01-24 00:00:00+05:30,1228.2289611616081,1239.5796695287447,1222.5658309273697,1236.711669921875
2023-01-25 00:00:00+05:30,1236.7117734453818,1236.7117734453818,1210.5833762632396,1225.53125
2023-01-27 00:00:00+05:30,1227.8401978409797,1235.6664925780185,1175.4618791750672,1198.2603759765625
2023-01-30 00:00:00+05:30,1195.8298568763314,1216.1978057474123,1177.965325477874,1201.3714599609375
2023-01-31 00:00:00+05:30,1207.3505338326268,1249.6907325158575,1200.690855253884,1240.965087890625
2023-02-01 00:00:00+05:30,1251.7324550941732,1260.48242953755,1118.0522899870286,1149.33349609375
2023-02-02 00:00:00+05:30,1118.076760902427,1170.5279557691015,1118.076760902427,1145.63916015625
2023-02-03 00:00:00+05:30,1149.6493985432319,1161.6806131791495,1122.9620244588452,1137.447998046875
2023-02-06 00:00:00+05:30,1143.1356210908482,1174.5139073676185,1142.357798097089,1168.0244140625
2023-02-07 00:00:00+05:30,1173.4201063589812,1193.3992616322944,1169.5798873675358,1179.642333984375
2023-02-08 00:00:00+05:30,1185.694450579818,1195.829885495609,1174.4653874966655,1183.1181640625
2023-02-09 00:00:00+05:30,1186.1077199452966,1203.6076699117027,1145.760613078305,1170.5765380859375
2023-02-10 00:00:00+05:30,1156.479194723469,1190.2151571997194,1154.510426891263,1168.09716796875
2023-02-13 00:00:00+05:30,1169.579952490905,1200.5207878023155,1167.927226962361,1189.4617919921875
2023-02-14 00:00:00+05:30,1192.7430711306397,1207.0104389336261,1187.6147085102114,1199.3785400390625
2023-02-15 00:00:00+05:30,1205.5521444850654,1212.8194612976465,1193.8611816061475,1206.791748046875
2023-02-16 00:00:00+05:30,1212.3573735619161,1317.3570498607828,1207.9823870494633,1295.676513671875
2023-02-17 00:00:00+05:30,1296.9406566764997,1335.8294319891384,1274.0935011803244,1282.940673828125
2023-02-20 00:00:00+05:30,1285.2739312365445,1285.2739312365445,1246.2636313190965,1257.6385498046875
2023-02-21 00:00:00+05:30,1262.426901843598,1290.1351549837925,1254.1630368719611,1274.701171875
2023-02-22 00:00:00+05:30,1276.038025673038,1281.8470131397994,1235.2048088515007,1244.22216796875
2023-02-23 00:00:00+05:30,1247.9164703409256,1250.9789851903279,1228.8853230353475,1235.180419921875
2023-02-24 00:00:00+05:30,1240.2359978880972,1247.4546555354198,1221.058875785088,1231.680419921875
2023-02-27 00:00:00+05:30,1229.8573973463353,1253.6767698641102,1223.6594993952815,1250.9302978515625
2023-02-28 00:00:00+05:30,1256.5935619161496,1267.287975209053,1242.5692497399423,1251.3922119140625
2023-03-01 00:00:00+05:30,1254.1631467850657,1307.6352189348165,1251.4166741872107,1304.840087890625
2023-03-02 00:00:00+05:30,1317.8434815026246,1326.4476000104705,1292.079665744735,1317.624755859375
2023-03-03 00:00:00+05:30,1319.7634560313977,1342.8293366823777,1303.260056080562,1308.631591796875
2023-03-06 00:00:00+05:30,1319.7635609168228,1325.6212067801519,1310.60046389995,1317.721923828125
2023-03-08 00:00:00+05:30,1314.9266601818301,1406.9472446468296,1314.9266601818301,1391.853515625
2023-03-09 00:00:00+05:30,1394.1382575054472,1406.704240425792,1378.1209670039593,1391.586181640625
2023-03-10 00:00:00+05:30,1387.8188600202338,1416.2319481622144,1368.1314172306506,1385.0723876953125
2023-03-13 00:00:00+05:30,1392.0238416179411,1416.523724033484,1348.9788021775285,1357.8746337890625
2023-03-14 00:00:00+05:30,1364.0238901085538,1368.155822776381,1328.5622093599118,1352.697509765625
2023-03-15 00:00:00+05:30,1362.9786761923071,1395.620893791398,1348.9543644274222,1353.013427734375
2023-03-16 00:00:00+05:30,1358.6764760341825,1359.8917501630144,1295.579419529402,1323.5550537109375
2023-03-17 00:00:00+05:30,1375.6904091491483,1385.4126028533824,1349.1731020850248,1360.5966796875
2023-03-20 00:00:00+05:30,1364.9786656514527,1364.9786656514527,1281.108875838652,1294.9403076171875
2023-03-21 00:00:00+05:30,1300.8889851305487,1308.2331081177365,1269.0644521860677,1300.1790771484375
2023-03-22 00:00:00+05:30,1302.3577186543507,1310.166944977979,1280.3253512335064,1285.12353515625
2023-03-23 00:00:00+05:30,1220.5931632608153,1233.71468607456,1211.8292248637765,1222.2333984375
2023-03-24 00:00:00+05:30,1233.8127015883642,1280.2275842690538,1233.8127015883642,1257.069091796875
2023-03-27 00:00:00+05:30,1236.2605931937787,1290.607098478733,1236.2605931937787,1287.204345703125
2023-03-28 00:00:00+05:30,1287.1799529468851,1297.4617251081193,1283.6057891937105,1286.91064453125
2023-03-29 00:00:00+05:30,1287.1310219731677,1330.0207505325227,1281.7453314685265,1325.2470703125
2023-03-31 00:00:00+05:30,1331.587461913419,1393.4250044651692,1330.0941329246807,1337.1690673828125
2023-04-03 00:00:00+05:30,1351.3187050573401,1356.8758062410786,1325.9569750195399,1328.0133056640625
2023-04-05 00:00:00+05:30,1335.1616297049377,1341.526536630557,1307.2539608772217,1332.5911865234375
2023-04-06 00:00:00+05:30,1335.6511747169518,1358.1731520032347,1328.2580430553276,1355.162109375
2023-04-10 00:00:00+05:30,1357.683544304346,1384.6119954174867,1354.7458950920036,1378.8345947265625
2023-04-11 00:00:00+05:30,1385.0770798079297,1393.9145316373244,1376.6803470741347,1382.9228515625
2023-04-12 00:00:00+05:30,1382.9227674782837,1389.801786108758,1367.3286995970973,1376.557861328125
2023-04-13 00:00:00+05:30,1378.2958881616246,1383.6325689404935,1368.4547169811322,1373.3262939453125
2023-04-17 00:00:00+05:30,1372.861546839916,1390.4874440176038,1366.4966395257509,1386.30126953125
2023-04-18 00:00:00+05:30,1392.200729224682,1397.8067184531226,1375.7988567333764,1385.1748046875
2023-04-19 00:00:00+05:30,1385.6157342073407,1394.648981746441,1376.484469399949,1381.2337646484375
2023-04-20 00:00:00+05:30,1385.1014238715481,1389.1896996414803,1355.5046358046943,1359.2255859375
2023-04-21 00:00:00+05:30,1356.214757486858,1369.4341793107371,1341.7713151237308,1362.0655517578125
2023-04-24 00:00:00+05:30,1368.1122507756322,1387.5496728864807,1356.2392516339607,1383.43701171875
2023-04-25 00:00:00+05:30,1384.1223040437474,1394.8936838417533,1378.2960146026696,1382.873779296875
2023-04-26 00:00:00+05:30,1382.6534677765312,1404.1228337775062,1379.887229437939,1390.976806640625
2023-04-27 00:00:00+05:30,1392.4455675053848,1395.2853186594064,1381.4293842181587,1389.9730224609375
2023-04-28 00:00:00+05:30,1392.9352729284394,1432.0794230360707,1392.4456647481481,1429.7537841796875
2023-05-02 00:00:00+05:30,1439.3746392331718,1448.2854841000456,1430.1944859637456,1438.61572265625
2023-05-03 00:00:00+05:30,1436.534857243732,1484.4919529926335,1431.075654496125,1471.615234375
2023-05-04 00:00:00+05:30,1480.4037774680983,1493.3050012760293,1439.4480995906642,1449.1668701171875
2023-05-05 00:00:00+05:30,1456.0948387644569,1460.4034149848699,1437.000118283013,1441.5780029296875
2023-05-08 00:00:00+05:30,1444.3442557684082,1454.1364202142956,1431.7123397265616,1448.65283203125
2023-05-09 00:00:00+05:30,1451.6883467860737,1459.0324699569983,1412.96028945143,1426.865234375
2023-05-10 00:00:00+05:30,1432.5934671721582,1449.2401445077198,1427.2077774459472,1446.498291015625
2023-05-11 00:00:00+05:30,1456.584276336426,1480.575076181967,1451.6881947352952,1477.808837890625
2023-05-12 00:00:00+05:30,1484.981576718542,1484.981576718542,1443.0221805378917,1456.0701904296875
2023-05-15 00:00:00+05:30,1462.4351639460476,1484.4920368835699,1454.4545265165737,1480.74658203125
2023-05-16 00:00:00+05:30,1487.7724335659327,1529.0954379250682,1485.0061950118006,1516.1942138671875
2023-05-17 00:00:00+05:30,1522.5836921299788,1551.4705775969464,1518.6178176678204,1534.3831787109375
2023-05-18 00:00:00+05:30,1539.8178560476947,1542.070101679064,1501.6284147848264,1514.798828125
2023-05-19 00:00:00+05:30,1522.6814874870881,1522.6814874870881,1490.8569547904126,1504.712890625
2023-05-22 00:00:00+05:30,1510.3923190801177,1521.212708333448,1492.6196366853167,1517.4427490234375
2023-05-23 00:00:00+05:30,1519.7438382619598,1531.7637433636264,1489.3881301523459,1491.5423583984375
2023-05-24 00:00:00+05:30,1491.542284548218,1503.0480765684702,1467.3556887104332,1469.4365234375
2023-05-25 00:00:00+05:30,1474.920110131391,1483.9533569754606,1458.8854425386523,1476.021728515625
2023-05-26 00:00:00+05:30,1483.4148859452066,1503.048102220422,1466.6458057997118,1478.714599609375
2023-05-29 00:00:00+05:30,1489.3880394827818,1495.1654397424538,1467.8697845152462,1475.5321044921875
2023-05-30 00:00:00+05:30,1482.7539126687277,1525.6925274180437,1476.168706359611,1518.8380126953125
2023-05-31 00:00:00+05:30,1536.3905689137139,1559.402154872587,1484.981706665167,1526.13330078125
2023-06-01 00:00:00+05:30,1507.993267480017,1516.806215147108,1498.445907507335,1508.3604736328125
2023-06-02 00:00:00+05:30,1514.8476984643019,1554.4569521396143,1510.000625329056,1551.05419921875
2023-06-05 00:00:00+05:30,1558.7900032611567,1628.4367650872737,1554.6528381524756,1607.62841796875
2023-06-06 00:00:00+05:30,1611.7900688251793,1684.252076779653,1610.3212443396158,1671.0816650390625
2023-06-07 00:00:00+05:30,1698.9403804969436,1725.8688303319097,1692.6733719014296,1707.77783203125
2023-06-08 00:00:00+05:30,1722.4661802870517,1736.9096224249467,1702.3677394393637,1727.0439453125
2023-06-09 00:00:00+05:30,1766.9958015581208,1853.1668353830664,1728.4391600029248,1827.658203125
2023-06-12 00:00:00+05:30,1838.4786741820687,1860.5110417821202,1785.650000572132,1804.72021484375
2023-06-13 00:00:00+05:30,1811.0605741397032,1811.0605741397032,1776.3228992804115,1781.781982421875
2023-06-14 00:00:00+05:30,1788.5388320319641,1830.64513905489,1784.6709748978121,1819.1883544921875
2023-06-15 00:00:00+05:30,1826.3364356131947,1834.6597747938922,1805.7483874389964,1815.2713623046875
2023-06-16 00:00:00+05:30,1822.8113129243784,1902.6174488380698,1820.5346826272573,1882.3966064453125
2023-06-19 00:00:00+05:30,1908.9823321920373,1933.9523498739543,1892.3356537374261,1906.240478515625
2023-06-20 00:00:00+05:30,1908.9822958556608,1908.9822958556608,1860.511085983973,1884.35498046875
2023-06-21 00:00:00+05:30,1899.3371108786982,1904.747305385983,1840.9268288131623,1870.4747314453125
2023-06-22 00:00:00+05:30,1871.2826268050042,1874.6853800454733,1834.292701680373,1841.147216796875
2023-06-23 00:00:00+05:30,1850.6211822486318,1889.8877377639146,1772.8713726536619,1782.4432373046875
2023-06-26 00:00:00+05:30,1783.642553043138,1821.342381916133,1752.8462471407029,1812.0643310546875
2023-06-27 00:00:00+05:30,1828.2949265683671,1845.822924131224,1788.6366621506936,1792.504638671875
2023-06-28 00:00:00+05:30,1804.108312644748,1833.582702269913,1794.9036546118828,1822.272705078125
2023-06-30 00:00:00+05:30,1827.1686862700851,1863.815905697344,1812.0398415934512,1856.8389892578125
2023-07-03 00:00:00+05:30,1864.991020945047,1865.9213482418697,1841.710246739938,1845.847412109375
2023-07-04 00:00:00+05:30,1845.8474168031626,1853.1670354805105,1818.894461508612,1822.3707275390625
2023-07-05 00:00:00+05:30,1822.2971711152973,1835.541096505133,1806.6542134179624,1828.6375732421875
2023-07-06 00:00:00+05:30,1831.134654999113,1843.2769621795542,1814.9775845138267,1826.752685546875
2023-07-07 00:00:00+05:30,1821.3424831572518,1853.0691180608346,1816.4464012132805,1840.6820068359375
2023-07-10 00:00:00+05:30,1852.4816052578324,1860.5111318028394,1831.6487527569163,1848.9808349609375
2023-07-11 00:00:00+05:30,1858.479339419399,1931.5043548575568,1856.031298411975,1918.015625
2023-07-12 00:00:00+05:30,1926.094219407325,1926.094219407325,1867.9777480150096,1881.9805908203125
2023-07-13 00:00:00+05:30,1890.8668166647071,1908.8109088904448,1870.3032728273383,1886.949951171875
2023-07-14 00:00:00+05:30,1888.174002487922,1893.3148885312573,1848.3688323600172,1878.479736328125
2023-07-17 00:00:00+05:30,1887.9292325530819,1915.836900150469,1862.3226996053197,1868.197998046875
2023-07-18 00:00:00+05:30,1874.2202309813485,1897.2318168894267,1866.6313037137909,1885.114013671875
2023-07-19 00:00:00+05:30,1886.9009896784646,1901.638244276711,1881.5888124410515,1890.3282470703125
2023-07-20 00:00:00+05:30,1889.887665850924,1893.290418959212,1868.1246051080734,1878.6021728515625
2023-07-21 00:00:00+05:30,1885.138461884847,1906.5343161538317,1881.5642981456538,1887.1702880859375
2023-07-24 00:00:00+05:30,1893.975791899442,1918.7253890006393,1884.9914342630984,1902.2501220703125
2023-07-25 00:00:00+05:30,1908.982253627251,1911.9199026454003,1874.2445778942865,1878.308349609375
2023-07-26 00:00:00+05:30,1883.9144779790965,1894.7837562400243,1874.5384091190938,1889.2022705078125
2023-07-27 00:00:00+05:30,1889.8876748443117,1893.7555318577643,1878.1370779022745,1886.4359130859375
2023-07-28 00:00:00+05:30,1884.991605763036,1933.462818482657,1875.7380584207738,1923.670654296875
2023-07-31 00:00:00+05:30,1931.0147422358166,1957.894184622502,1928.5667012339964,1939.5828857421875
2023-08-01 00:00:00+05:30,1942.2756807095998,1945.8743487026866,1887.464068000308,1892.7762451171875
2023-08-02 00:00:00+05:30,1892.825306072569,1893.3149142738293,1818.0376533300484,1831.061279296875
2023-08-03 00:00:00+05:30,1830.5960506166168,1857.108406358601,1812.309256072063,1844.1337890625
2023-08-04 00:00:00+05:30,1853.1669256184896,1860.4865438619058,1831.2814643005293,1836.0306396484375
2023-08-07 00:00:00+05:30,1843.3748259496422,1850.6455553473645,1833.5826621995775,1837.034423828125
2023-08-08 00:00:00+05:30,1845.822936409571,1857.9162351897414,1831.9915045916478,1848.63818359375
2023-08-09 00:00:00+05:30,1853.6565208098402,1879.6791470802834,1841.9549334283793,1872.384033203125
2023-08-10 00:00:00+05:30,1871.7721161799436,1889.8876192661737,1851.8695910079664,1856.4228515625
2023-08-11 00:00:00+05:30,1866.4353946906947,1894.2206589637442,1842.420089504872,1856.1046142578125
2023-08-14 00:00:00+05:30,1853.0935312096462,1905.5549988450236,1819.0901481550475,1899.11669921875
2023-08-16 00:00:00+05:30,1899.7042354256503,1916.8160173443355,1875.688930382158,1909.5452880859375
2023-08-17 00:00:00+05:30,1913.87830628589,1923.3032634094518,1890.5729099488763,1894.4163818359375
2023-08-18 00:00:00+05:30,1894.783736715347,1901.1486433244684,1850.7189986521994,1854.6358642578125
2023-08-21 00:00:00+05:30,1854.5624123086586,1877.0353801982876,1851.1351550119157,1870.719482421875
2023-08-22 00:00:00+05:30,1874.1222531290052,1913.486703782051,1871.3315103533396,1905.2857666015625
2023-08-23 00:00:00+05:30,1909.4721030687551,1982.8643291657093,1907.2198573902933,1973.6597900390625
2023-08-24 00:00:00+05:30,2032.0914557829612,2032.0914557829612,1944.5665013158812,1948.768310546875
2023-08-25 00:00:00+05:30,1960.243320423897,1975.0846892157945,1912.7214012879217,1921.714599609375
2023-08-28 00:00:00+05:30,1931.3468381349371,1945.8934170196405,1916.6037325003194,1924.09814453125
2023-08-29 00:00:00+05:30,1928.1279438596973,1930.855442456206,1904.3915192858399,1915.301513671875
2023-08-30 00:00:00+05:30,1930.3639666371366,1945.1070722886423,1916.628330534424,1919.2083740234375
2023-08-31 00:00:00+05:30,1925.9410660450365,1930.8554346749038,1905.1041910462798,1916.751220703125
2023-09-01 00:00:00+05:30,1926.3342008900763,1955.3289752246733,1921.0266588803454,1937.1212158203125
2023-09-04 00:00:00+05:30,1948.2276949440684,1975.0846704001535,1941.6915609415794,1949.161376953125
2023-09-05 00:00:00+05:30,1955.3289339485464,1958.375818377686,1937.833734354598,1942.576171875
2023-09-06 00:00:00+05:30,1946.876299668131,1965.1085350655053,1941.6916168335435,1960.562744140625
2023-09-07 00:00:00+05:30,1965.7473769800756,2000.098764400923,1964.6416440805242,1985.5277099609375
2023-09-08 00:00:00+05:30,1995.1844853207338,2034.0079977549556,1990.8107452029371,2017.6185302734375
2023-09-11 00:00:00+05:30,2049.2917449109264,2049.2917449109264,1998.182310505474,2006.3892822265625
2023-09-12 00:00:00+05:30,2014.8911437506154,2015.800349941506,1931.3468768146142,1936.6544189453125
2023-09-13 00:00:00+05:30,1941.175541430085,1960.8330152673516,1911.7385223506576,1951.1517333984375
2023-09-14 00:00:00+05:30,1957.8598211960061,1960.5873197186886,1936.2611955612565,1945.205322265625
2023-09-15 00:00:00+05:30,1952.9209700572012,1954.813050037682,1936.3104994917182,1940.020751953125
2023-09-18 00:00:00+05:30,2014.891192686617,2020.3706658650894,1945.0334887174256,1957.68798828125
2023-09-20 00:00:00+05:30,1958.031889941791,1994.0050438157994,1948.5471346222166,1962.11083984375
2023-09-21 00:00:00+05:30,1969.0400241799716,1977.541905772798,1917.3900826745712,1924.1964111328125
2023-09-22 00:00:00+05:30,1929.774232576568,1945.3527566126152,1894.4890430066014,1901.860595703125
2023-09-25 00:00:00+05:30,1910.01858884158,1911.3945160951905,1874.831660922554,1894.4891357421875
2023-09-26 00:00:00+05:30,1898.8137922624203,1924.8845420740186,1894.8085098052745,1902.42578125
2023-09-27 00:00:00+05:30,1903.8263643378211,1908.5686819669684,1883.186016557184,1885.9871826171875
2023-09-28 00:00:00+05:30,1901.6642324405339,1908.3477021388003,1852.7170703358,1856.7960205078125
2023-09-29 00:00:00+05:30,1865.4943840946148,1909.4779845625992,1864.6097737205466,1895.1280517578125
2023-10-03 00:00:00+05:30,1905.9396172938843,1930.1674787313816,1893.1130671270614,1923.5330810546875
2023-10-04 00:00:00+05:30,1923.5330583938958,1925.4004224749071,1855.665580153294,1883.4317626953125
2023-10-05 00:00:00+05:30,1902.0081285454266,1938.2270016130979,1898.0766336131485,1910.55908203125
2023-10-06 00:00:00+05:30,1911.8367026275055,1930.3638469179227,1909.7235002859081,1922.59912109375
2023-10-09 00:00:00+05:30,1902.8435641138126,1913.65517527355,1882.842107464239,1887.9530029296875
2023-10-10 00:00:00+05:30,1906.775000009345,1933.951482123975,1902.40125998574,1925.891845703125
2023-10-11 00:00:00+05:30,1931.1502726763065,1946.0899047613832,1923.9752467527312,1928.0050048828125
2023-10-12 00:00:00+05:30,1928.0051317501416,1940.782490551477,1924.466810231867,1934.73779296875
2023-10-13 00:00:00+05:30,1926.4324349680924,1955.9186457074,1921.5672581879862,1941.2738037109375
2023-10-16 00:00:00+05:30,1940.2419178966284,1946.0407768696498,1923.2873462009484,1929.676025390625
2023-10-17 00:00:00+05:30,1939.062410404552,1939.1116020828363,1926.5307703718045,1930.069091796875
2023-10-18 00:00:00+05:30,1931.346838595701,1950.070630748013,1916.6037329575659,1929.037109375
2023-10-19 00:00:00+05:30,1923.4838962964009,1931.8383230304426,1912.7705486062187,1920.43701171875
2023-10-20 00:00:00+05:30,1912.5739841772888,1921.0758657998124,1872.423616954046,1879.9425048828125
2023-10-23 00:00:00+05:30,1879.94249127827,1884.9552431674404,1809.568757857081,1813.6968994140625
2023-10-25 00:00:00+05:30,1813.4019152193898,1840.136030964079,1752.0215027205086,1778.8538818359375
2023-10-26 00:00:00+05:30,1764.2582157693553,1800.4770860637234,1737.524100268795,1788.2894287109375
2023-10-27 00:00:00+05:30,1798.6096575490426,1829.7668254496718,1794.383372678026,1822.6409912109375
2023-10-30 00:00:00+05:30,1837.9739308750397,1837.9739308750397,1798.708172161865,1803.18017578125
2023-10-31 00:00:00+05:30,1804.5561697516864,1816.3506545213054,1787.5033345182198,1791.8280029296875
2023-11-01 00:00:00+05:30,1797.5285841104608,1800.3789419027808,1787.8473019359399,1791.48388671875
2023-11-02 00:00:00+05:30,1803.5733750197207,1826.4743819423722,1791.778889733488,1823.673095703125
2023-11-03 00:00:00+05:30,1833.7967203701155,1872.2762521256657,1825.196574957687,1869.18017578125
2023-11-06 00:00:00+05:30,1877.2888648908934,1904.8093299259433,1875.3231173883898,1901.614990234375
2023-11-07 00:00:00+05:30,1906.725836154761,1988.3535470649538,1896.9462905760558,1982.603759765625
2023-11-08 00:00:00+05:30,1992.2358721527435,2012.925412297389,1974.3476181408105,2009.5345458984375
2023-11-09 00:00:00+05:30,2009.9767785099511,2014.6454287289841,1991.3021776338196,1996.02001953125
2023-11-10 00:00:00+05:30,2006.6840985862464,2074.7971734987814,1960.8330168283796,2023.6385498046875
2023-11-13 00:00:00+05:30,2036.5143476971853,2039.4629688569785,2006.8316093471476,2025.06396484375
2023-11-15 00:00:00+05:30,2030.6665545543776,2068.949442808278,2005.6032715179829,2055.189208984375
2023-11-16 00:00:00+05:30,2057.0074932320676,2118.0930028765015,2049.2918380498863,2078.090087890625
2023-11-17 00:00:00+05:30,2083.7904969853043,2112.0970658068372,2079.5149006740394,2089.58935546875
2023-11-20 00:00:00+05:30,2100.695896998653,2129.8871963681668,2079.7606402930505,2109.836669921875
2023-11-21 00:00:00+05:30,2117.1099989946547,2124.9237970993418,2098.4353982607186,2107.576171875
2023-11-22 00:00:00+05:30,2108.214992947127,2115.2426842048612,2053.1740631853218,2075.927734375
2023-11-23 00:00:00+05:30,2080.6941876105116,2122.0240698483913,2071.553415278855,2109.492431640625
2023-11-24 00:00:00+05:30,2117.994565964353,2212.448830129108,2109.0013670588773,2201.93212890625
2023-11-28 00:00:00+05:30,2269.455497978554,2294.3714436261375,2227.1919265566926,2247.832275390625
2023-11-29 00:00:00+05:30,2292.061449178971,2315.6996094576234,2261.248262958608,2303.26611328125
2023-11-30 00:00:00+05:30,2329.3126178970233,2402.1436654393297,2267.4899493324606,2339.043212890625
2023-12-01 00:00:00+05:30,2452.269924790112,2457.1842933768658,2395.4105842576096,2420.080810546875
2023-12-04 00:00:00+05:30,2490.6020054146234,2491.093442274413,2430.64670852027,2476.251953125
2023-12-05 00:00:00+05:30,2476.2518352083584,2528.9339600529147,2462.295077046816,2509.227294921875
2023-12-06 00:00:00+05:30,2515.173882062437,2706.981595021419,2512.7658894091237,2668.109130859375
2023-12-07 00:00:00+05:30,2683.2452372722837,2694.744811725856,2615.5742861287436,2643.6845703125
2023-12-08 00:00:00+05:30,2653.7589164269452,2735.5339580079267,2643.979371374954,2686.83251953125
2023-12-11 00:00:00+05:30,2693.0248367786407,2764.8238109671634,2675.7264030532465,2743.937744140625
2023-12-12 00:00:00+05:30,2757.108345562463,2771.949835934179,2668.797278560833,2692.975830078125
2023-12-13 00:00:00+05:30,2701.9197115791403,2730.423047932649,2689.682982412357,2722.56005859375
2023-12-14 00:00:00+05:30,2737.303273544559,2765.3643658666715,2717.793134480059,2725.5087890625
2023-12-15 00:00:00+05:30,2738.1388937675624,2744.920626563062,2669.5834506728447,2714.500732421875
2023-12-18 00:00:00+05:30,2712.731429353008,2800.944344492295,2705.1141581292813,2764.922119140625
2023-12-19 00:00:00+05:30,2771.654576127721,2776.0283159963833,2729.194481293675,2739.711181640625
2023-12-20 00:00:00+05:30,2750.0316971772736,2771.6549207494327,2605.5984404451256,2620.2431640625
2023-12-21 00:00:00+05:30,2593.803729429585,2691.059035369897,2540.728548910753,2660.147705078125
2023-12-22 00:00:00+05:30,2676.3650177369245,2680.2965124379703,2631.742648863812,2657.3955078125
2023-12-26 00:00:00+05:30,2663.587887944846,2781.483547391703,2654.98774255019,2772.3427734375
2023-12-27 00:00:00+05:30,2784.4320818173487,2788.3635767322735,2740.2519557027595,2760.10595703125
2023-12-28 00:00:00+05:30,2764.332276098348,2778.583944721788,2748.164051755359,2757.7470703125
2023-12-29 00:00:00+05:30,2759.8108945497856,2781.532498739245,2736.3203097138016,2755.977783203125
2024-01-01 00:00:00+05:30,2757.059245363598,2810.9205347642965,2757.059245363598,2777.9453125
2024-01-02 00:00:00+05:30,2781.434160028788,2790.132688171178,2701.379145950551,2743.98681640625
2024-01-03 00:00:00+05:30,2715.679930194496,2837.114019219863,2715.679930194496,2820.847412109375
2024-01-04 00:00:00+05:30,2826.7448038838556,2868.025499907194,2816.277294804556,2854.510986328125
2024-01-05 00:00:00+05:30,2928.963458487099,3026.267949222073,2914.318737178418,2947.49072265625
2024-01-08 00:00:00+05:30,2965.330032621085,2982.9725680185143,2933.8780733755184,2944.296630859375
2024-01-09 00:00:00+05:30,2968.2785752195623,3022.140101993572,2949.6039749118895,2958.695556640625
2024-01-10 00:00:00+05:30,2965.428229118355,2973.6842719163196,2927.1451079189333,2965.624755859375
2024-01-11 00:00:00+05:30,2978.0090561395027,2990.7374630712197,2961.3985858765645,2968.720947265625
2024-01-12 00:00:00+05:30,2978.1074988124174,2978.1074988124174,2939.77542209503,2950.537841796875
2024-01-15 00:00:00+05:30,2964.347088845338,2987.1497107676532,2933.8780040461984,2978.64794921875
2024-01-16 00:00:00+05:30,3001.696407991759,3011.967390603516,2891.368830455061,2942.28173828125
2024-01-17 00:00:00+05:30,2928.9635647584173,2956.5824111346956,2881.589101400848,2907.63525390625
2024-01-18 00:00:00+05:30,2906.849245883891,2929.946780043915,2796.963907717934,2916.7763671875
2024-01-19 00:00:00+05:30,2933.8781559942668,2980.0732224370577,2931.126061490899,2976.2890625
2024-01-23 00:00:00+05:30,2955.501374214831,2970.2444805045625,2798.487292229191,2840.99658203125
2024-01-24 00:00:00+05:30,2840.455857826111,2891.5652912427913,2771.703889135361,2881.2451171875
2024-01-25 00:00:00+05:30,2889.648582285218,2907.6352183913204,2825.761793901361,2854.068603515625
2024-01-29 00:00:00+05:30,2860.1627125799814,2933.8782464093624,2854.167086511424,2925.966064453125
2024-01-30 00:00:00+05:30,2940.5124772831427,3012.5079778968275,2934.9101450224916,2960.956298828125
2024-01-31 00:00:00+05:30,2963.3641755487874,2966.804233464018,2930.782008706861,2948.03125
2024-02-01 00:00:00+05:30,2968.2786015434967,3021.3537818359964,2904.5391455232807,2946.213134765625
2024-02-02 00:00:00+05:30,2960.4154843360698,2995.7497446648695,2914.5645237646213,2919.82275390625
2024-02-05 00:00:00+05:30,2928.963599944054,2953.5354422254636,2862.816152530619,2882.277099609375
2024-02-06 00:00:00+05:30,2886.6509298208607,2918.1520806026765,2857.2631015169773,2907.78271484375
2024-02-07 00:00:00+05:30,2914.1221299877875,2926.9978714099184,2871.9569443451246,2899.231689453125
2024-02-08 00:00:00+05:30,2912.254886458291,3078.3605482238836,2905.42396196928,3044.156494140625
2024-02-09 00:00:00+05:30,3073.4461389746184,3073.4461389746184,2869.991277840066,2914.564697265625
2024-02-12 00:00:00+05:30,2924.049382363389,2935.89305894602,2779.5669422936685,2797.307861328125
2024-02-13 00:00:00+05:30,2812.788103897126,2882.7686658641696,2776.470967366784,2872.546875
2024-02-14 00:00:00+05:30,2837.5565090046616,2915.5965885716314,2806.3994592010995,2906.4560546875
2024-02-15 00:00:00+05:30,2938.7924681097766,2982.0389124565427,2932.05968704021,2971.423828125
2024-02-16 00:00:00+05:30,2991.8677225370548,3051.8230218388812,2983.218385465564,3026.07177734375
2024-02-19 00:00:00+05:30,3046.8594592080335,3060.570500145146,2965.1827938647207,2969.998779296875
2024-02-20 00:00:00+05:30,2988.859701304392,2988.859701304392,2941.5337315972474,2965.5927734375
2024-02-21 00:00:00+05:30,2968.2165225274034,2994.998291127453,2905.990008849087,2918.8115234375
2024-02-22 00:00:00+05:30,2929.6528558439177,2980.147041598578,2910.8412964451227,2975.840087890625
2024-02-23 00:00:00+05:30,2976.1866803993594,3035.0965631284885,2976.1866803993594,3015.294921875
2024-02-26 00:00:00+05:30,3015.2452844535046,3044.502256924876,2983.8101798494836,3019.502685546875
2024-02-27 00:00:00+05:30,3014.750374881868,3094.7490551233327,3003.1664629138127,3064.799072265625
2024-02-28 00:00:00+05:30,3083.115485433663,3138.5600799051736,3030.8886576055875,3054.60107421875
2024-02-29 00:00:00+05:30,3054.353623656801,3074.2048174401607,2984.2064542549765,3053.462646484375
2024-03-01 00:00:00+05:30,3068.2642832480124,3132.619616714008,3061.333708874751,3123.015869140625
2024-03-04 00:00:00+05:30,3125.6890030592094,3194.8463303023996,3101.9270340780813,3183.064208984375
2024-03-05 00:00:00+05:30,3196.974851630078,3234.350447990882,3169.2525549916013,3204.8955078125
2024-03-06 00:00:00+05:30,3206.677827863581,3212.816288298606,3123.0158936998732,3196.182861328125
2024-03-07 00:00:00+05:30,3229.6475852613635,3300.9334914964393,3222.7665634894656,3284.399169921875
2024-03-11 00:00:00+05:30,3331.625982234351,3394.00114921229,3302.9136037841886,3338.011962890625
2024-03-12 00:00:00+05:30,3341.526843663107,3346.477253801867,3208.954956834808,3235.142578125
2024-03-13 00:00:00+05:30,3217.7665096734145,3237.9147751216806,2985.8398004761843,3009.354248046875
2024-03-14 00:00:00+05:30,3023.661100711446,3146.3817254059236,2987.127168878662,3134.55029296875
2024-03-15 00:00:00+05:30,3133.5600371585424,3150.985577377683,2976.186548609042,3068.36328125
2024-03-18 00:00:00+05:30,3106.877437330044,3152.421211108623,3074.6006661818733,3090.986572265625
2024-03-19 00:00:00+05:30,3080.887698561303,3113.213779541487,3004.2554475769034,3028.561767578125
2024-03-20 00:00:00+05:30,3043.512373559648,3049.4528661560557,2884.7033015033817,2950.939697265625
2024-03-21 00:00:00+05:30,2994.0079977786554,3097.4220153633723,2990.047669739266,3090.392578125
2024-03-22 00:00:00+05:30,3083.1648973378533,3178.0641119107086,3054.4029669229803,3139.35205078125
2024-03-26 00:00:00+05:30,3161.3320913778816,3272.22128468647,3148.461024297421,3268.06298828125
2024-03-27 00:00:00+05:30,3284.102190751058,3291.9237423319532,3212.816282480309,3248.5087890625
2024-03-28 00:00:00+05:30,3258.3599764356964,3311.8244063134016,3239.5484177750222,3294.0029296875
2024-04-01 00:00:00+05:30,3358.358418957883,3419.9910285039114,3328.7550614218712,3369.595947265625
2024-04-02 00:00:00+05:30,3405.882147676757,3548.4539585097373,3378.1598511259,3507.860595703125
2024-04-03 00:00:00+05:30,3504.8903244527037,3574.988179285606,3473.5047729984867,3553.701416015625
2024-04-04 00:00:00+05:30,3574.146717464202,3579.0971278103398,3477.3661951972076,3505.8310546875
2024-04-05 00:00:00+05:30,3509.8407276977487,3559.3448282294517,3473.0592776903895,3550.483642578125
2024-04-08 00:00:00+05:30,3564.2952872778583,3564.2952872778583,3507.91016434102,3531.77099609375
2024-04-09 00:00:00+05:30,3532.6129451975535,3553.4046693705213,3492.019578955093,3511.375732421875
2024-04-10 00:00:00+05:30,3514.7914067756524,3587.66154502355,3513.4546992712876,3530.03857421875
2024-04-12 00:00:00+05:30,3529.642484077946,3641.076266386164,3514.791253429652,3602.017578125
2024-04-15 00:00:00+05:30,3603.898753401185,3663.303677907798,3528.702068140415,3593.25537109375
2024-04-16 00:00:00+05:30,3590.0373543725714,3701.8670686256296,3549.790617509455,3685.233642578125
2024-04-18 00:00:00+05:30,3706.867010065195,3730.6289780784336,3616.472475070986,3640.679931640625
2024-04-19 00:00:00+05:30,3623.7004280742517,3723.8471342006765,3585.0872267914933,3714.094970703125
2024-04-22 00:00:00+05:30,3762.311756001519,3772.212576412049,3695.580323122244,3747.95556640625
2024-04-23 00:00:00+05:30,3762.311600162782,3793.8458085518414,3745.529758605903,3758.05419921875
2024-04-24 00:00:00+05:30,3788.153131316676,3960.328307811059,3774.687918382416,3907.556884765625
2024-04-25 00:00:00+05:30,3919.3389386479976,3994.9811113297114,3899.933233588038,3961.07080078125
2024-04-26 00:00:00+05:30,3980.080277624701,3999.8819185703273,3927.0120249219717,3944.8828125
2024-04-29 00:00:00+05:30,3966.61525300983,4004.6343064220405,3935.8731575148827,3977.8525390625
2024-04-30 00:00:00+05:30,3995.3276610984694,3995.822702119002,3891.022421384595,3900.27978515625
2024-05-02 00:00:00+05:30,3902.9033795775053,3933.6950275348286,3892.40841332524,3908.0517578125
2024-05-03 00:00:00+05:30,3913.0517579283583,3927.6554680756017,3841.518330257962,3881.319580078125
2024-05-06 00:00:00+05:30,3896.9629831779403,3899.3390834312017,3747.5101447558586,3778.549072265625
2024-05-07 00:00:00+05:30,3777.608477907675,3800.9249583350856,3656.768916366431,3678.15478515625
2024-05-08 00:00:00+05:30,3666.2738686156895,3844.686607505041,3634.5912426919244,3818.25146484375
2024-05-09 00:00:00+05:30,3857.1614539982957,3914.7841773083037,3782.5586795766153,3808.498779296875
2024-05-10 00:00:00+05:30,3821.7165641308375,3868.9434277323367,3782.756740293258,3834.488525390625
2024-05-13 00:00:00+05:30,3837.06295360634,3897.952999186727,3725.282787757036,3882.854248046875
2024-05-14 00:00:00+05:30,3940.1797661772544,4045.722604910458,3936.5660635360005,4034.287109375
2024-05-15 00:00:00+05:30,4065.079039631874,4152.008541214811,4010.822731967591,4140.8701171875
2024-05-16 00:00:00+05:30,4173.195921928459,4610.218050611866,4115.7711619114125,4558.041015625
2024-05-17 00:00:00+05:30,4598.882172046285,4619.6738967262245,4440.5676530896235,4486.75537109375
2024-05-21 00:00:00+05:30,4702.889678506783,4821.699523016428,4678.286043185211,4734.81982421875
2024-05-22 00:00:00+05:30,4762.294769977392,4911.401226822806,4688.038614520364,4872.39208984375
2024-05-23 00:00:00+05:30,4894.965741396089,4943.479762700378,4859.322786968447,4900.80712890625
2024-05-24 00:00:00+05:30,4900.906051326969,5324.661160411401,4872.292777331162,5115.4072265625
2024-05-27 00:00:00+05:30,5141.001151969043,5171.396864914106,4975.45923637713,5091.3486328125
2024-05-28 00:00:00+05:30,5088.031639574462,5156.248195925618,4905.8565429249775,4969.96435546875
2024-05-29 00:00:00+05:30,4950.410226808779,5100.902697703766,4900.906124540691,5001.64697265625
2024-05-30 00:00:00+05:30,5011.844845966741,5039.517833733672,4903.925898250243,4926.89599609375
2024-05-31 00:00:00+05:30,4970.211719594029,4992.785396180138,4813.976970867443,4924.51953125
2024-06-03 00:00:00+05:30,5390.006768060731,5390.006768060731,5111.1004566539705,5221.34619140625
2024-06-04 00:00:00+05:30,5093.972054945852,5093.972054945852,3916.021957303125,4290.3720703125
2024-06-05 00:00:00+05:30,4377.301000012666,4404.973985682547,3881.121495327103,4321.60888671875
2024-06-06 00:00:00+05:30,4405.865030301248,4752.393740549661,4405.865030301248,4620.31689453125
2024-06-07 00:00:00+05:30,4620.366447255655,4740.513004489473,4504.873469178592,4698.087890625
2024-06-10 00:00:00+05:30,4752.394025816702,4795.957637720022,4704.424355243206,4764.96826171875
2024-06-11 00:00:00+05:30,4783.135730555034,4873.728238817137,4782.096337770051,4808.4326171875
2024-06-12 00:00:00+05:30,4833.382446203721,4876.45101616187,4793.531642966584,4840.51123046875
2024-06-13 00:00:00+05:30,4891.005286577623,5066.794159726892,4807.838395064967,5049.12158203125
2024-06-14 00:00:00+05:30,5089.021914562443,5207.83176470787,5053.13143899768,5148.97119140625
2024-06-18 00:00:00+05:30,5405.9467258798595,5511.786393053751,5336.046841272354,5478.5693359375
2024-06-19 00:00:00+05:30,5524.65739193229,5527.42942807257,5208.920348425142,5259.26611328125
2024-06-20 00:00:00+05:30,5258.325690124497,5327.928263839242,5105.457120543089,5236.14794921875
2024-06-21 00:00:00+05:30,5245.949746470159,5288.523274657045,5099.91264396863,5119.2685546875
2024-06-24 00:00:00+05:30,5118.7242967027705,5291.39451284775,5063.873846768164,5272.236328125
2024-06-25 00:00:00+05:30,5321.690894915518,5400.897457072399,5277.137203702271,5318.3740234375
2024-06-26 00:00:00+05:30,5314.314645378026,5356.343821232411,5222.28681008372,5233.029296875
2024-06-27 00:00:00+05:30,5212.782297565056,5256.791640632161,5161.298027959475,5229.11865234375
2024-06-28 00:00:00+05:30,5246.444902804738,5290.998596072565,5197.980191974664,5212.03955078125
2024-07-01 00:00:00+05:30,5217.732275889213,5355.353677473388,5201.197712683201,5340.5517578125
2024-07-02 00:00:00+05:30,5346.4431363225785,5366.244777568218,5247.434930094382,5291.0478515625
2024-07-03 00:00:00+05:30,5313.721093862726,5425.649677129569,5278.573180808328,5405.15478515625
2024-07-04 00:00:00+05:30,5420.698982064953,5513.46985938911,5405.154501197613,5460.4013671875
2024-07-05 00:00:00+05:30,5480.104152008848,5569.1622258672105,5428.124844333967,5496.935546875
2024-07-08 00:00:00+05:30,5524.657759754117,5606.290216981079,5505.351160056051,5566.19189453125
2024-07-09 00:00:00+05:30,5582.973646860285,5618.468185496982,5462.332050828505,5484.65869140625
2024-07-10 00:00:00+05:30,5513.568462067759,5524.657573870992,5266.2461712221875,5431.73828125
2024-07-11 00:00:00+05:30,5445.451584894052,5519.70774286988,5410.7987111719995,5492.57958984375
2024-07-12 00:00:00+05:30,5514.756732902907,5523.123119167531,5391.986565060904,5434.75830078125
2024-07-15 00:00:00+05:30,5440.500487385329,5480.103766638361,5375.155076617825,5450.00537109375
2024-07-16 00:00:00+05:30,5437.728610082136,5446.441138396962,5259.018807231627,5276.54296875
2024-07-18 00:00:00+05:30,5272.187290211615,5272.187290211615,4925.658548131978,4966.00439453125
2024-07-19 00:00:00+05:30,4960.310812465822,4970.211632450783,4735.661303694736,4752.64111328125
2024-07-22 00:00:00+05:30,4752.146296087849,5023.527881344261,4631.603807093902,4947.6875
2024-07-23 00:00:00+05:30,4994.963901013273,5018.725870017102,4465.2700086362465,4807.9375
2024-07-24 00:00:00+05:30,4806.848283227491,4917.88588684133,4755.463122263386,4801.40283203125
2024-07-25 00:00:00+05:30,4732.592095667363,4845.213926395849,4685.117469031035,4782.1455078125
2024-07-26 00:00:00+05:30,4801.898084650216,4884.817458792372,4793.977428015742,4856.74853515625
2024-07-29 00:00:00+05:30,4897.737291481102,4991.993288316973,4862.292550361892,4980.1123046875
2024-07-30 00:00:00+05:30,4999.865214299353,5031.597151721402,4896.055011087055,4904.52001953125
2024-07-31 00:00:00+05:30,4904.519723601874,4938.430032938407,4863.282903972298,4874.025390625
2024-08-01 00:00:00+05:30,4873.184130113116,4897.837077886975,4750.018012703693,4765.56201171875
2024-08-02 00:00:00+05:30,4692.988864598307,4720.711161688761,4585.416547754655,4649.177734375
2024-08-05 00:00:00+05:30,4456.408736919525,4617.544594865005,4435.666807480588,4545.56591796875
2024-08-06 00:00:00+05:30,4555.367155867325,4690.1174090239465,4455.368876636158,4469.52685546875
2024-08-07 00:00:00+05:30,4555.318126602994,4701.89957832575,4524.674894282728,4693.4345703125
2024-08-08 00:00:00+05:30,4694.968680270848,4712.740844926464,4613.781959102099,4621.55419921875
2024-08-09 00:00:00+05:30,4699.622499877187,4726.156504537112,4655.909992109259,4677.04833984375
2024-08-12 00:00:00+05:30,4643.484571342857,4712.49347998959,4635.663020245134,4679.671875
2024-08-13 00:00:00+05:30,4700.90939718218,4726.7506344061985,4638.534230370369,4654.72216796875
2024-08-14 00:00:00+05:30,4658.137971159772,4763.779922347604,4548.18954967979,4615.4658203125
2024-08-16 00:00:00+05:30,4722.196332823192,4747.047488941412,4613.782348454991,4722.4931640625
2024-08-19 00:00:00+05:30,4762.294659508842,4809.818597898951,4727.097436014068,4744.720703125
2024-08-20 00:00:00+05:30,4749.423822224605,4762.245578764036,4637.148609043586,4689.078125
2024-08-21 00:00:00+05:30,4676.121853841236,4738.271680742082,4668.477044588661,4697.11962890625
2024-08-22 00:00:00+05:30,4705.9062194030585,4779.373953630025,4688.035689455958,4733.80419921875
2024-08-23 00:00:00+05:30,4772.424321392586,4829.014333108703,4743.235885987577,4788.06103515625
2024-08-26 00:00:00+05:30,4815.115197565793,4815.115197565793,4735.690616987388,4767.46044921875
2024-08-27 00:00:00+05:30,4760.510521710983,4764.084724583093,4681.085945749173,4687.48974609375
2024-08-28 00:00:00+05:30,4690.021341324562,4728.740823185624,4636.409751055399,4651.45068359375
2024-08-29 00:00:00+05:30,4626.48138304137,4649.762904938787,4507.791480523569,4568.84912109375
2024-08-30 00:00:00+05:30,4580.812259495449,4668.626247150904,4569.69262533935,4646.2880859375
2024-09-02 00:00:00+05:30,4665.201152918689,4681.08606852769,4629.261337445661,4654.2802734375
2024-09-03 00:00:00+05:30,4887.2420898945975,4889.575283684292,4767.112423026415,4797.591796875
2024-09-04 00:00:00+05:30,4810.150984190227,4914.395742361532,4760.85820263734,4826.8798828125
2024-09-05 00:00:00+05:30,4835.963814646613,4852.742159176573,4741.696578201349,4757.97900390625
2024-09-06 00:00:00+05:30,4750.58237252283,4762.992462315209,4661.229726017698,4669.619140625
2024-09-09 00:00:00+05:30,4654.3797184350815,4659.194930502538,4548.248721441186,4623.3544921875
2024-09-10 00:00:00+05:30,4646.337668574222,4702.828300966949,4642.366439797664,4651.69873046875
2024-09-11 00:00:00+05:30,4636.40988018993,4674.533581822669,4552.021263526944,4565.67236328125
2024-09-12 00:00:00+05:30,4574.806232817838,4620.22716322727,4563.09081673599,4608.3134765625
2024-09-13 00:00:00+05:30,4624.495979231478,4656.265809917482,4598.682991799099,4611.5400390625
2024-09-16 00:00:00+05:30,4621.517464045238,4629.360543883238,4557.034443222495,4564.2822265625
2024-09-17 00:00:00+05:30,4565.920571858003,4566.8140014348655,4394.710766596365,4426.43115234375
2024-09-18 00:00:00+05:30,4421.914005924577,4452.74047685669,4389.2008134188245,4405.73095703125
2024-09-19 00:00:00+05:30,4403.099945700372,4431.990732264094,4141.991651287925,4201.361328125
2024-09-20 00:00:00+05:30,4199.524985407673,4361.848961674592,4162.492986199059,4302.18115234375
2024-09-23 00:00:00+05:30,4338.567366955069,4428.714064791015,4322.682452110382,4406.02880859375
2024-09-24 00:00:00+05:30,4406.028834708042,4412.035124261636,4330.624935200103,4370.7841796875
2024-09-25 00:00:00+05:30,4368.302430645727,4408.064166892123,4341.099124323,4357.67919921875
2024-09-26 00:00:00+05:30,4359.36722354539,4373.315971613015,4286.941740164585,4337.87255859375
2024-09-27 00:00:00+05:30,4359.465885984439,4452.095089122929,4342.985674187769,4441.96826171875
2024-09-30 00:00:00+05:30,4427.92008740054,4430.898508983993,4353.459547814208,4388.85302734375
2024-10-01 00:00:00+05:30,4396.1503969319065,4414.020927000735,4366.415626604166,4394.26416015625
2024-10-03 00:00:00+05:30,4313.697930756293,4397.043806135714,4223.401920057558,4236.75537109375
2024-10-04 00:00:00+05:30,4229.358715952143,4303.17402899307,4169.790283333098,4226.03271484375
2024-10-07 00:00:00+05:30,4226.032803092736,4287.586851417801,4090.7133714083607,4135.935546875
2024-10-08 00:00:00+05:30,4130.077853605712,4358.224748822722,4115.185745960499,4336.87939453125
2024-10-09 00:00:00+05:30,4354.452196845516,4415.857416547833,4336.581667993892,4354.998046875
2024-10-10 00:00:00+05:30,4366.366243890833,4505.359257566303,4333.653051407407,4450.01025390625
2024-10-11 00:00:00+05:30,4453.732895659484,4482.524303143685,4399.476081612908,4414.16943359375
2024-10-14 00:00:00+05:30,4485.800607157223,4512.109998129096,4456.165699858936,4475.1279296875
2024-10-15 00:00:00+05:30,4491.460038233082,4564.828397695124,4466.094006681675,4542.490234375
2024-10-16 00:00:00+05:30,4585.776718749999,4642.962513690411,4566.913380872483,4622.7587890625
2024-10-17 00:00:00+05:30,4637.402350505879,4637.402350505879,4472.844559969302,4486.0986328125
2024-10-18 00:00:00+05:30,4461.278385290004,4526.207877097348,4391.434304095381,4492.15478515625
2024-10-21 00:00:00+05:30,4502.181753688145,4553.807726448792,4457.704186448161,4481.978515625
2024-10-22 00:00:00+05:30,4467.582810144735,4475.3265121485165,4259.589708421011,4270.7587890625
2024-10-23 00:00:00+05:30,4251.200309316873,4274.580724303294,4161.301813825028,4203.29736328125
2024-10-24 00:00:00+05:30,4203.793691583865,4253.632804619459,4154.947385702214,4166.96044921875
2024-10-25 00:00:00+05:30,4169.790165427892,4188.554124218492,4045.8877806068363,4135.6376953125
2024-10-28 00:00:00+05:30,4169.7900581877075,4188.554016495728,4068.722483542139,4118.90869140625
2024-10-29 00:00:00+05:30,4120.149897603155,4254.178870175788,4085.6004008032005,4243.75439453125
2024-10-30 00:00:00+05:30,4234.27341670007,4302.826562464341,4194.610573699087,4205.8291015625
2024-10-31 00:00:00+05:30,4205.531553566061,4239.485755767393,4165.3723059894255,4216.15478515625
2024-11-01 00:00:00+05:30,4239.087941814492,4264.652726932026,4226.429650154354,4257.1572265625
2024-11-04 00:00:00+05:30,4257.107885870387,4257.107885870387,4165.819068663488,4177.98095703125
2024-11-05 00:00:00+05:30,4169.790320736477,4249.214898274315,4100.293815390869,4231.294921875
2024-11-06 00:00:00+05:30,4245.243425028087,4388.2076563667315,4239.336028506098,4358.572265625
2024-11-07 00:00:00+05:30,4372.322743590551,4421.963101714876,4349.587556523435,4401.908203125
2024-11-08 00:00:00+05:30,4403.645584849666,4444.648811234957,4348.495341267044,4368.947265625
2024-11-11 00:00:00+05:30,4352.417559482264,4457.6051972884325,4315.931892860868,4411.73779296875
2024-11-12 00:00:00+05:30,4422.9562711260605,4436.855572539251,4190.639376077015,4212.9775390625
2024-11-13 00:00:00+05:30,4189.646338562886,4189.646338562886,4016.451172878118,4037.6474609375
2024-11-14 00:00:00+05:30,4050.653492592869,4154.89825159342,3892.1519155044325,4057.65283203125
2024-11-18 00:00:00+05:30,4159.8128299426335,4217.44509549674,4030.8470258713446,4048.51904296875
2024-11-19 00:00:00+05:30,4070.5096603784573,4118.859566593543,4010.9412263241384,4027.9677734375
2024-11-21 00:00:00+05:30,4043.1576936851593,4050.45492366822,3902.774850457595,3954.7978515625
2024-11-22 00:00:00+05:30,3963.2864370677353,4097.4147899453765,3959.4145858490797,4081.778076171875
2024-11-25 00:00:00+05:30,4249.214636588193,4288.033493422997,4200.815287631726,4259.09326171875
2024-11-26 00:00:00+05:30,4278.8005407265555,4376.641987186508,4270.113477190416,4333.15673828125
2024-11-27 00:00:00+05:30,4344.524505943476,4456.414076409602,4323.675553789724,4442.46484375
2024-11-28 00:00:00+05:30,4467.632655010997,4496.920469082736,4419.233301248378,4434.72119140625
2024-11-29 00:00:00+05:30,4426.92722064431,4466.639507889382,4388.902899514807,4444.64892578125
2024-12-02 00:00:00+05:30,4442.812130923435,4493.892254246955,4412.035108340501,4472.34814453125
2024-12-03 00:00:00+05:30,4487.488799359886,4512.3089807722745,4449.166342305324,4486.34716796875
2024-12-04 00:00:00+05:30,4572.721313156257,4593.719089281809,4457.704497703765,4488.8291015625
2024-12-05 00:00:00+05:30,4507.344719811521,4544.078586470778,4480.787127024085,4535.9873046875
2024-12-06 00:00:00+05:30,4551.425495253114,4577.933642941412,4517.273022542014,4526.853515625
2024-12-09 00:00:00+05:30,4528.193679126307,4613.525652626358,4518.265607038768,4585.72705078125
2024-12-10 00:00:00+05:30,4593.718903553985,4616.454091426478,4567.90591641493,4594.4140625
2024-12-11 00:00:00+05:30,4591.28637033025,4626.481579688542,4558.523732534172,4616.255859375
2024-12-12 00:00:00+05:30,4616.553421829632,4689.475303658444,4611.589385892181,4627.02734375
2024-12-13 00:00:00+05:30,4720.301798996449,4720.798202592936,4627.027369308856,4636.06201171875
2024-12-16 00:00:00+05:30,4658.350579982988,4665.20085244433,4617.6949328070705,4642.7138671875
2024-12-17 00:00:00+05:30,4642.366392611875,4682.078679973825,4572.274108464208,4589.3505859375
2024-12-18 00:00:00+05:30,4591.137625553507,4594.711828510501,4440.181481188692,4450.60595703125
2024-12-19 00:00:00+05:30,4367.805962738214,4410.993077251193,4343.531632052566,4353.55908203125
2024-12-20 00:00:00+05:30,4353.459689006506,4388.207941940423,4144.970171403002,4160.06103515625
2024-12-23 00:00:00+05:30,4208.509520328953,4219.281574889658,4120.149683737946,4195.60302734375
2024-12-24 00:00:00+05:30,4224.394749928719,4250.704141438263,4175.498994010037,4185.8740234375
2024-12-26 00:00:00+05:30,4202.552746772405,4214.466432801526,4164.826074346855,4198.7802734375
2024-12-27 00:00:00+05:30,4209.502461446791,4262.1212422148765,4172.967350972076,4202.900390625
2024-12-30 00:00:00+05:30,4208.50964678651,4219.430525794448,4020.869089286474,4051.69580078125
2024-12-31 00:00:00+05:30,4051.6957131878517,4168.697891689972,4051.646024352886,4148.2958984375
2025-01-01 00:00:00+05:30,4148.295871199571,4157.13175792131,4097.315126859215,4140.20458984375
2025-01-02 00:00:00+05:30,4149.934071999297,4211.488118043306,4147.899011158723,4205.33251953125
2025-01-03 00:00:00+05:30,4209.502515008322,4239.33617736859,4166.811805540076,4175.7470703125
2025-01-06 00:00:00+05:30,4187.660911215487,4189.646525682635,4040.7254406465227,4072.2470703125
2025-01-07 00:00:00+05:30,4079.941399387778,4168.79764838284,4075.5731444357084,4133.45361328125
2025-01-08 00:00:00+05:30,4140.998763079387,4151.621993852288,4070.509453038956,4080.23876953125
2025-01-09 00:00:00+05:30,4087.3872265599443,4103.619721170866,4028.0173077531094,4067.878662109375
2025-01-10 00:00:00+05:30,4065.5456254613678,4065.5456254613678,3952.3656007232494,3971.725341796875
2025-01-13 00:00:00+05:30,3871.9481600178183,3956.584975566926,3745.2164152726036,3761.001953125
2025-01-14 00:00:00+05:30,3777.631331882143,3846.085338683357,3752.8111523034167,3800.8134765625
2025-01-15 00:00:00+05:30,3826.2293145643666,3846.135147685342,3774.206313495813,3795.303466796875
2025-01-16 00:00:00+05:30,3849.113531636264,3916.227395610627,3832.2358091606857,3890.563232421875
2025-01-17 00:00:00+05:30,3905.703541907129,4112.207440411624,3854.2760802449607,4086.990234375
2025-01-20 00:00:00+05:30,4103.76877944263,4211.488366371269,4075.4737727378733,4157.38037109375
2025-01-21 00:00:00+05:30,4179.718436697226,4202.900582462667,4008.0124748114845,4021.66357421875
2025-01-22 00:00:00+05:30,4048.6678395907666,4048.6678395907666,3792.523577056579,3875.373291015625
2025-01-23 00:00:00+05:30,3875.3732229937273,3941.444590743687,3847.1775954193135,3894.3359375
2025-01-24 00:00:00+05:30,3911.6602900376383,3945.46542300079,3808.656545090581,3822.109130859375
2025-01-27 00:00:00+05:30,3789.5949282679258,3789.5949282679258,3629.7032736055153,3644.247802734375
2025-01-28 00:00:00+05:30,3649.4104695916003,3669.961530304017,3459.93311714097,3573.261962890625
2025-01-29 00:00:00+05:30,3592.9692695534177,3683.3147250741035,3551.8174594442617,3673.883056640625
2025-01-30 00:00:00+05:30,3698.2068714816946,3771.476092338569,3680.3860304705295,3751.96728515625
2025-01-31 00:00:00+05:30,3776.737932654159,3940.451741514318,3757.5767053888285,3908.4833984375
2025-02-01 00:00:00+05:30,3943.4303207274256,4023.69888229123,3655.168644311558,3747.797607421875
2025-02-03 00:00:00+05:30,3693.242813348508,3703.170885427402,3487.7317213154056,3503.169921875
2025-02-04 00:00:00+05:30,3574.1058748491855,3712.00669623329,3554.2497311000234,3702.922607421875
2025-02-05 00:00:00+05:30,3737.919151930961,3826.080480804016,3723.027043755937,3789.843017578125
2025-02-06 00:00:00+05:30,3802.451728842407,3818.3366446809137,3721.0912240089747,3744.76953125
2025-02-07 00:00:00+05:30,3767.7032874931037,3806.7206585519616,3721.6371308132866,3791.3818359375
2025-02-10 00:00:00+05:30,3790.537933109213,3821.3149566624834,3726.601245649152,3759.413330078125
2025-02-11 00:00:00+05:30,3766.7105248563585,3767.5545079319913,3591.1324742069983,3623.2001953125
2025-02-12 00:00:00+05:30,3612.8750396565633,3632.234779788742,3445.0906251776855,3568.2978515625
2025-02-13 00:00:00+05:30,3588.9979542559327,3704.659990679395,3585.0764143734236,3633.97216796875
2025-02-14 00:00:00+05:30,3673.3867954779403,3691.1579481562853,3455.8626317972926,3488.4267578125
2025-02-17 00:00:00+05:30,3463.9043354646906,3524.4158860839566,3370.5804582695973,3450.699951171875
2025-02-18 00:00:00+05:30,3475.699951171875,3499.89990234375,3303.0,3344.60009765625
2025-02-19 00:00:00+05:30,3303.0,3431.89990234375,3275.14990234375,3363.75
2025-02-20 00:00:00+05:30,3355.0,3424.0,3320.5,3408.550048828125
2025-02-21 00:00:00+05:30,3408.300048828125,3475.60009765625,3355.050048828125,3368.5
2025-02-24 00:00:00+05:30,3350.0,3357.949951171875,3294.050048828125,3350.39990234375
2025-02-25 00:00:00+05:30,3350.5,3377.050048828125,3270.0,3287.39990234375
2025-02-27 00:00:00+05:30,3300.0,3316.699951171875,3230.0,3242.64990234375
2025-02-28 00:00:00+05:30,3202.0,3224.800048828125,3080.0,3088.199951171875
2025-03-03 00:00:00+05:30,3096.0,3204.949951171875,3046.050048828125,3187.050048828125
2025-03-04 00:00:00+05:30,3162.0,3330.0,3108.949951171875,3311.14990234375
2025-03-05 00:00:00+05:30,3313.0,3435.949951171875,3295.949951171875,3424.5
2025-03-06 00:00:00+05:30,3472.0,3497.0,3405.25,3417.699951171875
2025-03-07 00:00:00+05:30,3418.64990234375,3502.0,3371.64990234375,3452.050048828125
2025-03-10 00:00:00+05:30,3452.050048828125,3538.949951171875,3410.0,3417.89990234375
2025-03-11 00:00:00+05:30,3390.64990234375,3471.0,3355.0,3459.85009765625
2025-03-12 00:00:00+05:30,3470.0,3494.25,3388.25,3415.39990234375
2025-03-13 00:00:00+05:30,3435.0,3485.60009765625,3390.85009765625,3396.14990234375
2025-03-17 00:00:00+05:30,3400.0,3484.0,3399.0,3439.89990234375
2025-03-18 00:00:00+05:30,3439.89990234375,3439.89990234375,3439.89990234375,3439.89990234375
2025-03-19 00:00:00+05:30,3600.0,3772.39990234375,3577.550048828125,3740.64990234375
2025-03-20 00:00:00+05:30,3789.0,3848.0,3704.14990234375,3818.949951171875
2025-03-21 00:00:00+05:30,3849.0,3947.449951171875,3812.5,3891.25
2025-03-24 00:00:00+05:30,3953.0,4158.0,3940.199951171875,4129.7998046875
2025-03-25 00:00:00+05:30,4200.39990234375,4215.0,4000.800048828125,4012.449951171875
2025-03-26 00:00:00+05:30,4035.0,4185.0,3971.050048828125,4128.2998046875
2025-03-27 00:00:00+05:30,4150.0,4209.0,4120.7001953125,4160.9501953125
2025-03-28 00:00:00+05:30,4198.10009765625,4294.0,4161.35009765625,4177.4501953125
2025-04-01 00:00:00+05:30,4400.0,4444.9501953125,4207.0498046875,4223.7001953125
